entity_id,name,url_key,is_active,parent_id,path,level,description
1,Root Catalog,,,0,1,0,
3,Default Category,default-category,1,1,1/3,1,"<div data-content-type=""html"" data-appearance=""default"" data-element=""main"">&lt;p&gt;Camouflage kilts have a class of their own. They can be transformed into beautiful and classy kilts so we did it elegantly. We have designed our camo kilts for men in a way you would love and prefer. Choose your kilts with confidence on&amp;nbsp;your best kilt store "" The Utility Kilt""&lt;br&gt;Choose the waist size and we will make a &lt;strong&gt;perfect Camo kilt&lt;/strong&gt; for you to be confident and bold.&lt;/p&gt;
&lt;p&gt;&amp;nbsp;&lt;/p&gt;
&lt;p&gt;The Utility Kilt is offering&amp;nbsp;the best quality at a cheap rate&lt;strong&gt; &lt;a href=""https://theutilitykilt.com/urban-camo-tactical-utility-kilt.html"" target=""_blank"" rel=""noopener""&gt;Camouflage Kilts&lt;/a&gt;, &lt;/strong&gt;Camouflage kilt also know as&amp;nbsp;&lt;strong&gt;&amp;nbsp;&lt;/strong&gt;Camo Kilts, and TUK Camo Kilts are made with high-quality printed Camouflage cloth. These kilts are particular types of printed kilts. Camo Kilt best for hunting purposes or for highlands games.&amp;nbsp;&lt;/p&gt;</div>"
4,Outfits,kilt-outfits,1,3,1/3/4,2,"<style>#html-body [data-pb-style=C9EQY74]{justify-content:flex-start;display:flex;flex-direction:column;background-position:left top;background-size:cover;background-repeat:no-repeat;background-attachment:scroll}</style><div data-content-type=""row"" data-appearance=""contained"" data-element=""main""><div data-enable-parallax=""0"" data-parallax-speed=""0.5"" data-background-images=""{}"" data-background-type=""image"" data-video-loop=""true"" data-video-play-only-visible=""true"" data-video-lazy-load=""true"" data-video-fallback-src="""" data-element=""inner"" data-pb-style=""C9EQY74""></div></div>"
5,Jackets,kilt-jackets,1,3,1/3/5,2,"<style>#html-body [data-pb-style=MU3FAKM]{justify-content:flex-start;display:flex;flex-direction:column;background-position:left top;background-size:cover;background-repeat:no-repeat;background-attachment:scroll}</style><div data-content-type=""row"" data-appearance=""contained"" data-element=""main""><div data-enable-parallax=""0"" data-parallax-speed=""0.5"" data-background-images=""{}"" data-background-type=""image"" data-video-loop=""true"" data-video-play-only-visible=""true"" data-video-lazy-load=""true"" data-video-fallback-src="""" data-element=""inner"" data-pb-style=""MU3FAKM""><div data-content-type=""text"" data-appearance=""default"" data-element=""main""><p>A kilt looks good for everyday wear, but when it comes to attending an event, the simple kilt shirt can feel too plain. A kilt jacket changes the whole outfit's look and feel the moment it settles on your shoulders. Adding a jacket to your kilt gives you a neat and clean look. At The Utility Kilt™, we make custom kilt jackets that complete your outfit and help you feel confident in the way you look.</p></div></div></div>"
6,Sporrans,sporrans,1,48,1/3/48/6,3,"<div data-content-type=""html"" data-appearance=""default"" data-element=""main"">&lt;p&gt;No kilt outfit is complete without the iconic sporran. This traditional accessory will stand out on any kind of kilt and makes the entire kilt outfit standout. This small accessory is a classic item which has been used since kilts have been around. We have a big variety of sporrans including very traditionally styled sporrans and more modern versions as well. These items are made with a variety of materials ranging from natural animal hides to classic leathers and decorated with silverware. Choose from our wide range of sporrans and find yourself the perfect match for your traditional, utility or tartan kilt outfit. &lt;/p&gt;
</div>"
8,Bagpipes,bagpipes-for-sale,1,100,1/3/48/100/8,4,"<style>#html-body [data-pb-style=RUD55EV]{justify-content:flex-start;display:flex;flex-direction:column;background-position:left top;background-size:cover;background-repeat:no-repeat;background-attachment:scroll}</style><div data-content-type=""row"" data-appearance=""contained"" data-element=""main""><div data-enable-parallax=""0"" data-parallax-speed=""0.5"" data-background-images=""{}"" data-background-type=""image"" data-video-loop=""true"" data-video-play-only-visible=""true"" data-video-lazy-load=""true"" data-video-fallback-src="""" data-element=""inner"" data-pb-style=""RUD55EV""><div data-content-type=""text"" data-appearance=""default"" data-element=""main""><p>At The Utility Kilt™, you will feel real craftsmanship in every bagpipe we make. We make each set from seasoned rosewood and finish it with tartan wraps that hold true Scottish craftsmanship. When you lift a pipe set, you feel the emotion of tradition and the comfort of something made with care. Our bagpipes collection gives you that same experience. If you’re looking for authentic bagpipes from Scotland, you’re in the right place.</p></div></div></div>"
9,Kilts,kilts,1,3,1/3/9,2,"<div data-content-type=""html"" data-appearance=""default"" data-element=""main"">&lt;p&gt;We offering top-quality modern custom-made Kilts. Our quality kilts are tailor-made to give you a modern look. We specialize in manufacturing a customized and perfect-fitting kilt that will fit your budget. Our kilts are as perfect as you are. &lt;br&gt;Our impressive selection of kilts allow our esteemed customers to be as creative as they want with their personalized kilts. Down to choose the color, design, pattern, and measurements, the choice is yours! Browse through our collection now. We have a wide range of &lt;span style=""text-decoration: underline;""&gt;&lt;a title=""Mens Utility Kilts"" href=""https://theutilitykilt.com/mens-utility-kilt""&gt;Mens Utility Kilts&lt;/a&gt;&lt;/span&gt;, &lt;span style=""text-decoration: underline;""&gt;&lt;a title=""Tartan kilts"" href=""https://theutilitykilt.com/tartan-kilt-men""&gt;Tartan kilts&lt;/a&gt;&lt;/span&gt;, &lt;span style=""text-decoration: underline;""&gt;&lt;a title=""Leather kilts"" href=""https://theutilitykilt.com/leather-kilt-mens""&gt;Leather kilts&lt;/a&gt;&lt;/span&gt;, and &lt;span style=""text-decoration: underline;""&gt;&lt;a title=""Hybrid kilts"" href=""https://theutilitykilt.com/hybrid-kilt""&gt;Hybrid kilts&lt;/a&gt;&lt;/span&gt;.&amp;nbsp;&lt;/p&gt;</div>"
10,Kilts For Men ,mens-kilts,1,9,1/3/9/10,3,"<style>#html-body [data-pb-style=XMXTGGW]{justify-content:flex-start;display:flex;flex-direction:column;background-position:left top;background-size:cover;background-repeat:no-repeat;background-attachment:scroll}</style><div data-content-type=""row"" data-appearance=""contained"" data-element=""main""><div data-enable-parallax=""0"" data-parallax-speed=""0.5"" data-background-images=""{}"" data-background-type=""image"" data-video-loop=""true"" data-video-play-only-visible=""true"" data-video-lazy-load=""true"" data-video-fallback-src="""" data-element=""inner"" data-pb-style=""XMXTGGW""></div></div>"
11,Womens Kilts,women-kilts,1,9,1/3/9/11,3,"<style>#html-body [data-pb-style=RVV9CPD],#html-body [data-pb-style=TYML8QD]{justify-content:flex-start;display:flex;flex-direction:column;background-position:left top;background-size:cover;background-repeat:no-repeat;background-attachment:scroll}</style><div data-content-type=""row"" data-appearance=""contained"" data-element=""main""><div data-enable-parallax=""0"" data-parallax-speed=""0.5"" data-background-images=""{}"" data-background-type=""image"" data-video-loop=""true"" data-video-play-only-visible=""true"" data-video-lazy-load=""true"" data-video-fallback-src="""" data-element=""inner"" data-pb-style=""RVV9CPD""><div data-content-type=""text"" data-appearance=""default"" data-element=""main""><p>Kilts for women have stepped out of the past and found a strong place in modern style. Many women now choose women's Scottish kilts because they want clothing that holds its shape, sits well on the waist, and stays comfortable through the day. At The Utility Kilt™, we offer a wide range of short kilt designs and mini skirts that are made from breathable fabric that sit smoothly on your waist and hold their shape through a full day. The fabric follows your stride with ease, so the kilt never weighs you down. Since we cut each piece to your measurements, the fit feels natural and secure the moment you wear it.</p>
<p>&nbsp;</p></div></div></div><div data-content-type=""row"" data-appearance=""contained"" data-element=""main""><div data-enable-parallax=""0"" data-parallax-speed=""0.5"" data-background-images=""{}"" data-background-type=""image"" data-video-loop=""true"" data-video-play-only-visible=""true"" data-video-lazy-load=""true"" data-video-fallback-src="""" data-element=""inner"" data-pb-style=""TYML8QD""></div></div>"
12,Kilt for Kids,baby-kilts,1,9,1/3/9/12,3,"<div data-content-type=""html"" data-appearance=""default"" data-element=""main"">&lt;p&gt;Kilts are the most loved traditional Scottish outfit by the men and women of all ages. Even babies now a day's love to wear the traditional baby kilts to look classy at school or playground. That is why we the utility kilt has designed the traditional utility kilts &amp;amp; tartan kilts for your little champs. &lt;br /&gt;We designed our utility kilts for babies with the view in mind of their daily little activities from studying and playing in the ground. We make sure they feel comfortable in our special designed baby kilts.&lt;/p&gt;</div>"
13,Casual Kilt Outfits,casual-kilt-outfits,1,4,1/3/4/13,3,"<style>#html-body [data-pb-style=PSWE3RO]{justify-content:flex-start;display:flex;flex-direction:column;background-position:left top;background-size:cover;background-repeat:no-repeat;background-attachment:scroll}</style><div data-content-type=""row"" data-appearance=""contained"" data-element=""main""><div data-enable-parallax=""0"" data-parallax-speed=""0.5"" data-background-images=""{}"" data-background-type=""image"" data-video-loop=""true"" data-video-play-only-visible=""true"" data-video-lazy-load=""true"" data-video-fallback-src="""" data-element=""inner"" data-pb-style=""PSWE3RO""><div data-content-type=""text"" data-appearance=""default"" data-element=""main""><p>The Utility Kilt ™ offers complete outfits shaped for every occasion. Every casual kilt outfit we make is crafted from breathable fabric that stays comfortable through long hours. We design each outfit in a way that maintains great looks without appearing too stiff or too rigid. The set arrives ready to wear. They aren’t kilts that only come in the “one size fits all” category, but instead, are constructed according to your measurements.</p>
<p>&nbsp;</p></div></div></div>"
14,Argyll Kilt Outfits,argyll-kilt-outfits,1,4,1/3/4/14,3,"<style>#html-body [data-pb-style=TYBQB09]{justify-content:flex-start;display:flex;flex-direction:column;background-position:left top;background-size:cover;background-repeat:no-repeat;background-attachment:scroll}</style><div data-content-type=""row"" data-appearance=""contained"" data-element=""main""><div data-enable-parallax=""0"" data-parallax-speed=""0.5"" data-background-images=""{}"" data-background-type=""image"" data-video-loop=""true"" data-video-play-only-visible=""true"" data-video-lazy-load=""true"" data-video-fallback-src="""" data-element=""inner"" data-pb-style=""TYBQB09""><div data-content-type=""text"" data-appearance=""default"" data-element=""main""><p>People struggle to style a kilt for a semi-formal Highland look that feels easy to wear. The Utility Kilt™ solves this problem by offering the Argyll kilt outfit, which offers a structured look with a more relaxed feel than a Prince Charlie outfit. The Argyll kilt outfit comes with all the accessories to complete your look that works well for both daytime events and evening functions.&nbsp;</p></div></div></div>"
15,Prince Charlie Kilt Outfits,prince-charlie-kilt-outfits,1,4,1/3/4/15,3,"<style>#html-body [data-pb-style=VJE2E5A]{justify-content:flex-start;display:flex;flex-direction:column;background-position:left top;background-size:cover;background-repeat:no-repeat;background-attachment:scroll}</style><div data-content-type=""row"" data-appearance=""contained"" data-element=""main""><div data-enable-parallax=""0"" data-parallax-speed=""0.5"" data-background-images=""{}"" data-background-type=""image"" data-video-loop=""true"" data-video-play-only-visible=""true"" data-video-lazy-load=""true"" data-video-fallback-src="""" data-element=""inner"" data-pb-style=""VJE2E5A""><div data-content-type=""text"" data-appearance=""default"" data-element=""main""><p>The Utility Kilt™ understands that finding an outfit suitable for formal occasions can be frustrating. The Prince Charlie outfit solved this problem by providing an entire kilt outfit that includes all necessary items. The package includes a shirt and jackets plus a kilt and all required accessories which create the ideal formal evening outfit. Our Prince Charlie outfits are custom-made to fit your specific body measurements because each piece is crafted by hand.</p></div></div></div>"
16,Prince Charlie Jackets,prince-charlie-jackets,1,5,1/3/5/16,3,"<div data-content-type=""html"" data-appearance=""default"" data-element=""main"">&lt;p&gt;Having hard time finding the perfect Prince Charlie jacket for you to match with your kilt outfit? We got you here. Find a perfect fit Prince Charlie jacket here with an exact size measurements of your shoulders, chest and waist.&lt;/p&gt;</div>"
17,Argyle Kilt Jacket,argyle-kilt-jacket,1,5,1/3/5/17,3,"<div data-content-type=""html"" data-appearance=""default"" data-element=""main"">&lt;p&gt;Kilt outfit hunting can be tricky specially when trying to get an argyle kilt jacket. Argyle Jackets look stunning when wearing with kilts and it's a beautiful combination with no doubts. Argyle kilt jacket and a traditional kilts combo makes a perfect traditional dress outfit suitable for any occasion.&lt;/p&gt;</div>"
18,Dress Sporrans,dress-sporrans,1,6,1/3/48/6/18,4,"<div data-content-type=""html"" data-appearance=""default"" data-element=""main"">&lt;p&gt;Designed to be worn with formal kilt attires these classic sporrans are made with different kinds of leathers and hides. There is a wide variety of colors and designs to best suit the rest of your attire. These sporrans are handmade and use only the best quality materials in their construction. Having a classic sporran on with your kilt will definitely create a much more authentic look and they are quite handy too for kilts which have no pockets. &lt;/p&gt;</div>"
19,Leather Sporrans,leather-sporrans,1,6,1/3/48/6/19,4,"<div data-content-type=""html"" data-appearance=""default"" data-element=""main"">&lt;p&gt;Using the hide and leather from different animals, each leather sporran is unique. Some use cow hide and have a firm leather whereas other leathers such as sheep leather is very soft and malleable. The fur of different animals is also used to decorate the sporran which could be light or dark colored fur. If you are looking for a sporran which has both style and durability, then there is nothing better than a leather sporran. &lt;/p&gt;</div>"
20,Horse Hair Sporrans,horse-hair-sporrans,1,6,1/3/48/6/20,4,"<div data-content-type=""html"" data-appearance=""default"" data-element=""main"">&lt;p&gt;For those looking for a truly unique sporran the horse hair sporran is a great choice. These are made with authentic horse hair and quality materials. Available in both light and dark colors these sporrans are also a little larger than the regular sporrans. Featuring stylish silver chains and metal mouthpieces these sporrans work well with formal outfits and casual ones too. Have a look at our range of original horse hair sporrans and see which one works best for you. &lt;/p&gt;</div>"
21,Scottish Hats,scottish-hats,1,48,1/3/48/21,3,"<div data-content-type=""html"" data-appearance=""default"" data-element=""main""></div>"
22,Kilt Pins,kilt-pins,1,48,1/3/48/22,3,"<div data-content-type=""html"" data-appearance=""default"" data-element=""main"">&lt;p&gt;Kilt pins are a great addition to any kind of kilt. They are generally used to decorate the front apron of the kilt either near the top or near the bottom portion by your knees. You can wear the kilt pins just for style or they can be used to tie the apron to the inner sleeve of the kilt. Available in many styles pick the one which suits your needs&lt;/p&gt;</div>"
23,Kilt Ties,kilt-ties,1,48,1/3/48/23,3,"<div data-content-type=""html"" data-appearance=""default"" data-element=""main"">&lt;p&gt;If you are going for formal look with your kilt outfit, then having a matching tie is the best accessory you can go for. We have a range of both long ties and bow ties in a variety of color schemes in the traditional checkered patter to match your kilt. These are high quality hand crafted ties and are bound to look great with the overall kilt outfit. &lt;/p&gt;</div>"
24,Kilt Buckle,kilt-buckle,1,48,1/3/48/24,3,"<div data-content-type=""html"" data-appearance=""default"" data-element=""main"">&lt;p&gt;These traditional style belts with classic buckles designs can come in handy for a variety of different kilts. Whether you are wearing a modern kilt or utility kilt which has belt loops and space for a belt or you are wearing a traditional style tartan kilt which is generally worn without a belt you can still use one to fasten the kilt. There are multiple designs to choose from depending on which one suits your style. &lt;/p&gt;</div>"
25,Fly Plaid,fly-plaid,1,48,1/3/48/25,3,"<div data-content-type=""html"" data-appearance=""default"" data-element=""main"">&lt;p&gt;What was known in the past as the great kilt, was a much larger version of the modern kilt. Constructed with 9 yards of fabric it was wrapped around the body and portion of the fabric was brought up to the shoulder and tied on to the front of the shoulder. Over time this shoulder piece separated from the kilt and developed in to what we call the fly plaid today. If you want a great kilt look then the addition of a fly plaid to your outfit is what you need. &lt;/p&gt;</div>"
26,Brooches,fly-plaid-brooches,1,48,1/3/48/26,3,"<div data-content-type=""html"" data-appearance=""default"" data-element=""main"">&lt;style type=""text/css""&gt;&lt;!--td {border: 1px solid #cccccc;}br {mso-data-placement:same-cell;}--&gt;&lt;/style&gt;
&lt;p&gt;&lt;span data-sheets-value=""{&amp;quot;1&amp;quot;:2,&amp;quot;2&amp;quot;:&amp;quot;Fly plaid brooch is a badge, used to hold the fly plaid. Brooch settled on the top of front left shoulder of Kilt. Get kilt brooch from The Utility Kilt online store&amp;quot;}"" data-sheets-userformat=""{&amp;quot;2&amp;quot;:513,&amp;quot;3&amp;quot;:{&amp;quot;1&amp;quot;:0},&amp;quot;12&amp;quot;:0}""&gt;Fly plaid brooch is a badge, used to hold the fly plaid. Brooch settled on the top of front left shoulder of Kilt. Get kilt brooch from The Utility Kilt online store&lt;/span&gt;&lt;/p&gt;</div>"
27,Kilt Shoes,shoes,1,48,1/3/48/27,3,"<style>#html-body [data-pb-style=OQIX7GJ]{justify-content:flex-start;display:flex;flex-direction:column;background-position:left top;background-size:cover;background-repeat:no-repeat;background-attachment:scroll}</style><div data-content-type=""row"" data-appearance=""contained"" data-element=""main""><div data-enable-parallax=""0"" data-parallax-speed=""0.5"" data-background-images=""{}"" data-background-type=""image"" data-video-loop=""true"" data-video-play-only-visible=""true"" data-video-lazy-load=""true"" data-video-fallback-src="""" data-element=""inner"" data-pb-style=""OQIX7GJ""><div data-content-type=""text"" data-appearance=""default"" data-element=""main""><p dir=""ltr"" style=""line-height: 1.38; margin-top: 12pt; margin-bottom: 12pt;""><span style=""font-size: 11pt; font-family: 'Noto Sans Nandinagari', sans-serif; color: #000000; background-color: transparent; font-variant-numeric: normal; font-variant-east-asian: normal; font-variant-alternates: normal; font-variant-position: normal; font-variant-emoji: normal; vertical-align: baseline; white-space-collapse: preserve;"">Regular shoes work well with most outfits, but kilts require something different to a</span><span style=""font-size: 11pt; font-family: 'Noto Sans Nandinagari', sans-serif; color: #000000; font-variant-numeric: normal; font-variant-east-asian: normal; font-variant-alternates: normal; font-variant-position: normal; font-variant-emoji: normal; vertical-align: baseline; white-space-collapse: preserve;"">chieve their proper appearance.</span><span style=""font-size: 11pt; font-family: 'Noto Sans Nandinagari', sans-serif; color: #000000; background-color: transparent; font-variant-numeric: normal; font-variant-east-asian: normal; font-variant-alternates: normal; font-variant-position: normal; font-variant-emoji: normal; vertical-align: baseline; white-space-collapse: preserve;""> </span><span style=""font-size: 11pt; font-family: 'Noto Sans Nandinagari', sans-serif; color: #000000; font-variant-numeric: normal; font-variant-east-asian: normal; font-variant-alternates: normal; font-variant-position: normal; font-variant-emoji: normal; vertical-align: baseline; white-space-collapse: preserve;"">Kilt needs shoes that match its dimensions and exterior form while allowing comfortable movement. The Utility Kilt™ ghillie brogue shoes deliver essential comfort and stability. These shoes are designed to complete the entire outfit.</span></p>
<p><span id=""docs-internal-guid-2a341d2a-7fff-3c25-4671-8fce7f5f65d2""></span></p></div></div></div>"
28,Kilt Shirt,kilt-shirts,1,48,1/3/48/28,3,"<style>#html-body [data-pb-style=GPL79KE]{justify-content:flex-start;display:flex;flex-direction:column;background-position:left top;background-size:cover;background-repeat:no-repeat;background-attachment:scroll}</style><div data-content-type=""row"" data-appearance=""contained"" data-element=""main""><div data-enable-parallax=""0"" data-parallax-speed=""0.5"" data-background-images=""{}"" data-background-type=""image"" data-video-loop=""true"" data-video-play-only-visible=""true"" data-video-lazy-load=""true"" data-video-fallback-src="""" data-element=""inner"" data-pb-style=""GPL79KE""><div data-content-type=""text"" data-appearance=""default"" data-element=""main""><p>A regular shirt when tucked into a kilt often bunches or loses shape. Jacobite shirts fall at the right length and keep a clean line that sits properly on the waist. However, its design allows them to maintain their original shape during the entire day. The Utility Kilt™ manufacturer kilt shirts to complement both traditional and modern utility kilts with the same focus on fitting and durability.</p></div></div></div>"
29,Flashes,kilt-flashes,1,48,1/3/48/29,3,"<style>#html-body [data-pb-style=GY1C7J3]{justify-content:flex-start;display:flex;flex-direction:column;background-position:left top;background-size:cover;background-repeat:no-repeat;background-attachment:scroll}</style><div data-content-type=""row"" data-appearance=""contained"" data-element=""main""><div data-enable-parallax=""0"" data-parallax-speed=""0.5"" data-background-images=""{}"" data-background-type=""image"" data-video-loop=""true"" data-video-play-only-visible=""true"" data-video-lazy-load=""true"" data-video-fallback-src="""" data-element=""inner"" data-pb-style=""GY1C7J3""><div data-content-type=""text"" data-appearance=""default"" data-element=""main""><p>Kilt flashes are one of those decorative details, used mainly for formal Highland dress to enhance balance, coordination, and overall presentation. Made from acrylic wool and finished in traditional clan tartans, they add a subtle visual lift that suits ceremonial and formal attire. We use elastic that is firm enough to hold the kilt hose securely in place, yet soft enough to sit comfortably without digging into the leg, even during long periods of wear.</p></div></div></div>"
30,Kilt Socks,kilt-socks,1,48,1/3/48/30,3,"<style>#html-body [data-pb-style=KS2X0MJ]{justify-content:flex-start;display:flex;flex-direction:column;background-position:left top;background-size:cover;background-repeat:no-repeat;background-attachment:scroll}</style><div data-content-type=""row"" data-appearance=""contained"" data-element=""main""><div data-enable-parallax=""0"" data-parallax-speed=""0.5"" data-background-images=""{}"" data-background-type=""image"" data-video-loop=""true"" data-video-play-only-visible=""true"" data-video-lazy-load=""true"" data-video-fallback-src="""" data-element=""inner"" data-pb-style=""KS2X0MJ""><div data-content-type=""text"" data-appearance=""default"" data-element=""main""><p>“The Utility Kilt™” is a trusted name in Highlandwear, and our kilt socks are given the same care as every other part of our outfit. We knit every pair to stay steady on your leg, soft against the skin and even in color so that it goes seamlessly with your kilt and flashes.&nbsp;</p></div></div></div>"
31,Leather Belts,leather-belts,0,48,1/3/48/31,3,Leather Belts
32,Mens Utility Kilts,mens-utility-kilt,1,10,1/3/9/10/32,4,"<div data-content-type=""html"" data-appearance=""default"" data-element=""main"">&lt;p&gt;We are one of the leading online utility kilt stores for men. We have perfected the art of the modern work kilt. We craft every utility kilt with pockets from breathable, heavy-duty 100% cotton in a versatile range of plain colors like black, blue, and red. Every men's utility kilt we sell is hand-made and tailored to your exact measurements, ensuring it fits flawlessly.&lt;/p&gt;
</div>"
33,Hybrid Kilt Mens,hybrid-kilt,1,10,1/3/9/10/33,4,"<div data-content-type=""html"" data-appearance=""default"" data-element=""main"">&lt;p&gt;Have a hard time choosing between Utility Kilts and Tartan Kilts? Well, you can choose both with our high-quality&lt;strong&gt; hybrid kilt&lt;/strong&gt;. We have designed several designs and patterns for you to wear at any time. Whether you are at work or home even at a wedding or party. Our kilts are made with cotton and tartan. We use quality fabric and acrylic wool for the design and pattern of our state-of-the-art kilts. Available in so many varieties of colors and patterns that you will love. Choose one now&lt;/p&gt;</div>"
34,Modern Kilt Mens,modern-kilt-mens,0,10,1/3/9/10/34,4,"<p>The utility kilt gave a high value to your fashion. That's why we manufacture our <strong>modern kilts for men</strong> keeping in view the trends and fashion statements according to the recent times. You can choose what kind of kilt you want and we will get it for you according to the newest and modern standards. We also, keep in mind the work nature of yours, whether its long sitting job or a rough job, we tailor our modern utility kilts to make your job more comfortable. Give a buzz today and we will get you a modern utility kilt tailored made for you.</p>"
35,Traditional Kilt Mens,traditional-kilt-mens,0,10,1/3/9/10/35,4,"<p>The kilt is&nbsp;the symbol of Scottish culture and tradition. The Utility Kilt gives high value to traditions and culture, that's why we tailor <strong>traditional kilts </strong>keeping in mind the traditional <strong>Scottish kilts</strong> and cultural fashion. We don't just manufacture the traditional kilts but also we try to make our kilts comfortable keeping in mind the nature of your job and classy nature. <br>Our traditional kilts for men are just perfect for you to keep you easy and comfortable in every moment whether you are on job, at a party, or even on a playing field. So Just let us know your requirement and we will get a perfect traditional kilt for you.</p>"
36,Leather Kilt Mens,leather-kilt-mens,1,10,1/3/9/10/36,4,"<style>#html-body [data-pb-style=R27BF0O]{justify-content:flex-start;display:flex;flex-direction:column;background-position:left top;background-size:cover;background-repeat:no-repeat;background-attachment:scroll}</style><div data-content-type=""row"" data-appearance=""contained"" data-element=""main""><div data-enable-parallax=""0"" data-parallax-speed=""0.5"" data-background-images=""{}"" data-background-type=""image"" data-video-loop=""true"" data-video-play-only-visible=""true"" data-video-lazy-load=""true"" data-video-fallback-src="""" data-element=""inner"" data-pb-style=""R27BF0O""><div data-content-type=""text"" data-appearance=""default"" data-element=""main""><p>A leather kilt gives you a sense of power the moment you wear it and grows richer with time. It is because the strength of the material lifts your confidence and sharpens your presence. While its structure stays true to classic Scottish design. At The Utility Kilt™, we shape this form with purpose. We focus on comfort, movement, and style that feels natural. So, the kilt gives you a look that stands apart from everyday outfits and speaks to men who enjoy bold clothing with real character.</p>
<p>&nbsp;</p></div></div></div>"
37,Womens Utility Kilt,women-utility-kilt,1,11,1/3/9/11/37,4,"<div data-content-type=""html"" data-appearance=""default"" data-element=""main"">&lt;p&gt;Our utility kilts for women are hand crafted to the highest standards to ensure that the kilt which reaches you is of exceptional quality. Our women's utility kilts come in a variety of styles and patterns to express yourself with the personality and class of this traditional dress. &lt;br /&gt;Modern and trendy utility kilts for women are out now. Get yours now.&lt;/p&gt;</div>"
38,Womens Tartan Kilt,women-tartan-kilt,1,11,1/3/9/11/38,4,"<div data-content-type=""html"" data-appearance=""default"" data-element=""main"">&lt;p&gt;Women Tartan Kilts are made in Traditional style with premium quality fabric. Tartan Fabric is special in Scottish culture and heritage. In the past days, tartan kilts were worn by men only but nowadays women also wear the traditional tartan skirt &amp;amp; kilt.&lt;/p&gt;
&lt;p&gt;&lt;br&gt;That's why we have designed the special women tartan kilts to be a part of this traditional fabric. Made with high-quality acrylic wool, our women's tartan kilts are of high standards and style to keep you elegant and stylish at the same time. Women Tartan Skirt is comfortable to wear and stylish to match modern standards.&lt;/p&gt;</div>"
39,Utility Kilts Kids,baby-utility-kilt,1,12,1/3/9/12/39,4,"<div data-content-type=""html"" data-appearance=""default"" data-element=""main"">&lt;p&gt;Kids utility kilt can be a great option for your kid to wear utility kilts while playing with other kids or on other special places. The utility kilts for babies or kids are made with care and measures so that your kid feel comfortable while playing or studying or even attending any special functions.&lt;br /&gt;Plenty of choices available for you while looking for a perfect baby kilt. With a lot of options of pockets and styling. We are sure that our custom made kilts for kids are just made for your little champions.&lt;br /&gt;Have a look on these beautiful baby utility kilts.&lt;/p&gt;</div>"
40,Tartan Kilt Kids,baby-tartan-kilt,1,12,1/3/9/12/40,4,"<div data-content-type=""html"" data-appearance=""default"" data-element=""main"">&lt;p&gt;With our customized tartan baby kilt, your kid can match the dressing with mom and dad with all the comfort and style. Our tartan kilts for babies are just perfect for your young ones as our tartan kilts are perfect for the adults. Made with high quality acrylic yarn, we made our tartan baby kilts comfortable and perfect fit for your little champions.&lt;/p&gt;</div>"
41,Hybrid Kilt for Women,hybrid-kilt-for-women,1,11,1/3/9/11/41,4,"<div data-content-type=""html"" data-appearance=""default"" data-element=""main"">&lt;p&gt;Kilts, no doubt are becoming the most favorite dress among the women and this trend is going to become more popular. Choosing a kilt can be tricky whether to go for utility kilt or tartan kilt. But with The Utility Kilt shop you don't have to choose in between. In fact you can keep both. We have designed high quality hybrid kilts for women to keep you trendy and classy at the same time. We have combined both utility kilts and traditional tartan kilts together to make a masterpiece hybrid kilt for women. &lt;br /&gt;With the hybrid kilt and skirts for women, You can enjoy every moment of life whether on job or a party.&lt;/p&gt;</div>"
42,Cargo Kilt Mens,cargo-kilt,0,10,1/3/9/10/42,4,"<p>Feeling confused about which kilt to wear on the job and playing field? Here is the solution for you. Our specially designed cargo kilt is made to keep you stand tall whether you are on job or a playing field with the comfort and ease of regular kilt. <br>Focused on durability as well as class and beauty, we have designed our kilt who want to do something different. Made with the highest standard of fabric and the top-notch design patterns make our kilts stand out among others.<br>Your satisfaction is what we care for. We keep in mind your comfort and class of yours. That’s why we make kilts which are perfect for you.</p>"
43,Denim Kilt Mens,denim-kilt-mens,1,10,1/3/9/10/43,4,"<style>#html-body [data-pb-style=R6WCB5Q]{justify-content:flex-start;display:flex;flex-direction:column;background-position:left top;background-size:cover;background-repeat:no-repeat;background-attachment:scroll}</style><div data-content-type=""row"" data-appearance=""contained"" data-element=""main""><div data-enable-parallax=""0"" data-parallax-speed=""0.5"" data-background-images=""{}"" data-background-type=""image"" data-video-loop=""true"" data-video-play-only-visible=""true"" data-video-lazy-load=""true"" data-video-fallback-src="""" data-element=""inner"" data-pb-style=""R6WCB5Q""><div data-content-type=""text"" data-appearance=""default"" data-element=""main""><p>Some people do not feel comfortable wearing tartan patterns and heavy wool kilts. Some people prefer to wear simple modern clothing that requires no special effort to put on. If utility styles feel too bold or traditional fabrics are not your choice, a denim kilt offers a smart alternative.The fabric maintains its shape after continuous use while providing users with long-lasting comfort.&nbsp;</p></div></div></div>"
44,Denim Kilt for Women,women-denim-kilt,1,11,1/3/9/11/44,4,"<div data-content-type=""html"" data-appearance=""default"" data-element=""main"">&lt;p&gt;High quality denim kilts for women are made for those who want to be trendy and stylish and keep the traditional look as well. Customized denim kilt can be used as casual or a party dress. You can choose the color and style depending upon your preferences.&amp;nbsp;&lt;/p&gt;</div>"
45,Tartan Kilt Mens,tartan-kilt-men,1,10,1/3/9/10/45,4,"<style>#html-body [data-pb-style=M8O77AS]{justify-content:flex-start;display:flex;flex-direction:column;background-position:left top;background-size:cover;background-repeat:no-repeat;background-attachment:scroll}</style><div data-content-type=""row"" data-appearance=""contained"" data-element=""main""><div data-enable-parallax=""0"" data-parallax-speed=""0.5"" data-background-images=""{}"" data-background-type=""image"" data-video-loop=""true"" data-video-play-only-visible=""true"" data-video-lazy-load=""true"" data-video-fallback-src="""" data-element=""inner"" data-pb-style=""M8O77AS""><div data-content-type=""text"" data-appearance=""default"" data-element=""main""><p>&nbsp;</p>
<p>&nbsp;</p></div></div></div>"
48,Accessories,accessories,1,3,1/3/48,2,"<p><span style=""font-weight: 400;"">Kilt accessories are a set of necessary items that are essential to complete a traditional Scottish outfit. If you are new to kilts, you must have enough information about these accessories. The number and types of attachments you need to wear depends on the event type whether it is a formal or a casual event.</span></p>
<p>&nbsp;</p>"
49,Firefighter Kilts,firefighter-kilts,1,10,1/3/9/10/49,4,"<div data-content-type=""html"" data-appearance=""default"" data-element=""main"">&lt;p&gt;The Utility Kilt is offering&amp;nbsp;the best quality at a cheap rate for &lt;strong&gt;Firefighter Kilts.&lt;/strong&gt; As we all Know firefighters keep their lives at risk to save us. So, The Utility Kilt provides high-Quality Stuff for fireman's&lt;a class=""waffle-rich-text-link"" data-sheets-formula-bar-text-link=""https://ahr02.satoolsolutions.com/keywords-explorer/google/us/overview?keyword=fireman%27s%20kilt"" data-sheets-formula-bar-text-style=""font-size:15px;color:#333333;font-weight:normal;text-decoration:underline;font-family:'docs-Helvetica Neue';font-style:normal;text-decoration-skip-ink:none;""&gt;&amp;nbsp;&lt;/a&gt;safety, our high-quality &lt;strong&gt;fireman kilt&lt;/strong&gt; stuff prevents or resists fire. Our kilt is an amazing option for them. They could wear a kilt during their life-saving duties with full confidence.&lt;/p&gt;
&lt;p&gt;Firefighter Kilt has a class of its own. They can be transformed into beautiful and classy kilts so we did it elegantly. We have designed it in a way you would love and prefer. Choose your kilts with confidence on your best kilt store "" The Utility Kilt""&lt;br&gt;Choose the waist size and we will make a perfect kilt for you to be confident and bold.&lt;/p&gt;</div>"
50,Flag Kilts,flag-kilts,1,10,1/3/9/10/50,4,
51,Camouflage Kilts,camouflage-kilts,1,10,1/3/9/10/51,4,"<div data-content-type=""html"" data-appearance=""default"" data-element=""main"">&lt;p&gt;Camouflage kilts have a class of their own. They can be transformed into beautiful and classy kilts, so we did it elegantly. We have designed our &lt;strong&gt;combat kilt&lt;/strong&gt; for men in a way you would love and prefer. Choose your military kilt with confidence at your best kilt store, The Utility Kilt™. Choose the waist size and we will make a perfect &lt;strong&gt;Camo kilt&lt;/strong&gt; for you to be confident and bold.&lt;/p&gt;
&lt;p&gt;The Utility Kilt is offering the best quality at a cheap rate Camouflage Kilts, Camouflage kilt also known as Camo Kilts, are made with high-quality printed Camouflage cloth. These kilts are a particular type of printed kilts. Camo Kilt is best for hunting purposes or highlands games.&lt;/p&gt;</div>"
52,D-Category UK,d-category-uk,1,1,1/52,1,
54,Kilt outfit,kilt-outfit,0,52,1/52/54,2,"<p><strong><span data-preserver-spaces=""true"">Kilt outfit</span></strong><span data-preserver-spaces=""true"">&nbsp;is a traditional dress worn at formal and informal events. Whether it's a wedding, games, or other traditional events, wear it as your priority.&nbsp;</span><strong><span data-preserver-spaces=""true"">Scottish outfits</span></strong><span data-preserver-spaces=""true"">&nbsp;made for highlanders &amp; their descendants. People of every generation love to wear their traditional dress.&nbsp;</span><strong><span data-preserver-spaces=""true"">Highland wear</span></strong><span data-preserver-spaces=""true"">&nbsp;gives an appealing look and makes your day more memorable.&nbsp;</span><strong><span data-preserver-spaces=""true"">Scottish Kilt Outfit</span></strong><span data-preserver-spaces=""true"">&nbsp;has beautiful accessories that make it more attractive.&nbsp;</span></p>
<p><strong><span data-preserver-spaces=""true"">Buy Scottish Kilt Outfits from UtilityKilt</span></strong></p>
<p><span data-preserver-spaces=""true"">Always be careful while purchasing a kilt or a&nbsp;</span><strong><span data-preserver-spaces=""true"">kilt outfit</span></strong><span data-preserver-spaces=""true"">&nbsp;because it's an investment that lasts for a long time. Check your measurements before ordering the outfit. Ensure the quality of each element of your outfit. We at Utiliykilt offer a&nbsp;</span><strong><span data-preserver-spaces=""true"">full highland dress</span></strong><span data-preserver-spaces=""true"">&nbsp;or&nbsp;</span><strong><span data-preserver-spaces=""true"">wedding kilt outfit</span></strong><span data-preserver-spaces=""true"">&nbsp;in premium quality and low price. Our expert team takes care of each part of your outfit and its accessories. Order your outfit from our online store and make your money-worth decision. Options for buying a&nbsp;</span><strong><span data-preserver-spaces=""true"">kilt dress</span></strong><span data-preserver-spaces=""true"">&nbsp;are the&nbsp;</span><a title=""Prince Charlie kilt outfit"" href=""https://utilitykilt.co.uk/prince-charlie-kilt-outfit""><strong><span data-preserver-spaces=""true"">Prince Charlie kilt outfit</span></strong></a><span data-preserver-spaces=""true"">&nbsp;or the&nbsp;</span><a title=""Argyll kilt outfit"" href=""https://utilitykilt.co.uk/argyll-kilt-outfit""><strong><span data-preserver-spaces=""true"">Argyll kilt outfit</span></strong></a><span data-preserver-spaces=""true"">. Both come with little difference in jackets &amp;&nbsp;</span><a title=""kilt accessories"" href=""https://utilitykilt.co.uk/kilt-accessories""><strong><span data-preserver-spaces=""true"">kilt accessories</span></strong></a><span data-preserver-spaces=""true"">. Accessories included in an outfit are</span><strong><span data-preserver-spaces=""true"">&nbsp;<a title=""kilt jackets"" href=""https://utilitykilt.co.uk/kilt-jackets"">kilt jackets</a></span></strong><span data-preserver-spaces=""true"">, shirts, sporran, and others.&nbsp;</span></p>
<p><span data-preserver-spaces=""true"">Looking for a kilt, then purchasing a whole outfit. Visit our various kilt designs, like hybrid kilts, denim kilts, and cargo kilts. We also have the accessories option to order them as separate items. Visit the section to get your desired item from our online store.&nbsp;</span></p>
<p><span data-preserver-spaces=""true"">Use our chat or email option for online assistance &amp; get a solution to your desired kilt purchase. Our sales team email address is sales@utilitykilt.co.uk. Our sales team is there to guide you about the purchase method from beginning to end. General queries guide is available on the FAQ page for common queries people ask about the purchase.&nbsp;</span></p>"
59,Kilts for Women,kilts-for-women,1,207,1/52/207/59,3,"<div data-content-type=""html"" data-appearance=""default"" data-element=""main"">&lt;h2&gt;&lt;strong&gt;Kilts for Women&lt;/strong&gt;&lt;/h2&gt;
&lt;p&gt;&lt;strong&gt;Kilts for women &lt;/strong&gt;are equally popular as the men. &lt;strong&gt;Women's kilts&lt;/strong&gt; are different from men's. &lt;strong&gt; Ladies' kilts &lt;/strong&gt; are fastened on the left, while men's have fastened straps or buttons on the right. &lt;strong&gt; Female kilts &lt;/strong&gt; come in normal kilt lengths and short lengths as well. It depends on the personal choice to select the design that suits. Short-length kilts have a different shape than normal kilts. The front is the upper part of the kilt plain, while the rear is pleated as the normal kilt.&lt;/p&gt;
&lt;h2&gt;Best Ladies Kilts for Sale&lt;/h2&gt;
&lt;p&gt;&lt;strong&gt;Kilts for women&lt;/strong&gt; are available in plain or tartan colours. Most clan tartans are included in our collection. You have the option to choose your desired clan tartan kilt. To make kilts more functional.&lt;strong&gt; Women's kilts&lt;/strong&gt; are also available in pockets. If you're looking for&lt;strong&gt; Ladies' kilts&lt;/strong&gt; in normal length or short kilts with trendy designs.&lt;span style=""text-decoration: underline;""&gt;&lt;a title=""UtilityKilt"" href=""https://utilitykilt.co.uk/""&gt;&lt;strong&gt; UtilityKilt&lt;/strong&gt;&lt;/a&gt;&lt;/span&gt; is the appropriate shop for you to purchase a kilt. We have ladies' kilts for sale in both lengths. It's the perfect economical Scottish apparel and accessory manufacturer. It specializes in quality kilts for women. We have a large selection of kilts in different materials &amp;amp; shapes, including &lt;a title=""Women's Tartan Kilts"" href=""https://utilitykilt.co.uk/women-tartan-kilts""&gt;&lt;span style=""text-decoration: underline;""&gt;&lt;strong&gt;Women's Tartan Kilts&lt;/strong&gt;&lt;/span&gt;&lt;/a&gt; and &lt;span style=""text-decoration: underline;""&gt;&lt;a title=""Women's Utility Kilts"" href=""https://utilitykilt.co.uk/women-utility-kilt""&gt;&lt;strong&gt;Women's Utility Kilts&lt;/strong&gt;&lt;/a&gt;&lt;/span&gt;.&lt;/p&gt;
&lt;p&gt;If you still need to find your desired kilt. Either email us at&amp;nbsp;&lt;span style=""text-decoration: underline;""&gt;&lt;a title=""support@utilitykilt.co.uk"" href=""mailto:support@utilitykilt.co.uk""&gt;&lt;strong&gt;support@utilitykilt.co.uk&lt;/strong&gt;&lt;/a&gt;&lt;/span&gt; or use our chat option. We will give you your desired kilt in the perfect size and shape. We offer customized kilts at low or budget prices. But make sure you measure the size perfectly. For your ease, we have a kilt measuring guide to help get the measurement. For common queries related to kilts, visit our &lt;span style=""text-decoration: underline;""&gt;&lt;a title=""FAQ"" href=""https://utilitykilt.co.uk/faq""&gt;&lt;strong&gt;Faq&lt;/strong&gt;&lt;/a&gt;&lt;/span&gt; page, which would help to find general answers.&lt;/p&gt;</div>"
68,Utility Kilts ,utility-kilts,1,154,1/52/207/154/68,4,"<div data-content-type=""html"" data-appearance=""default"" data-element=""main"">&lt;p&gt;&lt;strong&gt;&lt;span data-preserver-spaces=""true""&gt;Men's utility kilts&lt;/span&gt;&lt;/strong&gt;&lt;span data-preserver-spaces=""true""&gt;&amp;nbsp;are the latest versions of old-fashioned kilts. With each passing year, demand for this type of&amp;nbsp;&lt;/span&gt;&lt;strong&gt;&lt;span data-preserver-spaces=""true""&gt;modern kilts&lt;/span&gt;&lt;/strong&gt;&lt;span data-preserver-spaces=""true""&gt;&amp;nbsp;increases.&amp;nbsp;&lt;/span&gt;&lt;strong&gt;&lt;span data-preserver-spaces=""true""&gt;Men's Utility kilts&lt;/span&gt;&lt;/strong&gt;&lt;span data-preserver-spaces=""true""&gt; have a completely pleated design on the backside. These kilts featured large flapped pockets on both sides. Our &lt;/span&gt;&lt;strong&gt;&lt;span data-preserver-spaces=""true""&gt;Modern kilt&lt;/span&gt;&lt;/strong&gt;&lt;span data-preserver-spaces=""true""&gt;&amp;nbsp;has the finest materials to ensure the satisfaction of our customers.&amp;nbsp;&lt;/span&gt;&lt;strong&gt;&lt;span data-preserver-spaces=""true""&gt;Cargo kilts&lt;/span&gt;&lt;/strong&gt;&lt;span data-preserver-spaces=""true""&gt; are specific kilts with utility features and also in trends.&lt;/span&gt;&lt;/p&gt;
&lt;h2&gt;&lt;strong&gt;&lt;span data-preserver-spaces=""true""&gt;Men's Utility Kilts Meet the Modern Trends&lt;/span&gt;&lt;/strong&gt;&lt;/h2&gt;
&lt;p&gt;&lt;span data-preserver-spaces=""true""&gt;&lt;strong&gt;Men's Utility Kilts&lt;/strong&gt; are made of pure cotton with a plain apron &amp;amp; pleated rear. These&amp;nbsp;&lt;/span&gt;&lt;strong&gt;&lt;span data-preserver-spaces=""true""&gt;modern kilts&lt;/span&gt;&lt;/strong&gt;&lt;span data-preserver-spaces=""true""&gt;&amp;nbsp;are more useful &amp;amp; productive because of pockets on both sides. It's comfortable to wear due to its fabric quality &amp;amp; tailoring method. Mostly they have buttoned fastening. Kilts have the same fabric straps with buckles to adjust the waist. Loops on the waistline of kilts would help to hold your belt &amp;amp; prevent them from falling.&lt;/span&gt;&lt;/p&gt;
&lt;h2&gt;&lt;strong&gt;Cargo Kilts for Cheap&lt;/strong&gt;&lt;/h2&gt;
&lt;p&gt;&lt;strong&gt;&lt;span data-preserver-spaces=""true""&gt;Cargo Kilts&lt;/span&gt;&lt;/strong&gt;&lt;span data-preserver-spaces=""true""&gt; are Perfect for office work &amp;amp; field workers who want to wear them for long or working hours. You don't feel a burden while wearing them in your daily activities. They have a long lifespan if made of quality material. While buying from our online store, you don't have to worry about the kilt quality because that's our priority.&lt;/span&gt;&lt;/p&gt;
&lt;h3&gt;&lt;strong&gt;&lt;span data-preserver-spaces=""true""&gt;Why Buy Men's Utility Kilts From Utility Kilt UK&lt;/span&gt;&lt;/strong&gt;&lt;/h3&gt;
&lt;p&gt;&lt;span data-preserver-spaces=""true""&gt;We provide &lt;strong&gt;Men's Utility Kilts&lt;/strong&gt; with the best quality. Professional tailors make these kilts. We also have &lt;/span&gt;&lt;span style=""text-decoration: underline;""&gt;&lt;a class=""editor-rtfLink"" href=""https://utilitykilt.co.uk/women-utility-kilt"" target=""_blank"" rel=""noopener""&gt;&lt;strong&gt;Women's Utility Kilts&lt;/strong&gt;&lt;/a&gt;&lt;/span&gt;&lt;span data-preserver-spaces=""true""&gt;&amp;nbsp;&amp;amp;&amp;nbsp;&lt;/span&gt;&lt;span style=""text-decoration: underline;""&gt;&lt;a class=""editor-rtfLink"" href=""https://utilitykilt.co.uk/kids-utility-kilts"" target=""_blank"" rel=""noopener""&gt;&lt;strong&gt;Kid's Utility Kilt&lt;/strong&gt;&lt;/a&gt;&lt;/span&gt;&lt;span data-preserver-spaces=""true""&gt;. Want &lt;a title=""tartan kilt"" href=""https://utilitykilt.co.uk/tartan-kilt""&gt;&lt;strong&gt;tartan kilt&lt;/strong&gt;&lt;/a&gt; with utility features? We have a separate category of &lt;/span&gt;&lt;span style=""text-decoration: underline;""&gt;&lt;a class=""editor-rtfLink"" href=""https://utilitykilt.co.uk/tartan-utility-kilts"" target=""_blank"" rel=""noopener""&gt;&lt;strong&gt;tartan utility kilts&lt;/strong&gt;&lt;/a&gt;&lt;/span&gt;&lt;span data-preserver-spaces=""true""&gt;. You will always be satisfied if you purchase&amp;nbsp;&lt;/span&gt;&lt;span style=""text-decoration: underline;""&gt;&lt;a class=""editor-rtfLink"" href=""https://utilitykilt.co.uk/kilts-for-men"" target=""_blank"" rel=""noopener""&gt;&lt;strong&gt;kilts for men&lt;/strong&gt;&lt;/a&gt;&lt;/span&gt;&lt;span data-preserver-spaces=""true""&gt;&amp;nbsp;from us. Get&amp;nbsp;&lt;/span&gt;&lt;strong&gt;&lt;span data-preserver-spaces=""true""&gt;kilts for cheap&lt;/span&gt;&lt;/strong&gt;&lt;span data-preserver-spaces=""true""&gt;&amp;nbsp;from our online store.&lt;/span&gt;&lt;/p&gt;
&lt;p&gt;&lt;span data-preserver-spaces=""true""&gt;We have affordable&amp;nbsp;&lt;/span&gt;&lt;span style=""text-decoration: underline;""&gt;&lt;a class=""editor-rtfLink"" href=""https://utilitykilt.co.uk/"" target=""_blank"" rel=""noopener""&gt;&lt;strong&gt;utility kilts&lt;/strong&gt;&lt;/a&gt;&lt;/span&gt;&lt;span data-preserver-spaces=""true""&gt;&amp;nbsp;for you, all in your budget range. Feel free to&amp;nbsp;&lt;/span&gt;&lt;span style=""text-decoration: underline;""&gt;&lt;a class=""editor-rtfLink"" href=""https://utilitykilt.co.uk/contact"" target=""_blank"" rel=""noopener""&gt;&lt;strong&gt;contact us&lt;/strong&gt;&lt;/a&gt;&lt;/span&gt;&lt;span data-preserver-spaces=""true""&gt;&amp;nbsp;at our email address&amp;nbsp;&lt;/span&gt;&lt;span style=""text-decoration: underline;""&gt;&lt;a class=""editor-rtfLink"" href=""mailto:support@utilitykilt.co.uk"" target=""_blank"" rel=""noopener""&gt;&lt;strong&gt;support@utilitykilt.co.uk&lt;/strong&gt;&lt;/a&gt;&lt;/span&gt;&lt;span data-preserver-spaces=""true""&gt;. We would be happy to assist you.&lt;/span&gt;&lt;/p&gt;</div>"
69,Tartan Kilt ,tartan-kilt,1,154,1/52/207/154/69,4,"<div data-content-type=""html"" data-appearance=""default"" data-element=""main"">&lt;h2&gt;&lt;strong&gt;Tartan Kilt - 5 Yard and 8 Yard Kilt&lt;/strong&gt;&lt;/h2&gt;
&lt;p&gt;&lt;strong&gt;Tartan kilts&lt;/strong&gt;&lt;span style=""font-weight: 400;""&gt; originated in Scotland and are considered the national symbol of Scottish heritage. Tartan Kilts are known as &lt;/span&gt;&lt;strong&gt;traditional kilts&lt;/strong&gt;&lt;span style=""font-weight: 400;""&gt; but are still used frequently in modern clothing. For your ease, we offer a huge selection of &lt;/span&gt;&lt;strong&gt;Scottish Tartan kilts. &lt;/strong&gt;&lt;span style=""font-weight: 400;""&gt;We can also produce any tartan you want. Our &lt;/span&gt;&lt;strong&gt;modern tartan kilts&lt;/strong&gt;&lt;span style=""font-weight: 400;""&gt; come with the option of &lt;/span&gt;&lt;strong&gt;5 Yard Kilt&lt;/strong&gt;&lt;span style=""font-weight: 400;""&gt; and &lt;/span&gt;&lt;strong&gt;8-yard kilts&lt;/strong&gt;&lt;span style=""font-weight: 400;""&gt;. Every &lt;/span&gt;&lt;strong&gt;plaid kilt&lt;/strong&gt;&lt;span style=""font-weight: 400;""&gt; is handcrafted and fashioned particularly for you by crafters using only the finest materials, ensuring it will last a lifetime. Our focus is on personalized care, with first-class individual treatment assured whether you visit us in person or order through our online mail-order service.&lt;/span&gt;&lt;/p&gt;
&lt;h2&gt;&lt;strong&gt;Get Traditional Kilts From Our Tartan Shop&amp;nbsp;&lt;/strong&gt;&lt;/h2&gt;
&lt;p&gt;&lt;strong&gt;Traditional kilts&lt;/strong&gt;&lt;span style=""font-weight: 400;""&gt; are made of acrylic wool with traditional pleats on the rear and keeping the front plain. One side is unstitched to give a classic look. To fasten the tartan kilts, leather straps with buckles help adjust the waist to 2 inches. To purchase a tartan kilt, you need to know the right size and tartan for your clan. Measure your size with accuracy and order your desired clan tartan kilt. Our expert tailor will take care of the rest. So order your tartan kilt today from our online store.&lt;/span&gt;&lt;/p&gt;
&lt;h2&gt;&lt;strong&gt;Kilt Elegance: Tradition Redefined&lt;/strong&gt;&lt;/h2&gt;
&lt;p&gt;Explore top-notch &lt;strong&gt;kilts&lt;/strong&gt;, exclusively available through us. Whether you're aiming for a complete highland look or starting with a kilt and building your collection, &lt;strong&gt;Utility &lt;/strong&gt;&lt;strong&gt;Kilt UK&lt;/strong&gt; has options for all budgets and preferences. Investing in a kilt is a once-in-a-lifetime experience, and we believe it's crucial to get it from a trusted tartan shop that not only provides expert services but also ensures aftercare support if needed&lt;/p&gt;
&lt;p&gt;&lt;span style=""font-weight: 400;""&gt;If you want kilts in a stylish design, we offer &lt;/span&gt;&lt;span style=""text-decoration: underline;""&gt;&lt;a href=""https://utilitykilt.co.uk/utility-kilts""&gt;&lt;strong&gt;men's utility kilts&lt;/strong&gt;&lt;/a&gt;&lt;/span&gt;&lt;span style=""font-weight: 400;""&gt;, &lt;/span&gt;&lt;span style=""text-decoration: underline;""&gt;&lt;a title=""tartan utility kilt"" href=""https://utilitykilt.co.uk/tartan-utility-kilts""&gt;&lt;strong&gt;tartan utility kilt&lt;/strong&gt;&lt;/a&gt;&lt;/span&gt;&lt;span style=""font-weight: 400;""&gt;, &lt;/span&gt;&lt;span style=""text-decoration: underline;""&gt;&lt;a href=""https://utilitykilt.co.uk/hybrid-kilt""&gt;&lt;strong&gt;hybrid kilts&lt;/strong&gt;&lt;/a&gt;&lt;/span&gt;&lt;span style=""font-weight: 400;""&gt;, &lt;/span&gt;&lt;span style=""text-decoration: underline;""&gt;&lt;a href=""https://utilitykilt.co.uk/leather-kilts""&gt;&lt;strong&gt;leather kilts&lt;/strong&gt;&lt;/a&gt;&lt;/span&gt;&lt;span style=""font-weight: 400;""&gt;, etc.&amp;nbsp;&lt;span data-preserver-spaces=""true""&gt;To give your kilt a traditional look&lt;/span&gt;&lt;/span&gt;&lt;/p&gt;
&lt;p&gt;&lt;span style=""font-weight: 400;""&gt;We had a wide range of tartans available in stock. If you do not find your desired tartan, fill out the contact page form or chat with us. The email address for further queries is &lt;/span&gt;&lt;strong&gt;&lt;span style=""text-decoration: underline;""&gt;&lt;a title=""support@utilitykilt.co.uk"" href=""mailto:support@utilitykilt.co.uk""&gt;support@utilitykilt.co.uk&lt;/a&gt;&lt;/span&gt;&lt;/strong&gt;&lt;/p&gt;</div>"
70,Leather Kilt ,leather-kilts,1,154,1/52/207/154/70,4,"<div data-content-type=""html"" data-appearance=""default"" data-element=""main"">&lt;h2&gt;&lt;strong&gt;Best Mens Leather Kilts&lt;/strong&gt;&lt;/h2&gt;
&lt;p&gt;&lt;strong&gt;Leather kilt&lt;/strong&gt;&lt;span style=""font-weight: 400;""&gt; is perfect for those who want comfortable stuff with a modern touch. &lt;/span&gt;&lt;strong&gt;Leather kilt mens&lt;/strong&gt;&lt;span style=""font-weight: 400;""&gt; can be worn at any formal or informal event. As kilts are updated, they are made of increasingly trendy clothes, including leather. &lt;/span&gt;&lt;strong&gt;Men's Leather kilts &lt;/strong&gt;&lt;span style=""font-weight: 400;""&gt;are famous for several reasons, as they are warm and fashion-forward.&amp;nbsp;&lt;/span&gt;&lt;/p&gt;
&lt;h2&gt;&lt;strong&gt;Buy Men’s Leather Kilts&lt;/strong&gt;&lt;/h2&gt;
&lt;p&gt;&lt;span style=""font-weight: 400;""&gt;As time changed, new styles of fabrics started to be utilized for kilts. The professional tailors created &lt;/span&gt;&lt;strong&gt;Men's Leather Kilts&lt;/strong&gt;&lt;span style=""font-weight: 400;""&gt;. These Kilts are purely made of material leather. Authentic &lt;/span&gt;&lt;strong&gt;mens leather kilt&lt;/strong&gt;&lt;span style=""font-weight: 400;""&gt; is yielded from the animal. Usually, Cow Leather is used. Nowadays, these kilts arrive in a combination of different colours. Black and brown are more conventional, but you can also discover kilts in blue, red, green, and other shades. We have &lt;/span&gt;&lt;strong&gt;leather kilts&lt;/strong&gt;&lt;span style=""font-weight: 400;""&gt; in a two-tone colour pattern that makes them perfect for any event.&amp;nbsp;&lt;/span&gt;&lt;/p&gt;
&lt;p&gt;&lt;span style=""font-weight: 400;""&gt;Our leather kilts are made with premium quality leather that makes them torn-resistant. We have many &lt;/span&gt;&lt;strong&gt;men's leather kilts&lt;/strong&gt;&lt;span style=""font-weight: 400;""&gt;, such as brown, black, red and Blue leather kilts. We also have accessories stock to complete attire. Like the tartan kilt, the front side is plain, and the back has a pleated design. To make this garment more stylish, chains, studs, and straps are attached to the kilt.&lt;/span&gt;&lt;/p&gt;
&lt;p&gt;&lt;span style=""font-weight: 400;""&gt;If you are not a leather kilts fan, we also have other options to check from our online store. Our &lt;/span&gt;&lt;span style=""text-decoration: underline;""&gt;&lt;a title=""men's kilt"" href=""https://utilitykilt.co.uk/kilts-for-men""&gt;&lt;strong&gt;men's kilt&lt;/strong&gt;&lt;/a&gt;&lt;/span&gt;&lt;span style=""font-weight: 400;""&gt; variations include &lt;/span&gt;&lt;span style=""text-decoration: underline;""&gt;&lt;a title=""Men's Utility Kilts"" href=""https://utilitykilt.co.uk/utility-kilts""&gt;&lt;strong&gt;men's utility kilts&lt;/strong&gt;&lt;/a&gt;&lt;/span&gt;&lt;span style=""font-weight: 400;""&gt;&lt;a title=""Men's Utility Kilts"" href=""https://utilitykilt.co.uk/utility-kilts""&gt;,&lt;/a&gt; tartan kilts, and tactical kilts. So order your desired kilts, and we will make them for you.&lt;/span&gt;&lt;/p&gt;
&lt;p&gt;&lt;span style=""font-weight: 400;""&gt;For those who want their desired leather kilt, use our chat option or email us at &lt;/span&gt;&lt;span style=""text-decoration: underline;""&gt;&lt;a title=""support@utilitykilt.co.uk"" href=""mailto:support@utilitykilt.co.uk""&gt;&lt;strong&gt;support@utilitykilt.co.uk&lt;/strong&gt;&lt;/a&gt;&lt;/span&gt;&lt;span style=""font-weight: 400;""&gt;. One of our sales representatives will contact you and help to sort out your issue.&lt;/span&gt;&lt;/p&gt;</div>"
72,Hybrid Kilt ,hybrid-kilt,1,154,1/52/207/154/72,4,"<div data-content-type=""html"" data-appearance=""default"" data-element=""main"">&lt;p&gt;&lt;strong&gt;Hybrid kilt&lt;/strong&gt;&lt;span style=""font-weight: 400;""&gt; is a combination of classic and stylish design. &lt;/span&gt;&lt;strong&gt;Rainbow Kilts&lt;/strong&gt;&lt;span style=""font-weight: 400;""&gt; are the best choice for those who want to adore classic dresses and have difficulty selecting styles and designs. &lt;/span&gt;&lt;strong&gt;Hybrid Utility Kilts&lt;/strong&gt;&lt;span style=""font-weight: 400;""&gt; are made with drill jeans, and tartan is used inside the pleats to give a traditional touch. Perfect for formal occasions such as weddings and graduation ceremonies. Also, it can be worn as casual wear.&amp;nbsp;&lt;/span&gt;&lt;/p&gt;
&lt;h2&gt;&lt;strong&gt;Best Quality Hybrid Kilts&lt;/strong&gt;&lt;/h2&gt;
&lt;p&gt;&lt;strong&gt;Hybrid Kilts&lt;/strong&gt;&lt;span style=""font-weight: 400;""&gt; are made in two-tone patterns. It's called hybrid due to its dual fabric style. The apron has a single colour, while the pleats made of tartan are multicolour. It is a fantastic option for those who feel bored with conventional kilts. These kilts can be fastened with buttons and have loops to hold the belt. Pockets on the side give extra space to store essential items.&amp;nbsp;&lt;/span&gt;&lt;/p&gt;
&lt;h2&gt;&lt;strong&gt;Buy Rainbow Kilts&lt;/strong&gt;&lt;/h2&gt;
&lt;p&gt;&lt;strong&gt;Rainbow kilts&lt;/strong&gt;&lt;span style=""font-weight: 400;""&gt; are the main focus in the hybrid category. They are designed specially in multicolour inner pleats. &lt;/span&gt;&lt;strong&gt;Rainbow kilts &lt;/strong&gt;&lt;span style=""font-weight: 400;""&gt;are the same as hybrids; the only difference is the colour of the inner pleats. Pockets on the side give extra space to hold the essential items.&amp;nbsp;&lt;/span&gt;&lt;/p&gt;
&lt;p&gt;&lt;span style=""font-weight: 400;""&gt;We have a variety of &lt;/span&gt;&lt;strong&gt;Hybrid kilts&lt;/strong&gt;&lt;span style=""font-weight: 400;""&gt; at our online store. Check our hybrid category to select your favourite kilt. Our collection is made according to the user's requirements. Book your custom order today, and we will deliver the best quality material. We at &lt;/span&gt;&lt;span style=""text-decoration: underline;""&gt;&lt;a title=""Utilitykilt"" href=""https://utilitykilt.co.uk/""&gt;&lt;strong&gt;Utilitykilt&lt;/strong&gt;&lt;/a&gt;&lt;/span&gt;&lt;span style=""font-weight: 400;""&gt; also make other &lt;/span&gt;&lt;span style=""text-decoration: underline;""&gt;&lt;a title=""Kilts For Men"" href=""https://utilitykilt.co.uk/kilts-for-men""&gt;&lt;strong&gt;kilts for men&lt;/strong&gt;&lt;/a&gt;&lt;/span&gt;&lt;span style=""font-weight: 400;""&gt;; then &lt;/span&gt;&lt;strong&gt;hybrid kilts&lt;/strong&gt;&lt;span style=""font-weight: 400;""&gt; are &lt;/span&gt;&lt;a title=""Utility Kilts"" href=""https://utilitykilt.co.uk/utility-kilts""&gt;&lt;strong&gt;&lt;span style=""text-decoration: underline;""&gt;utility kilts&lt;/span&gt;&lt;/strong&gt;&lt;/a&gt;&lt;span style=""font-weight: 400;""&gt;,&lt;/span&gt;&lt;span style=""text-decoration: underline;""&gt;&lt;a title=""Tartan Kilts"" href=""https://utilitykilt.co.uk/tartan-kilt""&gt;&lt;strong&gt; tartan kilts&lt;/strong&gt;&lt;/a&gt;&lt;/span&gt;&lt;span style=""font-weight: 400;""&gt;, &lt;/span&gt;&lt;a title=""Leather Kilts"" href=""https://utilitykilt.co.uk/leather-kilts""&gt;&lt;span style=""text-decoration: underline;""&gt;&lt;strong&gt;leather kilts&lt;/strong&gt;&lt;/span&gt;&lt;/a&gt;&lt;span style=""font-weight: 400;""&gt;, and more. If there is any issue in purchasing the kilts from our online store, then use our chat option. There we will assist you in buying the kilt. Or use an email address to contact us. For contact, our email address is &lt;/span&gt;&lt;span style=""text-decoration: underline;""&gt;&lt;a title=""support@utilitykilt.co.uk"" href=""mailto:support@utilitykilt.co.uk""&gt;&lt;strong&gt;support@utilitykilt.co.uk&lt;/strong&gt;&lt;/a&gt;&lt;/span&gt;&lt;/p&gt;</div>"
73,Firefighter Kilt ,firefighter-kilts,1,154,1/52/207/154/73,4,"<style>#html-body [data-pb-style=YGMPXIC]{justify-content:flex-start;display:flex;flex-direction:column;background-position:left top;background-size:cover;background-repeat:no-repeat;background-attachment:scroll}</style><div data-content-type=""row"" data-appearance=""contained"" data-element=""main""><div data-enable-parallax=""0"" data-parallax-speed=""0.5"" data-background-images=""{}"" data-background-type=""image"" data-video-loop=""true"" data-video-play-only-visible=""true"" data-video-lazy-load=""true"" data-video-fallback-src="""" data-element=""inner"" data-pb-style=""YGMPXIC""><div data-content-type=""text"" data-appearance=""default"" data-element=""main""><p>Firefighters stand for strength and services. Utility Kilt UK firefighter kilts are made to reflect that same spirit. They are a specialised and durable workwear kilt that combines kilt tradition with firefighter style. They are not standard protective gear for active fires, but offer comfort, practicality, and a unique professional or ceremonial look.</p>
<h2>What Is a Firefighter Kilt</h2>
<p>A firefighter's kilt is themed from a utility kilt design, but it is actually made for demanding features. It features bright colours with reflective tapes and multiple pockets to hold tools. Its design takes cues from firefighting gear and workwear standards to provide function and practical use.&nbsp;</p>
<h2>Design Features of Our Firefighter Kilts</h2>
<p>Our firefighter kilts are designed from Drill jeans fabric, so they can handle tough use. It comes in multiple colours like black, orange, khaki and green offering a versatile range that suits any casual or outdoor activity. These kilts are designed with buttons, D-rings, hooks clip and high visibility stripes to add purpose to the design.Not only that, it features deep pockets to carry tools and adjustable waist fastenings to support a comfortable fit during extended wear. A standout feature of our collection is the variety of reflective tape styles that come in vertical, horizontal, L-shaped, and cross-tape strap styles.</p>
<h2>Why Choose Firefighter Kilts from Utility Kilt UK™</h2>
<p>Features that makes Utility Kilt UK™ firefighter kilt stand out are:</p>
<ul>
<li><strong>Durable materials</strong>: We use drill jeans fabric for the kilt and steel hardware for design, so your kilts stay durable in every weather, even after long use.</li>
<li><strong>Customisation support</strong>: Utilit Kilt Uk offers complete customisation in every design. Whether you want a different colour, detachable pockets or any other customisation, we will do it for you.&nbsp;</li>
<li><strong>Adjustable waist design</strong>: All our kilts are made-to-order, but we still add adjustable waist straps in every kilt to support a comfortable fit even after years when you lose or gain weight.&nbsp;</li>
<li><strong>Pocket configuration options</strong>: If you want different pocket layouts or configurations, we will do it for you.&nbsp;</li>
<li><strong>Colour accent selection</strong>: We offer a range of colours in our palette so you can have your preferred kilt in the colour you want.</li>
<li><strong>Made-to-order fit mention</strong>: We don’t support one size fits all; that's why we only provide made-to-order kilts in your exact measurements.&nbsp;</li>
</ul>
<h2>Shop Firefighter Kilts</h2>
<p>See the entire Firefighter Kilt collection and discover a style that speaks to your interests. You can easily select your size and your preference in custom options. Order now and receive a firefighter kilt that you can wear with pride.</p></div></div></div>"
94,Tactical Kilt,tactical-kilt,1,10,1/3/9/10/94,4,
99,Woodwind Instruments,woodwind-instruments,1,148,1/52/148/99,3,"<div data-content-type=""html"" data-appearance=""default"" data-element=""main"">&lt;p&gt;Woodwind instruments belong to the family of musical instruments. Best Collection of Bagpipes, Flutes, and Lyre Harps are available for sale at our online store&lt;/p&gt;</div>"
100,Instruments,woodwind-instruments,1,48,1/3/48/100,3,"<style>#html-body [data-pb-style=FA5NV54]{justify-content:flex-start;display:flex;flex-direction:column;background-position:left top;background-size:cover;background-repeat:no-repeat;background-attachment:scroll}</style><div data-content-type=""row"" data-appearance=""contained"" data-element=""main""><div data-enable-parallax=""0"" data-parallax-speed=""0.5"" data-background-images=""{}"" data-background-type=""image"" data-video-loop=""true"" data-video-play-only-visible=""true"" data-video-lazy-load=""true"" data-video-fallback-src="""" data-element=""inner"" data-pb-style=""FA5NV54""><div data-content-type=""text"" data-appearance=""default"" data-element=""main""><p>Music has always carried stories. Our woodwind instruments are designed to offer a sound that feels alive and crafted to honour the history behind every tune. At The Utility Kilt, we make every instrument with dedicated skill and a promise that it will last, whether you play in a quiet room or step into a busy street.</p></div></div></div>"
101,Flutes,flutes,1,100,1/3/48/100/101,4,"<div data-content-type=""html"" data-appearance=""default"" data-element=""main"">&lt;style type=""text/css""&gt;&lt;!--td {border: 1px solid #cccccc;}br {mso-data-placement:same-cell;}--&gt;&lt;/style&gt;
&lt;p&gt;&lt;span data-sheets-value=""{&amp;quot;1&amp;quot;:2,&amp;quot;2&amp;quot;:&amp;quot;Flutes are part of Celtic traditional music. Flute is handmade instrument that are crafted of Rosewood. Irish wooden Flutes comes in a smooth finish&amp;quot;}"" data-sheets-userformat=""{&amp;quot;2&amp;quot;:513,&amp;quot;3&amp;quot;:{&amp;quot;1&amp;quot;:0},&amp;quot;12&amp;quot;:0}""&gt;Flutes are part of Celtic traditional music. Flute is handmade instrument that are crafted of Rosewood. Irish wooden Flutes comes in a smooth finish&lt;/span&gt;&lt;/p&gt;</div>"
102,Lyre Harp,lyre-harp,1,100,1/3/48/100/102,4,"<style>#html-body [data-pb-style=S22YDAP]{justify-content:flex-start;display:flex;flex-direction:column;background-position:left top;background-size:cover;background-repeat:no-repeat;background-attachment:scroll}</style><div data-content-type=""row"" data-appearance=""contained"" data-element=""main""><div data-enable-parallax=""0"" data-parallax-speed=""0.5"" data-background-images=""{}"" data-background-type=""image"" data-video-loop=""true"" data-video-play-only-visible=""true"" data-video-lazy-load=""true"" data-video-fallback-src="""" data-element=""inner"" data-pb-style=""S22YDAP""><div data-content-type=""text"" data-appearance=""default"" data-element=""main""><p>Looking for a well-made, good lyre harp that is ready to play right out of the box? Every Celtic harp we make is crafted with precision and excellence. Our lyre harps are made of rosewood, which creates a warm, stable sound on plugging. Whether you're just opening the door to your musical journey or seeking inspiration and a new partner in music, this collection gives you handcrafted pieces shaped with care and Celtic spirit.</p></div></div></div>"
103,Bagpipes,bagpipes-for-sale,1,99,1/52/148/99/103,4,"<div data-content-type=""html"" data-appearance=""default"" data-element=""main"">&lt;p&gt;Bagpipes Instruments for Sale. Buy Online Highland &amp;amp; Irish Bagpipes for weddings or any other public event. Great highland Instruments at a cheap price.&lt;/p&gt;</div>"
104,Flutes,flutes-instruments-for-sale,1,99,1/52/148/99/104,4,"<div data-content-type=""html"" data-appearance=""default"" data-element=""main"">&lt;p&gt;Flute Instruments For Sale. Buy Our Wooden Flute Instruments at Lower Price. We Deliver every type of Scottish &amp;amp; Irish Musical instrument.&lt;/p&gt;</div>"
105,Lyre Harp,lyre-harp-instruments,1,99,1/52/148/99/105,4,"<div data-content-type=""html"" data-appearance=""default"" data-element=""main"">&lt;p&gt;Lyre Harp musical instruments are for sale. Buy Irish &amp;amp; Celtic Lyre Harp Instruments from our wide selection. Our Lyre Instruments are perfect for any player&lt;/p&gt;</div>"
106,Kilt Sets,kilt-sets,1,4,1/3/4/106,3,"<div data-content-type=""html"" data-appearance=""default"" data-element=""main"">&lt;p&gt;&lt;span style=""font-weight: 400;""&gt;Kilt sets are best option to buy for the upcoming events. Complete kilt packages brings some variety to choose your favorite kilts and their accessories. &lt;/span&gt;&lt;span style=""font-weight: 400;""&gt;We offer exclusive collection of &lt;/span&gt;&lt;strong&gt;Kilt Sets&lt;/strong&gt;&lt;span style=""font-weight: 400;""&gt; where tradition meets contemporary style. It authentic Scottish heritage is just a click away. Dive into the world of effortless fashion with our thoughtfully curated &lt;/span&gt;&lt;strong&gt;kilt packages&lt;/strong&gt;&lt;span style=""font-weight: 400;""&gt;. It's designed for those who want to make a statement. Explore our unbeatable &lt;strong&gt;kilt deals&lt;/strong&gt; and find the perfect ensemble for any occasion. It's perfect either you're attending a formal event, embracing your cultural roots or simply looking to elevate your wardrobe.&lt;/span&gt;&lt;/p&gt;
&lt;p&gt;&amp;nbsp;&lt;/p&gt;</div>"
107,Kilt Sets,kilt-sets,1,208,1/52/208/107,3,"<div data-content-type=""html"" data-appearance=""default"" data-element=""main"">&lt;p&gt;&lt;span style=""font-weight: 400;""&gt;Get Kilt Deals and Sets in quality material.&amp;nbsp; We offer Kilts Packages at Cheap Price. It comes with different choices to select and customization. &lt;/span&gt;&lt;span style=""font-weight: 400;""&gt;Check our collection of &lt;/span&gt;&lt;strong&gt;Kilt Sets&lt;/strong&gt;&lt;span style=""font-weight: 400;""&gt; where tradition meets contemporary fashion. It’s a great either you're embracing your Scottish heritage or simply looking to make a bold fashion statement. Our &lt;/span&gt;&lt;strong&gt;Kilt deals&lt;/strong&gt;&lt;span style=""font-weight: 400;""&gt; are designed to cater to all your style needs. Dive into the world of timeless elegance. Explore the perfect fusion of classic kilts with modern flair.&lt;/span&gt;&lt;/p&gt;
&lt;p&gt;&lt;strong&gt;Unmatched Variety in Kilt Packages&lt;/strong&gt;&lt;/p&gt;
&lt;p&gt;&lt;span style=""font-weight: 400;""&gt;Our &lt;/span&gt;&lt;strong&gt;Kilt Sets&lt;/strong&gt;&lt;span style=""font-weight: 400;""&gt; are curated with utmost precision. We offering a diverse range to suit every taste and occasion. From casual gatherings to formal events we have the perfect kilt package to complement your style. Each set is thoughtfully crafted. It ensures that you look good and also feel comfortable in every setting.&lt;/span&gt;&lt;/p&gt;
&lt;p&gt;&lt;strong&gt;Key Features of Our Kilt Sets:&lt;/strong&gt;&lt;/p&gt;
&lt;ul&gt;
&lt;li style=""font-weight: 400;"" aria-level=""1""&gt;&lt;strong&gt;Premium Quality Fabrics:&lt;/strong&gt;&lt;span style=""font-weight: 400;""&gt; Our &lt;/span&gt;&lt;strong&gt;kilt sets&lt;/strong&gt;&lt;span style=""font-weight: 400;""&gt; are made from high-quality materials ensuring durability and comfort. Experience the luxury of fine fabrics that drape elegantly. It allows you to move with ease.&lt;/span&gt;&lt;/li&gt;
&lt;li style=""font-weight: 400;"" aria-level=""1""&gt;&lt;strong&gt;Versatile Styles:&lt;/strong&gt;&lt;span style=""font-weight: 400;""&gt; Our &lt;/span&gt;&lt;strong&gt;kilt sets&lt;/strong&gt;&lt;span style=""font-weight: 400;""&gt; come in a variety of styles and patterns. Explore the versatility of our collection to find the kilt that resonates with your individuality.&lt;/span&gt;&lt;/li&gt;
&lt;li style=""font-weight: 400;"" aria-level=""1""&gt;&lt;strong&gt;Complete Packages:&lt;/strong&gt;&lt;span style=""font-weight: 400;""&gt; Each &lt;/span&gt;&lt;strong&gt;kilt set&lt;/strong&gt;&lt;span style=""font-weight: 400;""&gt; is a complete ensemble. It featuring not just the kilt but also complementary accessories. From sporrans to belts and kilt pins we provide everything you need to achieve a polished and authentic look.&lt;/span&gt;&lt;/li&gt;
&lt;/ul&gt;
&lt;h3&gt;&lt;strong&gt;Unbeatable Kilt Deals Await You&lt;/strong&gt;&lt;/h3&gt;
&lt;p&gt;&lt;span style=""font-weight: 400;""&gt;We understand the importance of affordability without compromising on quality. That's why we bring you unbeatable&lt;/span&gt;&lt;strong&gt; kilt deals&lt;/strong&gt;&lt;span style=""font-weight: 400;""&gt;. It makes it easier than ever to embrace the iconic kilt style. Our kilt sets are a fashion statement.&amp;nbsp;&lt;/span&gt;&lt;/p&gt;
&lt;p&gt;&lt;strong&gt;Explore Exclusive Kilt Deals:&lt;/strong&gt;&lt;/p&gt;
&lt;ul&gt;
&lt;li style=""font-weight: 400;"" aria-level=""1""&gt;&lt;strong&gt;Bundle Savings: &lt;/strong&gt;&lt;span style=""font-weight: 400;""&gt;Enjoy special discounts when you opt for our &lt;/span&gt;&lt;strong&gt;kilt sets&lt;/strong&gt;&lt;span style=""font-weight: 400;""&gt;. Bundling allows you to save on individual items. It makes it a cost-effective choice for those looking to build their kilt wardrobe.&lt;/span&gt;&lt;/li&gt;
&lt;li style=""font-weight: 400;"" aria-level=""1""&gt;&lt;strong&gt;Seasonal Promotions:&lt;/strong&gt;&lt;span style=""font-weight: 400;""&gt; Keep an eye out for our seasonal promotions and flash sales. Take advantage of limited-time offers to snag the perfect &lt;/span&gt;&lt;strong&gt;kilt packages&lt;/strong&gt;&lt;span style=""font-weight: 400;""&gt; at an even more enticing price.&lt;/span&gt;&lt;/li&gt;
&lt;li style=""font-weight: 400;"" aria-level=""1""&gt;&lt;strong&gt;Customization Options:&lt;/strong&gt;&lt;span style=""font-weight: 400;""&gt; Personalize your &lt;/span&gt;&lt;strong&gt;kilt set&lt;/strong&gt;&lt;span style=""font-weight: 400;""&gt;. Our customization options allow you to create a unique ensemble tailored to your preferences. It ensures you get the most value for your investment.&lt;/span&gt;&lt;/li&gt;
&lt;/ul&gt;
&lt;p&gt;&lt;strong&gt;Why Choose Our Kilt Sets?&lt;/strong&gt;&lt;/p&gt;
&lt;ul&gt;
&lt;li style=""font-weight: 400;"" aria-level=""1""&gt;&lt;strong&gt;Authenticity:&lt;/strong&gt;&lt;span style=""font-weight: 400;""&gt; We take pride in offering kilts that honor tradition while embracing modern aesthetics. Our &lt;/span&gt;&lt;strong&gt;kilt packages&lt;/strong&gt;&lt;span style=""font-weight: 400;""&gt; are designed to capture the essence of Scottish heritage with a contemporary twist.&lt;/span&gt;&lt;/li&gt;
&lt;li style=""font-weight: 400;"" aria-level=""1""&gt;&lt;strong&gt;Customer Satisfaction:&lt;/strong&gt;&lt;span style=""font-weight: 400;""&gt; Our commitment to customer satisfaction is unwavering. With a seamless online shopping experience and dedicated customer support. We ensure that your journey with us is as enjoyable as wearing our &lt;/span&gt;&lt;strong&gt;kilt sets&lt;/strong&gt;&lt;span style=""font-weight: 400;""&gt;.&lt;/span&gt;&lt;/li&gt;
&lt;li style=""font-weight: 400;"" aria-level=""1""&gt;&lt;strong&gt;Express Your Style:&lt;/strong&gt;&lt;span style=""font-weight: 400;""&gt; Whether you're attending a wedding or a casual outing our kilt sets provide a canvas for self-expression. Choose a &lt;/span&gt;&lt;strong&gt;kilt deal&lt;/strong&gt;&lt;span style=""font-weight: 400;""&gt; that resonates with your personality and showcases your unique style.&lt;/span&gt;&lt;/li&gt;
&lt;/ul&gt;
&lt;p&gt;&lt;span style=""font-weight: 400;""&gt;Our Kilt Sets redefine fashion by blending the richness of tradition with the vibrancy of modern style. Explore our collection kilt deals, and elegance like never before. Dress up, stand out, and make a statement with our Kilt Sets&lt;/span&gt;&lt;/p&gt;</div>"
108,Military Drummer Doublets,military-drummer-doublets,0,5,1/3/5/108,3,
109,Tweed Kilt Jackets,tweed-kilt-jackets,1,5,1/3/5/109,3,
110,Jackets,kilt-jackets,1,52,1/52/110,2,"<div data-content-type=""html"" data-appearance=""default"" data-element=""main"">&lt;h2&gt;&lt;strong&gt;Kilt Jacket and Waistcoat&lt;/strong&gt;&lt;/h2&gt;
&lt;p&gt;&lt;strong&gt;Kilt Jackets&lt;/strong&gt; are an essential item of outfit. A perfectly matched &lt;strong&gt;kilt jacket&lt;/strong&gt; is required to complete the outfit. These are single-breasted jackets and are decorated with silver buttons. &lt;strong&gt;Kilt Jackets and Waistcoats&lt;/strong&gt; are designed in a stylish way. They have studs or buttons on the front and cuffs. They give an elegant look to the outfit. Pockets on &lt;strong&gt;Kilt Jackets&lt;/strong&gt; give extra space to hold small items like keys, handkerchiefs, etc. These pockets also have small flaps that prevent the items from falling outside the pockets. The shoulders of the kilt jacket are decorated with epaulets and studs. The should straps or epaulets are twills in a way that gives a beautiful look and have a fantastic impression.
&lt;/p&gt;
&lt;h2&gt;&lt;strong&gt;Buy Kilt Jackets For Sale&lt;/strong&gt;&lt;/h2&gt;
&lt;p&gt;If you are looking for a &lt;strong&gt; kilt jacket and waistcoat&lt;/strong&gt; to wear at formal or informal events, you can &lt;strong&gt;buy a Scottish jacket&lt;/strong&gt; of your choice here. We always value our customers, so our jackets are made with premium materials by professional experts. Also, You can choose our customization offer option to get a unique &lt;strong&gt;kilt jacket&lt;/strong&gt;. We have &lt;strong&gt;Kilt jackets&lt;/strong&gt; in black, blue, and grey colours.&lt;/p&gt;
&lt;p&gt;From the &lt;span style=""text-decoration: underline;""&gt;&lt;a title=""Prince Charlie Kilt Jacket"" href=""https://utilitykilt.co.uk/prince-charlie-jacket""&gt;&lt;strong&gt;Prince Charlie Kilt Jacket&lt;/strong&gt;&lt;/a&gt;&lt;/span&gt; to the &lt;span style=""text-decoration: underline;""&gt;&lt;a title=""Argyll kilt jacket"" href=""https://utilitykilt.co.uk/argyll-kilt-jackets""&gt;&lt;strong&gt;Argyll kilt jacket&lt;/strong&gt;&lt;/a&gt;&lt;/span&gt;, we have unique designs of &lt;strong&gt;kilt jackets for sale&lt;/strong&gt;. Choose your favourite jacket that matches your &lt;span style=""text-decoration: underline;""&gt;&lt;a title=""kilt outfit"" href=""https://utilitykilt.co.uk/kilt-outfits""&gt;&lt;strong&gt;kilt outfit&lt;/strong&gt;&lt;/a&gt;&lt;/span&gt;. Both jackets are specially made for customers to choose the variation. We have &lt;strong&gt;kilt jackets&lt;/strong&gt; and classics as well. Order your jacket now from our online store. We will deliver quality kilt jackets from our online store.&lt;/p&gt;

&lt;p&gt;If you need any help with purchasing from our online store. Please use our chat option or email us at our address &lt;span style=""text-decoration: underline;""&gt;&lt;strong&gt;&lt;a title=""support@utilitykilt.co.uk"" href=""mailto:support@utilitykilt.co.uk""&gt;support@utilitykilt.co.uk&lt;/a&gt;&lt;/strong&gt;&lt;/span&gt;. There we will assist you with any difficulty you have in the purchasing process.&lt;/p&gt;</div>"
113,Sporrans,kilt-sporrans,1,52,1/52/113,2,"<div data-content-type=""html"" data-appearance=""default"" data-element=""main"">&lt;h2&gt;&lt;strong&gt;&lt;span data-preserver-spaces=""true""&gt;Kilt Sporran&lt;/span&gt;&lt;/strong&gt;&lt;/h2&gt;
&lt;p&gt;&lt;strong&gt;&lt;span data-preserver-spaces=""true""&gt;Kilt Sporran&lt;/span&gt;&lt;/strong&gt;&lt;span data-preserver-spaces=""true""&gt;&amp;nbsp;is a small bag or purse to hold your belongings and give you freedom of movement.&amp;nbsp;&lt;/span&gt;&lt;strong&gt;&lt;span data-preserver-spaces=""true""&gt;Scottish Sporran&lt;/span&gt;&lt;/strong&gt;&lt;span data-preserver-spaces=""true""&gt;&amp;nbsp;not only gives an extra space but also enhances the beauty of your outfit. Tassels on the front give an elegant look to&amp;nbsp;&lt;/span&gt;&lt;strong&gt;&lt;span data-preserver-spaces=""true""&gt;Scotsman Sporran&lt;/span&gt;&lt;/strong&gt;&lt;span data-preserver-spaces=""true""&gt;. Flaps on the upper portion of Sporran secure your things&lt;/span&gt;&lt;span data-preserver-spaces=""true""&gt;. Each of these has different shape and space options. These sporrans can be held at the waistline with a belt &amp;amp; chain combination.&amp;nbsp;&lt;/span&gt;&lt;/p&gt;
&lt;h2&gt;&lt;strong&gt;&lt;span data-preserver-spaces=""true""&gt;Buy Kilt Sporrans for Your Outfit&lt;/span&gt;&lt;/strong&gt;&lt;/h2&gt;
&lt;p&gt;&lt;span data-preserver-spaces=""true""&gt;So most people are curious about selecting a &lt;strong&gt;kilt sporrans&lt;/strong&gt; as a perfect match for their outfit. We have all types of &lt;/span&gt;&lt;strong&gt;&lt;span data-preserver-spaces=""true""&gt;sporrans for sale&lt;/span&gt;&lt;/strong&gt;&lt;span data-preserver-spaces=""true""&gt;&amp;nbsp;that can make your selection process easier and provide a variety. Each of the sporrans is handmade and designed by expert sporran makers. They are&amp;nbsp;&lt;/span&gt;&lt;strong&gt;&lt;span data-preserver-spaces=""true""&gt;handmade Sporran&lt;/span&gt;&lt;/strong&gt;&lt;span data-preserver-spaces=""true""&gt;&amp;nbsp;crafted with care and perfection. Different Celtic designs make these sporrans more beautiful and stylish than others. So order the Sporran you like. They can be worn with any &lt;a title=""kilt outfit"" href=""https://utilitykilt.co.uk/kilt-outfits""&gt;&lt;span style=""text-decoration: underline;""&gt;&lt;strong&gt;kilt outfit&lt;/strong&gt;&lt;/span&gt;&lt;/a&gt;, either an&amp;nbsp;&lt;span style=""text-decoration: underline;""&gt;&lt;a title=""Argyle Kilt Outfit"" href=""https://utilitykilt.co.uk/argyll-kilt-outfit""&gt;&lt;strong&gt;Argyle Kilt Outfit&lt;/strong&gt;&lt;/a&gt;&lt;/span&gt;&amp;nbsp;or a&amp;nbsp;&lt;a title=""Prince Charlie Kilt Outfit"" href=""https://utilitykilt.co.uk/prince-charlie-kilt-outfit""&gt;&lt;span style=""text-decoration: underline;""&gt;&lt;strong&gt;Prince Charlie Kilt Outfit&lt;/strong&gt;&lt;/span&gt;&lt;/a&gt;. We would deliver quality sporran. Sporrans are traditional &lt;/span&gt;&lt;span style=""text-decoration: underline;""&gt;&lt;a title=""kilt accessories"" href=""https://utilitykilt.co.uk/kilt-accessories""&gt;&lt;strong&gt;kilt accessories&lt;/strong&gt;&lt;/a&gt;&lt;/span&gt;&lt;span data-preserver-spaces=""true""&gt; made with different materials. Sporran come in different variations:&amp;nbsp;&lt;span style=""text-decoration: underline;""&gt;&lt;a title=""leather sporran"" href=""https://utilitykilt.co.uk/leather-sporrans""&gt;&lt;strong&gt;leather sporran&lt;/strong&gt;&lt;/a&gt;&lt;/span&gt;,&amp;nbsp;&lt;a title=""dress sporran"" href=""https://utilitykilt.co.uk/dress-sporrans""&gt;&lt;span style=""text-decoration: underline;""&gt;&lt;strong&gt;dress sporran&lt;/strong&gt;&lt;/span&gt;&lt;/a&gt;&amp;nbsp;&amp;amp;&amp;nbsp;&lt;a title=""horse hair sporran"" href=""https://utilitykilt.co.uk/horse-hair-sporrans""&gt;&lt;span style=""text-decoration: underline;""&gt;&lt;strong&gt;horse hair sporran&lt;/strong&gt;&lt;/span&gt;&lt;/a&gt;.&amp;nbsp;&lt;/span&gt;&lt;/p&gt;
&lt;p&gt;&lt;span data-preserver-spaces=""true""&gt;For any queries, please visit our&amp;nbsp;&lt;/span&gt;&lt;span style=""text-decoration: underline;""&gt;&lt;a title=""FAQ"" href=""https://utilitykilt.co.uk/faq""&gt;&lt;strong&gt;faq&lt;/strong&gt;&lt;/a&gt;&lt;/span&gt;&lt;span data-preserver-spaces=""true""&gt;&amp;nbsp;page, there we have answers to the general queries people ask about our customers. For any other issue related to the purchase of kilts on our online store, use the chat option or email us. We will solve your issue. Our email address to contact is&amp;nbsp;&lt;/span&gt;&lt;span style=""text-decoration: underline;""&gt;&lt;a class=""editor-rtfLink"" title=""support@utilitykilt.co.uk."" href=""mailto:support@utilitykilt.co.uk."" target=""_blank"" rel=""noopener""&gt;&lt;strong&gt;support@utilitykilt.co.uk.&lt;/strong&gt;&lt;/a&gt;&lt;/span&gt;&lt;/p&gt;
&lt;p&gt;&amp;nbsp;&lt;/p&gt;</div>"
116,Kids Kilt,kids-kilt,1,207,1/52/207/116,3,"<div data-content-type=""html"" data-appearance=""default"" data-element=""main"">&lt;h2&gt;Buy Kids Kilts&lt;/h2&gt;
&lt;p&gt;&lt;strong&gt;Kids Kilts&lt;/strong&gt;, let your children be aware of their Scottish traditions and culture. Get &lt;strong&gt;boys kilt&lt;/strong&gt; as the best attire for your children for Scottish events. &lt;strong&gt;Childs kilt&lt;/strong&gt; is the same as normal kilts but smaller in size. &lt;strong&gt;Child Kilts&lt;/strong&gt; come in both traditional and modern styles. They can be worn at formal and informal events. Smaller-sized kilts have no pockets option due to the lessor spacer on both sides. Most of these kilts come in drill jeans and acrylic wool. &lt;strong&gt;Kids kilts&lt;/strong&gt; have both button and strap fastening options. Traditional baby kilts have mostly strap fastening. In comparison, modern kids kilts have button fastening options.&lt;/p&gt;
&lt;h2&gt;&lt;strong&gt;Best Quality &lt;/strong&gt;Boys Kilts&lt;/h2&gt;
&lt;p&gt;We at &lt;span style=""text-decoration: underline;""&gt;&lt;a title=""UtilityKilt"" href=""https://utilitykilt.co.uk/""&gt;&lt;strong&gt;UtilityKilt&lt;/strong&gt;&lt;/a&gt;&lt;/span&gt; make &lt;strong&gt;children's kilts&lt;/strong&gt; that are comfortable to wear. These &lt;strong&gt;boys kilts&lt;/strong&gt; are made in traditional, modern unique styles. Order your custom children's kilts from Our store at a low price. We will make your kilt according to your requirements and needs. We have different kilt types available at our online store. These kilts include &lt;span style=""text-decoration: underline;""&gt;&lt;a title=""kids utility kilts"" href=""https://utilitykilt.co.uk/kids-utility-kilts""&gt;&lt;strong&gt;kids utility kilts&lt;/strong&gt;&lt;/a&gt;&lt;/span&gt;, &lt;span style=""text-decoration: underline;""&gt;&lt;a title=""kids tartan kilts"" href=""https://utilitykilt.co.uk/kids-tartan-kilts""&gt;&lt;strong&gt;kids tartan kilts&lt;/strong&gt;&lt;/a&gt;&lt;/span&gt;, &lt;strong&gt;Kids hybrid kilts&lt;/strong&gt;, and others. That makes it a perfect choice to wear at any event. Our kilts are made of quality material that lasts for a long time. Our expert tailors will make your kilts with a cure so that they can last for a long time. Your kilts are stitched perfectly and according to the given size and shape, making them easy to wear.&lt;/span&gt;&lt;/p&gt;
&lt;p&gt;If you have any issues, please buy from our online store. Use the chat option or send an email to &lt;strong&gt;&lt;span style=""text-decoration: underline;""&gt;&lt;a class=""editor-rtfLink"" title=""support@utilitykilt.co.uk"" href=""mailto:support@utilitykilt.co.uk"" target=""_blank"" rel=""noopener""&gt;support@utilitykilt.co.uk&lt;/a&gt;&lt;/span&gt;&lt;/strong&gt;. One of our representatives will help you in the buying process. If you have any general queries visit our &lt;a title=""FAQ"" href=""https://utilitykilt.co.uk/faq""&gt;&lt;span style=""text-decoration: underline;""&gt;&lt;strong&gt;FAQ&lt;/strong&gt;&lt;/span&gt;&lt;/a&gt; page. There we have answered the general queries asked by the people.&lt;/p&gt;</div>"
117,Argyll Jackets,argyll-kilt-jackets,1,110,1/52/110/117,3,"<div data-content-type=""html"" data-appearance=""default"" data-element=""main"">&lt;h2&gt;&lt;strong&gt;Argyle Kilt Jackets&lt;/strong&gt;&lt;/h2&gt;
&lt;p&gt;&lt;strong&gt;Argyle Jacket&lt;/strong&gt; is a versatile highland jacket worn at formal and informal events.&lt;strong&gt;Argyll jackets &lt;/strong&gt; are designed shorter than ordinary jackets to make the kilt visible.&lt;strong&gt;Argyll jackets&lt;/strong&gt; come with flapped pockets that make it safer to hold your belongings. These pockets can hold small daily items like keys and other things. &lt;strong&gt; Argyll Kilt Jacket&lt;/strong&gt; has another pocket on the left top to keep your handkerchief, increasing the Jacket's decency. Also, the &lt;strong&gt; argyle kilt jacket &lt;/strong&gt; has epaulettes at the shoulder, which decorate the Jacket's upper part. The &lt;strong&gt; argyle jacket&lt;/strong&gt; is worn with a five-button waistcoat. &lt;strong&gt; Argyll jacket and waistcoat &lt;/strong&gt; have gauntlet cuffs and silver buttons for decoration.&lt;/p&gt;
&lt;h2&gt;&lt;strong&gt; Argyll Kilt Jackets and Waistcoats &lt;/strong&gt;&lt;/h2&gt;
&lt;p&gt;We Made &lt;strong&gt; Argyle kilt jackets &lt;/strong&gt; durable and long-lasting. You will find the best &lt;strong&gt; argyll jackets and waistcoats &lt;/strong&gt; from our extensive collection, and also we are offering a customization option to our valuable customers. Check our &lt;span style=""text-decoration: underline;""&gt;&lt;a title=""Kilt Jacket"" href=""https://utilitykilt.co.uk/kilt-jackets""&gt;&lt;strong&gt;Kilt Jacket&lt;/strong&gt;&lt;/a&gt;&lt;/span&gt; section to get more variations for your upcoming events. We have premium quality &lt;strong&gt; Modern kilt jackets&lt;/strong&gt; at a low price. Multiple colours are available in the &lt;strong&gt; Argyll Kilt Jacket &lt;/strong&gt;. The primary colours we focus on are Black, Blue, and Grey. Each has its appearance and look that makes it attractive. That makes it a perfect choice for you to wear. You can wear a Jacobite Ghillie kilt shirt with these jackets for a traditional appearance. Other then Argyll Kilt Jackets, we also have &lt;span style=""text-decoration: underline;""&gt;&lt;a title=""Prince Charlie Kilt Jacket"" href=""https://utilitykilt.co.uk/prince-charlie-jacket""&gt;&lt;strong&gt;Prince Charlie Kilt Jacket&lt;/strong&gt;&lt;/a&gt;&lt;/span&gt;&lt;/p&gt;
&lt;p&gt;For those who have an issue purchasing from our online store, we have a chat option for your concerns, or you can email us at &lt;span style=""text-decoration: underline;""&gt;&lt;a title=""support@utilitykilt.co.uk"" href=""mailto:support@utilitykilt.co.uk""&gt;&lt;strong&gt;support@utilitykilt.co.uk&lt;/strong&gt;&lt;/a&gt;&lt;/span&gt;. We are there to assist you in the purchase process. For common queries, we have a &lt;span style=""text-decoration: underline;""&gt;&lt;a title=""Faq"" href=""https://utilitykilt.co.uk/faq""&gt;&lt;strong&gt;faq&lt;/strong&gt;&lt;/a&gt;&lt;/span&gt;&lt;span data-preserver-spaces=""true""&gt; page. Please visit that page for the general questions the people ask about the issues they have faced. Order your kilt jacket now to get the best prices for your purchase.&lt;/span&gt;&lt;/p&gt;</div>"
121,Prince Charlie Jacket,prince-charlie-jacket,1,110,1/52/110/121,3,"<div data-content-type=""html"" data-appearance=""default"" data-element=""main"">&lt;h2&gt;&lt;strong&gt;Prince Charlie jacket&lt;/strong&gt;&lt;/h2&gt;
&lt;p&gt;&lt;strong&gt;Prince Charlie jacket&lt;/strong&gt; is an iconic jacket perfect for formal events. It can be worn with a shirt and waistcoat. The &lt;strong&gt;Prince Charlie kilt jacket&lt;/strong&gt; has a stud at the shoulder for a stylish look. The &lt;strong&gt;Prince Charles Jacket&lt;/strong&gt; has gauntlet cuffs and silver buttons. Three-button design on the cuffs gives an appealing look. &lt;strong&gt;Bonnie Prince Charlie jacket&lt;/strong&gt; and vest is a single-breasted jacket with a tail on the back. &lt;strong&gt;Prince Charlie Jackets and Waistcoats&lt;/strong&gt; have three-button patterns on the jacket and waistcoat. The &lt;strong&gt;Prince Charlie Jacket&lt;/strong&gt; has pockets on both sides and a single pocket on the front. Side Pockets have flaps, and the front pocket is left open for handkerchiefs.&lt;/p&gt;
&lt;h2&gt;&lt;strong&gt;Prince Charles Jacket&lt;/strong&gt;&lt;/h2&gt;
&lt;p&gt;&lt;strong&gt;Prince Charles jackets&lt;/strong&gt; are tailored with the finest wool under the supervision of experts. The front and tail side of &lt;strong&gt;Prince Charles Kilt Jackets&lt;/strong&gt; are decorated with silver buttons. It imparts a splendid look to this jacket. We have a collection of P&lt;strong&gt;rince Charlie Jackets and Waistcoats&lt;/strong&gt; with accessories. That would help to complete your &lt;span style=""text-decoration: underline;""&gt;&lt;a title=""kilt outfit"" href=""https://utilitykilt.co.uk/kilt-outfits""&gt;&lt;strong&gt;kilt outfit&lt;/strong&gt;&lt;/a&gt;&lt;/span&gt;. We at &lt;span style=""text-decoration: underline;""&gt;&lt;a title=""Utilitykilt"" href=""https://utilitykilt.co.uk/""&gt;&lt;strong&gt;Utilitykilt&lt;/strong&gt;&lt;/a&gt;&lt;/span&gt; offer &lt;strong&gt;Prince Charlie Kilt Jackets&lt;/strong&gt; and waistcoats in size customization. You can pick your favourite &lt;span style=""text-decoration: underline;""&gt;&lt;strong&gt;&lt;a title=""kilt jacket"" href=""https://utilitykilt.co.uk/kilt-jackets""&gt;kilt jacket&lt;/a&gt;&lt;/strong&gt;&lt;/span&gt; in black, blue and grey. Other than &lt;strong&gt;Prince Charlie Kilt Jacke&lt;/strong&gt;t, we also have the option to choose &lt;span style=""text-decoration: underline;""&gt;&lt;a title=""Argyll Kilt Jacket"" href=""https://utilitykilt.co.uk/argyll-kilt-jackets""&gt;&lt;strong&gt;Argyll Kilt Jacket&lt;/strong&gt;&lt;/a&gt;&lt;/span&gt;. For a traditional look, buy a &lt;span style=""text-decoration: underline;""&gt;&lt;a title=""Jacobite Ghillie kilt shirt"" href=""https://utilitykilt.co.uk/kilt-shirts""&gt;&lt;strong&gt;Jacobite Ghillie kilt shirt&lt;/strong&gt;&lt;/a&gt;&lt;/span&gt; and a jacket from our store for your upcoming events.&lt;/p&gt;
&lt;p&gt;For any issues in the purchase process, contact us with a chat option or email at &lt;span style=""text-decoration: underline;""&gt;&lt;a title=""support@utilitykilt.co.uk"" href=""mailto:support@utilitykilt.co.uk""&gt;&lt;strong&gt;support@utilitykilt.co.uk&lt;/strong&gt;&lt;/a&gt;&lt;/span&gt;. We are always there to assist you in the buying process and help you in all matters. We have a &lt;span style=""text-decoration: underline;""&gt;&lt;a title=""Faq"" href=""https://utilitykilt.co.uk/faq""&gt;&lt;strong&gt;Faq&lt;/strong&gt;&lt;/a&gt;&lt;/span&gt; page for common queries, which includes the common queries of people who ask routine queries.&lt;/p&gt;</div>"
122,Dress Sporrans,dress-sporrans,1,113,1/52/113/122,3,
123,Leather Sporrans,leather-sporrans,1,113,1/52/113/123,3,
124,Horse Hair Sporrans,horse-hair-sporrans,1,113,1/52/113/124,3,
125,Denim Kilts,denim-kilts,1,154,1/52/207/154/125,4,"<div data-content-type=""html"" data-appearance=""default"" data-element=""main"">&lt;p&gt;&lt;strong&gt;Denim Kilt&lt;/strong&gt;&lt;span style=""font-weight: 400;""&gt; is made of Jeans Fabric. &lt;/span&gt;&lt;strong&gt;Men's denim kilts&lt;/strong&gt;&lt;span style=""font-weight: 400;""&gt; are popular due to their fashion and are similar to the utility category. It's a perfect kilt to wear on formal and informal occasions. Keeping in check the requirements of modern men, we have made our denim kilt with large pockets and hooks. These kilts are more durable and long-lasting. The front of &lt;/span&gt;&lt;strong&gt;Jean's kilt&lt;/strong&gt;&lt;span style=""font-weight: 400;""&gt; is plain, while the rear is pleated, which gives a classic look. They have button and buckle fastening. Belt loops help to hold the belt at the waist. D-rings are attached with belt loops that can easily hold the key chains and other small items. Men's denim kilts come in multi-color variations.&amp;nbsp;&lt;/span&gt;&lt;/p&gt;
&lt;h2&gt;&lt;strong&gt;Best Mens Denim Kilts&lt;/strong&gt;&lt;/h2&gt;
&lt;p&gt;&lt;span style=""font-weight: 400;""&gt;We at &lt;/span&gt;&lt;span style=""text-decoration: underline;""&gt;&lt;a title=""Utilitykilt"" href=""https://utilitykilt.co.uk/""&gt;&lt;strong&gt;Utilitykilt&lt;/strong&gt;&lt;/a&gt;&lt;/span&gt;&lt;span style=""font-weight: 400;""&gt; offer &lt;/span&gt;&lt;strong&gt;Denim kilts&lt;/strong&gt;&lt;span style=""font-weight: 400;""&gt; in premium quality material. Detachable pockets make it more usable. These pockets can be removed as per requirements. Studs and chains on our denim kilts collections make it a more attractive choice to wear at different events. &lt;/span&gt;&lt;strong&gt;Men's Denim kilts&lt;/strong&gt;&lt;span style=""font-weight: 400;""&gt; are specially designed for kilt lovers. Find your best denim kilts from Utilitykilt. We deliver the best kilts in the UK and Worldwide.&lt;/span&gt;&lt;/p&gt;
&lt;h2&gt;&lt;strong&gt;Buy Jeans Kilts&amp;nbsp;&lt;/strong&gt;&lt;/h2&gt;
&lt;p&gt;&lt;span style=""font-weight: 400;""&gt;&lt;strong&gt;Jeans kilts&lt;/strong&gt; are stylish in design and have modern fashioned fabric. These kilts are mostly used in festivals and other events like that. Along With &lt;strong&gt;Jeans kilts&lt;/strong&gt;, we also have a variety of other &lt;/span&gt;&lt;span style=""text-decoration: underline;""&gt;&lt;a title=""kilts for men"" href=""https://utilitykilt.co.uk/kilts-for-men""&gt;&lt;strong&gt;kilts for men&lt;/strong&gt;&lt;/a&gt;&lt;/span&gt;&lt;span style=""font-weight: 400;""&gt;, like &lt;/span&gt;&lt;span style=""text-decoration: underline;""&gt;&lt;a title=""utility kilts"" href=""https://utilitykilt.co.uk/utility-kilts""&gt;&lt;strong&gt;utility kilts&lt;/strong&gt;&lt;/a&gt;&lt;/span&gt;&lt;span style=""font-weight: 400;""&gt;, &lt;/span&gt;&lt;span style=""text-decoration: underline;""&gt;&lt;a title=""hybrid kilts"" href=""https://utilitykilt.co.uk/hybrid-kilt""&gt;&lt;strong&gt;hybrid kilts&lt;/strong&gt;&lt;/a&gt;&lt;/span&gt;&lt;span style=""font-weight: 400;""&gt;, &lt;/span&gt;&lt;strong&gt;&lt;span style=""text-decoration: underline;""&gt;&lt;a title=""leather kilts"" href=""https://utilitykilt.co.uk/leather-kilts""&gt;leather kilts&lt;/a&gt;&lt;/span&gt;, and &lt;span style=""text-decoration: underline;""&gt;&lt;a title=""tartan kilts"" href=""https://utilitykilt.co.uk/tartan-kilt""&gt;tartan kilts&lt;/a&gt;&lt;/span&gt;&lt;/strong&gt;&lt;span style=""font-weight: 400;""&gt;&lt;span style=""text-decoration: underline;""&gt;.&lt;/span&gt; We deliver kilts in custom sizes and shapes. So book your order today, and our expert tailors will make it for you. We care about our valuable customers.&lt;/span&gt;&lt;/p&gt;
&lt;p&gt;&lt;span style=""font-weight: 400;""&gt;For more assistance with our purchase process, move to our &lt;/span&gt;&lt;a title=""Faq"" href=""https://utilitykilt.co.uk/faq""&gt;&lt;strong&gt;&lt;span style=""text-decoration: underline;""&gt;Faq&lt;/span&gt;&lt;/strong&gt;&lt;/a&gt;&lt;span style=""font-weight: 400;""&gt; page. If you still have an issue, use our chat option or email us at &lt;/span&gt;&lt;span style=""text-decoration: underline;""&gt;&lt;a title=""support@utilitykilt.co.uk"" href=""mailto:support@utilitykilt.co.uk""&gt;&lt;strong&gt;support@utilitykilt.co.uk&lt;/strong&gt;&lt;/a&gt;&lt;/span&gt;&lt;span style=""font-weight: 400;""&gt;. We will help you there in the buying process. Our dedicated team member will guide you through the process and any further issues.&amp;nbsp;&amp;nbsp;&lt;/span&gt;&lt;/p&gt;</div>"
129,Flag Kilts,flag-kilts,1,154,1/52/207/154/129,4,"<div data-content-type=""html"" data-appearance=""default"" data-element=""main"">&lt;h2&gt;&lt;strong&gt;Buy Flag Kilts&lt;/strong&gt;&lt;/h2&gt;
&lt;p&gt;&lt;strong&gt;Flag kilts&lt;/strong&gt; are designed especially for patriotic people who love their country and want to show love in their dresses. These kilts are more symbolic than the other kilts. &lt;strong&gt;Patriotic kilts&lt;/strong&gt; are perfect for national days like parade days or other national events. But they are more than just specific to national circumstances and can be worn at other events. These kilts are made with 100% cotton material and in flag patterns. They give a feeling of pride and honour to the wearer. Most are in a modish design with utility features that provide comfort. The &lt;strong&gt;flag kilt&lt;/strong&gt;has pockets, and rust-free hardware, including studs, rings, etc., is also attached. These kilts have a plain front apron &amp;amp; pleats at the rear.&lt;/p&gt;
&lt;h2&gt;&lt;strong&gt;Best Patriotic Kilts&lt;/strong&gt;&lt;/h2&gt;
&lt;p&gt;We have various &lt;strong&gt;Patriotic kilts&lt;/strong&gt; for different countries if you want a flag kilt for upcoming events. If you have not found a kilt of your country's flag on our site, use the chat option or email us at &lt;span style=""text-decoration: underline;""&gt;&lt;a title=""support@utilitykilt.co.uk"" href=""mailto:support@utilitykilt.co.uk""&gt;&lt;strong&gt;support@utilitykilt.co.uk&lt;/strong&gt;&lt;/a&gt;&lt;/span&gt;. We will make a kilt for you in the desired flag pattern. Our &lt;strong&gt;flag kilts&lt;/strong&gt; are made in a utility style for productivity and a stylish look. Pockets will give extra space and a modish look. To get a perfectly sized kilt for yourself, use our customization option. Select the perfect fit size, and we will make it for you. For your ease, we have a kilt measurement guide page to avoid any sizing issues. Some of our most demanding &lt;strong&gt;patriotic kilts&lt;/strong&gt; are the &lt;strong&gt;American flag kilts, &lt;/strong&gt;&lt;strong&gt;Scottish flag kilts,&lt;/strong&gt;&amp;nbsp;and&lt;strong&gt; England flag kilts&lt;/strong&gt;. Other than Patriotic kilts, you can purchase other modern &amp;amp; traditional kilts like&lt;a title=""men's utility kilts"" href=""https://utilitykilt.co.uk/utility-kilts""&gt;&lt;span style=""text-decoration: underline;""&gt;&lt;strong&gt; men's utility kilts&lt;/strong&gt;&lt;/span&gt;&lt;/a&gt;&lt;span data-preserver-spaces=""true""&gt;, &lt;/span&gt;&lt;span style=""text-decoration: underline;""&gt;&lt;a title=""hybrid kilts"" href=""https://utilitykilt.co.uk/hybrid-kilt""&gt;&lt;strong&gt;hybrid kilts&lt;/strong&gt;&lt;/a&gt;&lt;/span&gt;&lt;span data-preserver-spaces=""true""&gt;, and &lt;/span&gt;&lt;span style=""text-decoration: underline;""&gt;&lt;a title=""tartan kilts"" href=""https://utilitykilt.co.uk/tartan-kilt""&gt;&lt;strong&gt;tartan kilts&lt;/strong&gt;&lt;/a&gt;&lt;/span&gt;. All these kilts are available at low prices premium quality. So make your decision today.&lt;/p&gt;</div>"
131,Tactical Kilts,tactical-kilts,1,154,1/52/207/154/131,4,"<div data-content-type=""html"" data-appearance=""default"" data-element=""main"">&lt;p&gt;&lt;strong&gt;Tactical kilts &lt;/strong&gt;&lt;span style=""font-weight: 400;""&gt;are made with durable materials specifically designed for military lovers. Also, &lt;/span&gt;&lt;strong&gt;combat kilts&lt;/strong&gt;&lt;span style=""font-weight: 400;""&gt; are the perfect choice for challenging jobs, including hiking, rugged outdoors, etc. &lt;/span&gt;&lt;strong&gt;Tactical kilts &lt;/strong&gt;&lt;span style=""font-weight: 400;""&gt;come with featured cargo-style pockets to keep your accessories. &lt;/span&gt;&lt;strong&gt;Camo Kilts&lt;/strong&gt;&lt;span style=""font-weight: 400;""&gt; have button fastening and loops to hold the belt at the waistline. While d-rings with the loop helps to hold the keys or other small items like that. Similar to other kilts, &lt;/span&gt;&lt;strong&gt;Tactical kilts &lt;/strong&gt;&lt;span style=""font-weight: 400;""&gt;have a pleated design on the backside. Customer satisfaction is our mission, so we brought an extensive collection of &lt;/span&gt;&lt;strong&gt;camo kilts&lt;/strong&gt;&lt;span style=""font-weight: 400;""&gt;. These are made with the best material and by experienced tailors. You can always get the &lt;/span&gt;&lt;strong&gt;tactical kilt&lt;/strong&gt;&lt;span style=""font-weight: 400;""&gt; of your choice from our online store.&amp;nbsp;&lt;/span&gt;&lt;/p&gt;
&lt;h2&gt;&lt;strong&gt;Best Combat Kilts&lt;/strong&gt;&lt;/h2&gt;
&lt;p&gt;&lt;strong&gt;Combat kilt &lt;/strong&gt;&lt;span style=""font-weight: 400;""&gt;is practical and visually attractive. It’s popular due to its unique design. It has extra pockets to keep your necessary things secure. Best-quality fabric is used in making these kilts. It’s made according to the latest designs.&amp;nbsp;&lt;/span&gt;&lt;/p&gt;
&lt;h2&gt;&lt;strong&gt;Camouflage&lt;/strong&gt; &lt;strong&gt;and Camo Kilts&lt;/strong&gt;&lt;/h2&gt;
&lt;p&gt;&lt;strong&gt;Camouflage Kilts&lt;/strong&gt;&lt;span style=""font-weight: 400;""&gt; have stunning shades in stylish digital camo. These kilts are perfect for outdoor activities. They are liked by those who go hunting on vacations. &lt;strong&gt;Camouflage kilts&lt;/strong&gt; are made of durable material&lt;/span&gt;&lt;/p&gt;
&lt;p&gt;&lt;span style=""font-weight: 400;""&gt;For those who want other &lt;/span&gt;&lt;span style=""text-decoration: underline;""&gt;&lt;a title=""Kilts For Men"" href=""https://utilitykilt.co.uk/kilts-for-men""&gt;&lt;strong&gt;kilts for men&lt;/strong&gt;&lt;/a&gt;&lt;/span&gt;&lt;span style=""font-weight: 400;""&gt;, we have a variety of &lt;/span&gt;&lt;span style=""text-decoration: underline;""&gt;&lt;a title=""Tartan Kilts"" href=""https://utilitykilt.co.uk/tartan-kilt""&gt;&lt;strong&gt;tartan kilts&lt;/strong&gt;&lt;/a&gt;&lt;/span&gt;&lt;span style=""font-weight: 400;""&gt;, &lt;/span&gt;&lt;a title=""Denim Kilts"" href=""https://utilitykilt.co.uk/denim-kilts""&gt;&lt;strong&gt;&lt;span style=""text-decoration: underline;""&gt;denim kilts&lt;/span&gt;&lt;/strong&gt;&lt;/a&gt;&lt;span style=""font-weight: 400;""&gt;, &lt;/span&gt;&lt;span style=""text-decoration: underline;""&gt;&lt;a title=""Utility Kilts"" href=""https://utilitykilt.co.uk/utility-kilts""&gt;&lt;strong&gt;utility kilts&lt;/strong&gt;&lt;/a&gt;&lt;/span&gt;&lt;span style=""font-weight: 400;""&gt; and much more. You can select your favourite kilt from our store. We make the best quality kilts for valued customers. If you have any issues purchasing from our online store, use our chat option for help or email us at &lt;/span&gt;&lt;span style=""text-decoration: underline;""&gt;&lt;strong&gt;&lt;a title=""support@utilitykilt.co.uk"" href=""mailto:support@utilitykilt.co.uk""&gt;support@utilitykilt.co.uk&lt;/a&gt;&lt;/strong&gt;&lt;/span&gt;&lt;span style=""font-weight: 400;""&gt;. We will help you there with your problem. &lt;/span&gt;&lt;/p&gt;</div>"
132,Modern Kilts,modern-kilts,0,154,1/52/207/154/132,4,"<p><span style=""font-weight: 400;"">Our </span><strong>modern kilts</strong><span style=""font-weight: 400;""> are the latest version of the traditional kilt and are worn at both formal and informal events. These kilts are also considered </span><strong>modern wedding kilts</strong><span style=""font-weight: 400;""> owing to their high demand at weddings. These kilts are made with premium materials that ensure the quality of the kilt. </span><strong>Modern kilts</strong><span style=""font-weight: 400;""> come with side pockets to keep the accessories that people use to carry with them. To make the kilt stylish, rust-free hardware including studs, rings, and chains is used. If you are the groom or going to attend the marriage ceremony of your beloved one, in either case, choosing this kilt as your</span> <span style=""font-weight: 400;"">wedding outfit</span> <span style=""font-weight: 400;"">will be the best option. If you need more unique designs, choose our customization offer option.</span></p>"
133,Scottish Hats,scottish-glengarry-hats-and-caps,1,148,1/52/148/133,3,"<div data-content-type=""html"" data-appearance=""default"" data-element=""main"">&lt;p&gt;Scottish Glengarry Hats &amp;amp; Caps are part of traditional highland dress. Balmoral hats have a patch on one side with a bow tie &amp;amp; two ribbons on the back.&lt;/p&gt;</div>"
134,Kilt Pins,kilt-pins,1,148,1/52/148/134,3,
135,Kilt Tartan Tie,kilt-tartan-tie,1,148,1/52/148/135,3,"<div data-content-type=""html"" data-appearance=""default"" data-element=""main"">&lt;p&gt;Tartan Tie &amp;amp; Kilt Bowtie makes your outfit complete. Gives your Outfit a formal look. Mostly people search for a Matching tie with kilt tartan to give symmetric look. We at Utilitykilt offer almost every type of tartan tie that would match your kilt. Our Tartan Ties &amp;amp; Bowties are made with premium quality acrylic wool. &lt;/p&gt;</div>"
136,Kilt Buckle,kilt-buckle,1,148,1/52/148/136,3,
137,Fly Plaid,fly-plaid,1,148,1/52/148/137,3,
138,Shoes,kilt-shoes,1,148,1/52/148/138,3,"<div data-content-type=""html"" data-appearance=""default"" data-element=""main"">&lt;h2&gt;&lt;strong&gt;Kilt Shoes&lt;/strong&gt;&lt;/h2&gt;
&lt;p&gt;&lt;strong&gt;Kilt Shoes&lt;/strong&gt; are made in special designs for traditional dress. Scottish attire is complete with &lt;strong&gt;Ghillie Brogue shoes&lt;/strong&gt;. A perfect way to get a complete traditional look. Not only do the looks make it the perfect choice. They are also comfortable and give a better feel while walking or travelling. &lt;strong&gt;Brogues Kilt Shoes&lt;/strong&gt; come in leather material. These shoes have long laces to tie the boots below the knee. Laces are tied on the socks for a traditional look. The upper part of the shoes is designed traditionally. Where a nice design is created that enhances the beauty of the shoes. The lower part of the shoes is very comfy. It helps move in every situation and gives a great feel while sitting for a long time.&lt;/p&gt;
&lt;h2&gt;&lt;strong&gt;Ghillie Brogues Shoes&lt;/strong&gt;&lt;/h2&gt;
&lt;p&gt;&lt;strong&gt;Ghillie Brogues Shoes&lt;/strong&gt; available at &lt;span style=""text-decoration: underline;""&gt;&lt;a title=""UtilityKilt"" href=""https://utilitykilt.co.uk/""&gt;&lt;strong&gt;Utility Kilt UK&lt;/strong&gt;&lt;/a&gt;&lt;/span&gt; are made with leather. Order your shoes in the required sizes. We have Leather shoes in all sizes. Our &lt;strong&gt;Kilt shoes&lt;/strong&gt; are handmade and crafted with care. We made these with quality material for the satisfaction of our valuable customers. They are suitable for any formal and informal events. These shoes can be worn with both types of &lt;span style=""text-decoration: underline;""&gt;&lt;a title=""kilt outfits"" href=""https://utilitykilt.co.uk/kilt-outfits""&gt;&lt;strong&gt;kilt outfits&lt;/strong&gt;&lt;/a&gt;&lt;/span&gt;. Either it's Prince Charlie Outfit or Argyll Outfit. It matches with &lt;span style=""text-decoration: underline;""&gt;&lt;a title=""kilt accessories"" href=""https://utilitykilt.co.uk/kilt-accessories""&gt;&lt;strong&gt;kilt accessories&lt;/strong&gt;&lt;/a&gt;&lt;/span&gt;. So order the shoes today from our online store.&lt;/p&gt;
&lt;p&gt;If you feel any issues in purchasing from our online store. Use our chat option or email us at &lt;span style=""text-decoration: underline;""&gt;&lt;strong&gt;&lt;a class=""editor-rtfLink"" title=""support@utilitykilt.co.uk"" href=""mailto:support@utilitykilt.co.uk"" target=""_blank"" rel=""noopener""&gt;support@utilitykilt.co.uk&lt;/a&gt;&lt;/strong&gt;&lt;/span&gt;. We will help you in solving your problem. Our representative will guide you about the issue. So feel free to contact us. Our &lt;strong&gt;&lt;a title=""FAQ"" href=""https://utilitykilt.co.uk/faq""&gt;&lt;span style=""text-decoration: underline;""&gt;FAQ&lt;/span&gt;&lt;/a&gt;&lt;/strong&gt; page will help you with general queries. There we have provided answers to the common queries.&lt;/p&gt;</div>"
139,Kilt Shirts,kilt-shirts,1,148,1/52/148/139,3,"<div data-content-type=""html"" data-appearance=""default"" data-element=""main"">&lt;h2&gt;&lt;strong&gt; Jacobite Ghillie Kilt Shirt&lt;/strong&gt;&lt;/h2&gt;
&lt;p&gt;&lt;strong&gt;Ghillie Kilt shirts&lt;/strong&gt; are made for traditional Scottish dress. &lt;strong&gt;Jacobite Shirts&lt;/strong&gt; are more classic than the other shirts. They can be worn at both formal and informal events as well. They are smooth and comfortable to wear in any weather. Elegant in design and enhance the beauty of the outfit. They have drawstrings for shirt closure. On the cuffs of the &lt;strong&gt;kilt shirt&lt;/strong&gt;, two buttons are given that help close the sleeves better. They come under the kilt at the waistline. &lt;strong&gt;Kilt shirts&lt;/strong&gt; come in multiple colours like green, white, off-white and others. &lt;strong&gt;Jacobean shirts&lt;/strong&gt; have a collared neck. These shirts are made of twill cotton. That makes it more durable and long-lasting.&lt;/p&gt;
&lt;h2&gt;&lt;strong&gt;Jacobean Kilt Shirts&lt;/strong&gt;&lt;/h2&gt;
&lt;p&gt;We at &lt;a title=""Utilitykilt"" href=""https://utilitykilt.co.uk/""&gt;&lt;strong&gt;&lt;span style=""text-decoration: underline;""&gt;Utilitykilt&lt;/span&gt;&lt;/strong&gt;&lt;/a&gt; offer &lt;strong&gt;Kilt Shirts for Sale&lt;/strong&gt; in different colours and sizes. Select your accurate size and colour to order your shirt from our online store. Our expert tailors make &lt;strong&gt;Jacobean Kilt Shirts&lt;/strong&gt; for our valuable customers. It can be worn in almost every weather. Along with &lt;strong&gt;kilt shirts&lt;/strong&gt;, we also have a large collection of other &lt;span style=""text-decoration: underline;""&gt;&lt;a title=""kilt accessories"" href=""https://utilitykilt.co.uk/kilt-accessories""&gt;&lt;strong&gt;kilt accessories&lt;/strong&gt;&lt;/a&gt;&lt;/span&gt;. These accessories include sporrans, hats, shoes and others like that.&lt;/p&gt;
&lt;p&gt;If you need any help buying &lt;strong&gt;Kilt shirts&lt;/strong&gt; from our online store. Feel free to use our chat option or email us at &lt;span style=""text-decoration: underline;""&gt;&lt;a title=""support@utilitykilt.co.uk"" href=""mailto:support@utilitykilt.co.uk""&gt;&lt;strong&gt;support@utilitykilt.co.uk&lt;/strong&gt;&lt;/a&gt;&lt;/span&gt;. One of our representatives will help you solve your issue.&lt;/p&gt;</div>"
140,Kilt Flashes,kilt-flashes,1,148,1/52/148/140,3,
141,Kilt Socks,kilt-socks,1,148,1/52/148/141,3,
142,Women Utility Kilt,women-utility-kilt,1,59,1/52/207/59/142,4,"<div data-content-type=""html"" data-appearance=""default"" data-element=""main"">&lt;h2&gt;&lt;strong&gt;Buy Women Utility Kilt&lt;/strong&gt;&lt;/h2&gt;
&lt;p&gt;&lt;strong&gt;Women's Utility Kilts&lt;/strong&gt; are the upgraded version of a basic utility kilt. These kilts are cool, trendy, and more comfortable to wear. &lt;strong&gt;Ladies utility kilts&lt;/strong&gt; can be worn at formal or informal events like weddings or highland games. Utility kilts for women are made of 100% cotton material and drill jeans fabric. Pockets on both sides give extra space, and pockets' flaps help secure your essentials. The front of these kilts is plain as the normal kilts, and the rear is pleated for a traditional look. Buttons are given on the waistline to fasten the kilt. Loops on the waistline help to hold the belt.&lt;/p&gt;
&lt;h2&gt;&lt;strong&gt;Best Ladies Utility Kilt&lt;/strong&gt;&lt;/h2&gt;
&lt;p&gt;At &lt;strong&gt;&lt;span style=""text-decoration: underline;""&gt;&lt;a title=""Utilitykilt"" href=""https://utilitykilt.co.uk/""&gt;Utility kilt&lt;/a&gt; UK&lt;/span&gt;&lt;/strong&gt; you will find the best quality &lt;strong&gt;Ladies utility kilt&lt;/strong&gt; with premium fabric. Our experts make the perfect kilt for you to wear anywhere. Please select the best quality kilt and order it from our online store. We offer &lt;strong&gt;women&lt;/strong&gt; &lt;strong&gt;utility kilts &lt;/strong&gt; at a low price. Along with Women's utility kilts, we also made &lt;strong&gt;&lt;a title=""women's tartan kilts"" href=""https://utilitykilt.co.uk/women-tartan-kilts""&gt;&lt;span style=""text-decoration: underline;""&gt;women's tartan kilts&lt;/span&gt;&lt;/a&gt;, &lt;span style=""text-decoration: underline;""&gt;&lt;a title=""women's hybrid kilts"" href=""https://utilitykilt.co.uk/women-hybrid-kilt""&gt;women's hybrid kilts&lt;/a&gt;,&lt;/span&gt; &lt;span style=""text-decoration: underline;""&gt;&lt;a title=""women's denim kilts"" href=""https://utilitykilt.co.uk/women-denim-kilt""&gt;women's denim kilts&lt;/a&gt;&lt;/span&gt;&lt;/strong&gt; &lt;span style=""text-decoration: underline;""&gt;&lt;a title=""women's denim kilts"" href=""https://utilitykilt.co.uk/denim-kilt-for-women""&gt;.&lt;/a&gt;&lt;/span&gt; You can choose any kilt, and we will make your desired kilt. We also have a customization option to select the colour you want from our colour collection. Select the perfect size, colour &amp;amp; customized hardware for the kilt you buy from us. That would help to get a more stylish kilt from our online store.&lt;/p&gt;
&lt;p&gt;&lt;br&gt;Our &lt;span style=""text-decoration: underline;""&gt;&lt;a title=""FAQ"" href=""https://utilitykilt.co.uk/faq""&gt;&lt;strong&gt;faq&lt;/strong&gt;&lt;/a&gt;&lt;/span&gt; would help you to find answers to your general queries with basic information. For other information related to the purchase process, use our chat option. You can also email the sales department with sales email &lt;span style=""text-decoration: underline;""&gt;&lt;a title=""sales@utilitykilt.co.uk"" href=""mailto:sales@utilitykilt.co.uk""&gt;&lt;strong&gt;sales@utilitykilt.co.uk&lt;/strong&gt;&lt;/a&gt;&lt;/span&gt;. The sales representative will contact you to solve your problems related to the purchase process. Customer satisfaction is our priority.&lt;/p&gt;</div>"
143,Women Hybrid Kilts ,women-hybrid-kilt,1,59,1/52/207/59/143,4,"<div data-content-type=""html"" data-appearance=""default"" data-element=""main"">&lt;p&gt;It is called hybrid kilt due to the Hybridization of two different shade cloths. It is a mark of legacy and dignity with digitalization. These Kilts are devised to be worn in harsh and difficult conditions. It is a fantastic option for those who feel bored with conventional kilts. It's the exact fundamental format as the latest kilts but made out of the blend of two diverse color fabrics.&lt;/p&gt;
&lt;p&gt;These are available in Cotton Kilts, Tartan Kilts, Jean's Kilts, Leather Kilts, and Camouflage kilts. Ruffles of a Cotton hybrid kilt can be of Tartan as needed. These kilts are elegantly stitched down including box ruffles. So, they remain unchanged all the time. Online stores are also delivering modifications in this kilt like different kilts.&lt;/p&gt;</div>"
144,Women Tartan Kilts,women-tartan-kilts,1,59,1/52/207/59/144,4,"<div data-content-type=""html"" data-appearance=""default"" data-element=""main"">&lt;p&gt;Women Tartan Kilts are made with traditional tartans. All types of Ladies Pleated Tartan Kilts are available at our online store UtilityKilt&lt;/p&gt;</div>"
145,Women Denim Kilt ,women-denim-kilt,1,59,1/52/207/59/145,4,
146,Kids Utility Kilts,kids-utility-kilts,1,116,1/52/207/116/146,4,
147,Kids Tartan Kilts,kids-tartan-kilts,1,116,1/52/207/116/147,4,
148,Accessories,kilt-accessories,1,52,1/52/148,2,"<h2><strong>Kilt Accessories</strong></h2>
<p><strong>Kilt accessories</strong>are the items needed to complete the outfit. Kilt accessories include a number of item. Each of these plays a role in beautifying the whole outfit. To get a complete traditional look, you must consider these accessories. Mostly these accessories are worn as a part of Scottish dresses. They can be seen at formal events and weddings as well.</p>
<h2><strong>Get Kilt Accessories from Utilitykilt</strong></h2>
<p>We bring all varieties of <strong>kilt accessories</strong> for our customers. These accessories are the traditional items included in the <span style=""text-decoration: underline;""><a href=""https://utilitykilt.co.uk/kilt-outfits""><strong>kilt outfit</strong></a></span><strong>. </strong>You have to choose or select your shirt with the desired colour. Choose kilt pins in multiple designs, or order your favorite sporran from our collection. All of these would be of premium quality and at low prices. So order your accessories for kilts from our online store. Get the best quality products for your upcoming events. We have accessories for all types of outfits. Some prominent elements in accessories are&nbsp;<span style=""text-decoration: underline;""><a href=""https://utilitykilt.co.uk/kilt-sporrans""><strong>Kilt Sporrans</strong></a></span><strong>, Kilt flashes, Kilt brooch, Kilt socks, belts and buckles, kilt pins, </strong><span style=""text-decoration: underline;""><a href=""https://utilitykilt.co.uk/kilt-shoes"">Kilt shoes </a></span><strong>and </strong><span style=""text-decoration: underline;""><a href=""https://utilitykilt.co.uk/kilt-shirts""><strong> ghillie shirts</strong></a></span><strong>. </strong>Either buy them individually or get them in combination. We offer these accessories in both ways. Every outfit has its own set of accessories. Prince Charlie Outfit and Argyle Outfit have separate sets of different items. Where Kilt brooch, flashes, and fly plaid Only come in the Prince Charlie Outfit.</p>
<p>Do not hesitate to use our chat option if you face any issues purchasing your desired item. Or use our email address to email us for any query. Our email address for contact is <span style=""text-decoration: underline;""><a href=""mailto:sales@utilitykilt.co.uk""><strong>sales@utilitykilt.co.uk</strong></a></span>. One of our representatives will help you in the buying process. We have the <a href=""https://utilitykilt.co.uk/faq""><strong><span style=""text-decoration: underline;""> faq</span> </strong></a> page as well to address general queries. Get answers to general queries asked by the customers.</p>"
149,Tweed Jackets,tweed-kilt-jackets,1,110,1/52/110/149,3,
150,Tartan Utility Kilts,tartan-utility-kilts,1,154,1/52/207/154/150,4,"<div data-content-type=""html"" data-appearance=""default"" data-element=""main"">&lt;h2&gt;&lt;strong&gt;Tartan Utility kilts&lt;/strong&gt;&lt;/h2&gt;
&lt;p&gt;&lt;strong&gt;Tartan Utility kilts&lt;/strong&gt; are an upgraded form of the typical traditional kilt. These are more modern in design than the basic kilts.&lt;strong&gt; Tartan utility kilts &lt;/strong&gt; are made of tartan but have utility features. Pockets on both sides make it more useful and help keep your essentials. Flaps on pockets will help to secure your things. Buttons on the waistline help to fasten the kilt, while tartan straps help to adjust the waist of the kilt. Loops on the waistline help to hold the belt. That's an extra option to make the kilt more tight fit. The pattern on the kilt fabric represents the clan of Scottish Highlanders. They are perfect for both formal and informal events. It can be worn at highland games or wedding events.&lt;/p&gt;
&lt;p&gt;We are one of the best to make kilts for our users in the UK and Worldwide. We design kilts for the buyer at a low price and premium quality. We have a variety of tartan utility kilts. At &lt;span style=""text-decoration: underline;""&gt;&lt;a title=""Utilitykilt"" href=""https://utilitykilt.co.uk/""&gt;&lt;strong&gt;Utilitykilt&lt;/strong&gt;&lt;/a&gt;&lt;/span&gt;, we make kilts with almost every tartan, pick your clan tartan from the customization option, order your kilt today, and we will deliver it to your doorstep. Our expert team will make a masterpiece for you to wear at any event. Along with tartan utility kilts, we also offer kilts of different designs like &lt;span style=""text-decoration: underline;""&gt;&lt;a title=""men's utility kilts"" href=""https://utilitykilt.co.uk/utility-kilts""&gt;&lt;strong&gt;men's utility kilts&lt;/strong&gt;&lt;/a&gt;&lt;/span&gt;, &lt;span style=""text-decoration: underline;""&gt;&lt;a title=""tactical kilts"" href=""https://utilitykilt.co.uk/tactical-kilts""&gt;&lt;strong&gt;tactical kilts&lt;/strong&gt;&lt;/a&gt;&lt;/span&gt;, &lt;span style=""text-decoration: underline;""&gt;&lt;a title=""leather kilts"" href=""https://utilitykilt.co.uk/leather-kilts""&gt;&lt;strong&gt;leather kilts&lt;/strong&gt;&lt;/a&gt;&lt;/span&gt;. Please choose your favourite kilt from our online store.&lt;/p&gt;
&lt;p&gt;If you face any issues finding your desired kilt, email us at &lt;span style=""text-decoration: underline;""&gt;&lt;a title=""support@utilitykilt.co.uk"" href=""mailto:support@utilitykilt.co.uk""&gt;&lt;strong&gt;support@utilitykilt.co.uk&lt;/strong&gt;&lt;/a&gt;&lt;/span&gt; or use our chat option for assistance. One of the representatives of our store will contact you to sort out your issue. For basic information about the purchase process, we have the faq page. Visit the page to find the solution to general queries.&amp;nbsp;&lt;/p&gt;</div>"
151,Tartan Sashes,tartan-sashes,1,48,1/3/48/151,3,"<style>#html-body [data-pb-style=OT09X6L]{justify-content:flex-start;display:flex;flex-direction:column;background-position:left top;background-size:cover;background-repeat:no-repeat;background-attachment:scroll}</style><div data-content-type=""row"" data-appearance=""contained"" data-element=""main""><div data-enable-parallax=""0"" data-parallax-speed=""0.5"" data-background-images=""{}"" data-background-type=""image"" data-video-loop=""true"" data-video-play-only-visible=""true"" data-video-lazy-load=""true"" data-video-fallback-src="""" data-element=""inner"" data-pb-style=""OT09X6L""><div data-content-type=""text"" data-appearance=""default"" data-element=""main""><p>A tartan sash provides a Highland touch to your outfit without disrupting the flow. At The Utility Kilt™, each sash is made from premium smooth 16oz acrylic wool material that springs smoothly over the shoulder and flows in continuous motion naturally. The fringe finish softens the edges and gives it a quiet, traditional feel.&nbsp;</p></div></div></div>"
154,Kilts For Men,kilts-for-men,1,207,1/52/207/154,3,"<div data-content-type=""html"" data-appearance=""default"" data-element=""main"">&lt;p&gt;&lt;strong&gt;Kilts for men&lt;/strong&gt;&lt;span style=""font-weight: 400;""&gt; are considered an important sign of Scottish national dress. &lt;/span&gt;&lt;strong&gt;Mens Kilt&lt;/strong&gt;&lt;span style=""font-weight: 400;""&gt; are designed with pockets and rust-free hardware. Detachable pockets make them more useful &amp;amp; can be used at any place. Kilts are usually worn at formal events, graduation balls, hiking, and highland games. You can also choose our customization option to get more unique kilt designs. At Utility Kilt UK™, we aim to provide the best-stuffed kilts to our valuable customers. Our expert kilt tailors design our kilts with the best materials. We make kilts in perfect stitching to make them durable.&lt;/span&gt;&lt;/p&gt;
&lt;h2&gt;&lt;strong&gt;Why Choose our Mens Kilts&lt;/strong&gt;&lt;/h2&gt;
&lt;p&gt;&lt;span style=""font-weight: 400;""&gt;Our collection of &lt;/span&gt;&lt;strong&gt;kilts for men&lt;/strong&gt;&lt;span style=""font-weight: 400;""&gt; is, perfect for any event. &lt;/span&gt;&lt;span style=""font-weight: 400;""&gt;We offer the best kilt prices in the UK with premium fabric. Check the list of our lightweight men's kilts. If you are looking for a kilt, dress kilt or kilt package, our store is the appropriate place to buy your desired kilt. &lt;/span&gt;&lt;a href=""https://utilitykilt.co.uk/""&gt;&lt;strong&gt;Utility Kilt&lt;/strong&gt;&lt;/a&gt;&lt;span style=""font-weight: 400;""&gt; is a perfect and economical Scottish apparel manufacturer. Our &lt;/span&gt;&lt;strong&gt;mens kilts&lt;/strong&gt;&lt;span style=""font-weight: 400;""&gt; now come in various fabrics like tartan, denim, and leather. We have a variety of &lt;/span&gt;&lt;strong&gt;kilts for men&lt;/strong&gt;&lt;span style=""font-weight: 400;""&gt; that match every personality. &lt;/span&gt;&lt;span style=""font-weight: 400;""&gt;We specialize in making women, kids and Men's Kilts.&amp;nbsp;&lt;/span&gt;&lt;/p&gt;
&lt;p&gt;&lt;span style=""font-weight: 400;""&gt;So if you want &lt;/span&gt;&lt;strong&gt;kilts i&lt;/strong&gt;&lt;span style=""font-weight: 400;""&gt;n UK and Worldwide with all the accessories, Utility Kilt UK™ is the perfect place to buy. Here you can get all your desired products. Select your kilt from our online store &amp;amp; we will deliver it with perfect sizing and quality. &lt;/span&gt;&lt;span style=""font-weight: 400;""&gt;Our collection includes both modern and classic kilts, along with accessories.&lt;/span&gt;&lt;/p&gt;
&lt;h3&gt;&lt;strong&gt;Contact for Your Kilt&lt;/strong&gt;&lt;/h3&gt;
&lt;p&gt;If you have difficulty purchasing, visit our chat option or email us at sales@utilitykilt.co.uk. You will get answers to your queries related to the purchase or customization. Our Faq page will help you with the general queries people ask about our purchase process.&lt;/p&gt;</div>"
155,Women Kilt Outfits,women-kilt-outfits,1,208,1/52/208/155,3,"<div data-content-type=""html"" data-appearance=""default"" data-element=""main"">&lt;p&gt;Women Kilt Outfits&lt;/p&gt;</div>"
157,ScottishkiltCo Category,scottishkiltshop-category,1,1,1/157,1,
158,IrishKiltShop Category,irishkiltshop-category,1,1,1/158,1,
159,Men,kilts-for-men,1,157,1/157/159,2,"<p><strong>Kilts for men</strong> is a traditional garment associated with Scottish and Irish people. <strong>Mens kilt</strong> are a knee-length skirt-type garment worn by men and boys. Wearing a <strong> mens kilt</strong> in the past symbolized honor for the clans to which they belonged. In modern days we also use <strong>mens kilts</strong> as an article of clothing. <strong>Men's kilt</strong> can be worn as formal, semi-formal, and informal everyday dress. <strong>Men kilts</strong> have a plain front apron and pleats around the backside. Its traditional design provides freedom of movement while moving from one place to another.</p>
<h2><strong>Buy Mens Kilt From our Kilt Collection</strong></h2>
<p><strong>Kilts for men</strong> come in different styles like <span style=""text-decoration: underline;""><a title=""Utility kilts"" href=""https://scottishkiltco.com/mens-utility-kilts.html""><strong>Utility kilts</strong></a></span>, <span style=""text-decoration: underline;""><a title=""Tartan kilts"" href=""https://scottishkiltco.com/tartan-kilts.html""><strong>Tartan kilts</strong></a></span>, and <span style=""text-decoration: underline;""><a title=""Tactical kilts"" href=""https://scottishkiltco.com/tactical-kilts.html""><strong>Tactical kilts</strong></a></span>. <strong>Mens Kilt</strong> have multiple fastening options, like buttons with leather straps, buckles with leather straps, or snap buttons for perfect kilt closure. We also offer kilts in custom sizes and shapes. Order <strong>kilts for men</strong> at a low price from our online store. Our expert tailors would make quality kilts for our valued customers. Along with <strong>mens kilts</strong> we also have a variety of <span style=""text-decoration: underline;""><a title=""women's kilts"" href=""https://scottishkiltco.com/kilts-for-women.html""><strong>women's kilts</strong></a></span> and <span style=""text-decoration: underline;""><a title=""kids kilts"" href=""https://scottishkiltco.com/kids-kilts.html""><strong>kids kilts</strong></a></span>. You can pick your favorite kilt from our<strong> kilt collection.</strong> To make it more traditional, you can use <a title=""kilt accessories"" href=""https://scottishkiltco.com/accessories.html""><span style=""text-decoration: underline;""><strong>kilt accessories</strong></span></a> that would help to enhance the beauty of your dress. Get your desired kilt for the upcoming events from our online shop.</p>
<p>If you have any issues purchasing a kilt from our online store. Go to our chat option, or you can email us at <span style=""text-decoration: underline;""><a title=""support@scottishkiltco.com"" href=""mailto:support@scottishkiltco.com""><strong>support@scottishkiltco.com</strong></a></span>. Our representative will help you buy any clothing you desire from there. If you want to answer your general queries, we have a <span style=""text-decoration: underline;""><a title=""faq"" href=""https://scottishkiltco.com/faq""><strong>faq</strong></a></span> page. There you would find the answer to the general questions asked by the people about the purchase process.</p>"
160,Women,kilts-for-women,1,157,1/157/160,2,
161,Kids,kids-kilts,1,157,1/157/161,2,
162,Accessories,kilt-accessories,1,157,1/157/162,2,
163,jacket ,jackets-vests,1,157,1/157/163,2,
164,kilt outfit,kilt-outfits,1,157,1/157/164,2,"<p><strong>Kilt Outfit </strong> is a complete traditional Scottish dress typically worn on special occasions such as weddings and parties or in a casual setting at informal events. Highlanders wore <strong> Scottish kilt outfits</strong> in the past. Now it's part of Scottish culture. <strong>Kilt Dress</strong> includes a ghillie shirt, kilt hose, jacket with waistcoat, various pins and brooches, belt, a buckle, fly plaid, flashes, shoes, sporran, and of course, the Kilt itself.</p>
<h2><strong>Best Kilt Suit</strong></h2>
<p>Our platform offers various variations of <strong>Kilt Suit</strong> for both men and women. Our staff is equipped to help you create the perfect traditional Scottish look. Our <strong>men's</strong> <strong>kilt outfits</strong> contain all accessories you need. We also offer the opportunity to customize your <strong>Kilt Suit</strong>, allowing you to make it truly your own. <strong>Scottish Kilt Outfit</strong> is Made with only the finest materials and rust-free hardware. Our hand-crafted <strong>men's</strong> <strong>kilt outfits</strong> are both attractive and durable.</p>
<h2><strong>Irish Kilt Outfit Online</strong></h2>
<p>Moreover, we provide high-quality <strong>Irish kilt outfits</strong> at an affordable price, making them accessible to everyone. With a vast collection of <strong>kilt outfits</strong>, you will indeed find one that fits your style and preferences. So what are you waiting for? Click now and get your complete <strong>Kilt Dress</strong>. The <strong>Kilt Outfit</strong> come in two popular styles <strong><a title=""Prince Charlie Kilt Outfit"" href=""https://scottishkiltco.com/prince-charlie-kilt-outfits.html""><span style=""text-decoration: underline;"">Prince Charlie Kilt Outfit </span></a> and <a title=""Argyll Kilt Outfit"" href=""https://scottishkiltco.com/argyll-kilt-outfits.html""><span style=""text-decoration: underline;""><strong> Argyll Kilt Outfit</strong></span></a>. </strong>Other than <strong>Wedding Kilt Outfit</strong>, we also offer our customers to purchase kilts of any type at an affordable price. So either you buy a <strong>Wedding kilt outfit</strong> or Kilt individually. We have all the variety<strong>.</strong></p>
<p><br>If you need help with purchasing from our online store. Go to the chat option or email us at our email address <a title=""support@scottishkiltco.com"" href=""mailto:support@scottishkiltco.com""><span style=""text-decoration: underline;""><strong>support@scottishkiltco.com</strong></span></a>. Our representative will help you in the buying process. We have a <span style=""text-decoration: underline;""><a title=""faq"" href=""https://scottishkiltco.com/faq""><strong>faq</strong></a></span> page for common queries, where we have answered the common questions asked by the people.</p>"
165,Tartan kilts,tartan-kilts,1,159,1/157/159/165,3,"<p><strong>Tartan kilt</strong> is a unique and national dress of the Scottish people. It is a <strong>traditional kilt</strong> made with 100% acrylic wool. <strong>Tartan kilts</strong> come in different patterns, which have a long history. Tartan is a piece of woven cloth arranged in crisscross-colored patterns. Each tartan has a different sequence of colored lines in the design. The Tartans belong to the Scottish clans. Each clan has its pattern. <strong> Tartan kilts </strong> have smooth plain front aprons and pleats around the sides and back. <strong>Plaid Kilts</strong> have unstitched borders which show the traditional look of highlanders. Pleats on the backside give freedom of movement during walking or sitting. <strong>Plaid kilts</strong> are comfortable to wear in any situation. <strong>Tartan kilts</strong> are usually up to the knee-length, but they can be made longer according to the customer's personal choice.</p>
<h2><strong>Irish Kilts</strong></h2>
<p><strong>Irish Kilts</strong> are perfect for any formal or informal event. They can be fastened with leather straps. <strong>Irish Kilts</strong> have waist adjustments up to 2"". <strong>Traditional kilt</strong> adjustment makes it easier to fasten the kilt according to the waist size. These have belt loops to hold the belt at the waistline. You can buy these kilts from our online tartan shop. Other than tartan kilts, we also have <a title=""utility kilts"" href=""https://scottishkiltco.com/mens-utility-kilts.html""><span style=""text-decoration: underline;""><strong>utility kilts</strong></span></a>, <span style=""text-decoration: underline;""><a title=""denim kilts"" href=""https://scottishkiltco.com/denim-kilts.html""><strong> denim kilts</strong></a></span>, and <a title=""hybrid kilts"" href=""https://scottishkiltco.com/hybrid-kilts.html""><span style=""text-decoration: underline;""><strong>hybrid kilts</strong></span></a>. Order your kilt from our online <strong>tartan store</strong>. We offer <strong>affordable kilts</strong> in a tartan pattern. Get your clan kilt in perfect sizing and traditional design. We have a collection of almost every tartan at our online <strong>tartan shop</strong>.</p>
<p>If you need any help purchasing a kilt from our online store. Use our chat option or email us at our <a title=""support@scottishkiltco.com"" href=""mailto:support@scottishkiltco.com""><span style=""text-decoration: underline;""><strong>support@scottishkiltco.com</strong></span></a>. We have the <a title=""faq"" href=""https://scottishkiltco.com/faq""><span style=""text-decoration: underline;""><strong>faq</strong></span></a> page for common queries, where we have answered the common questions asked by the people.</p>"
166,Men's Utility Kilts ,mens-utility-kilts,1,159,1/157/159/166,3,"<h2><strong>Buy Work Cargo Kilt</strong></h2>
<p><strong>Utility kilt</strong> is the same as normal kilts, but these kilts are more functional. <strong>Utility kilts </strong> are also known as <strong> work kilts, </strong> made with heavy-duty cotton. <strong>Utility kilts</strong> are comfortable and easy to wear. It generally comes in plain and dark colors. They are easy to wear ( often do not need a belt). <strong> Utility kilt </strong> is a modern-fashioned kilt and has extra features. Pockets are available with kilts which makes them very practical. <strong>Cargo Kilt </strong>is&nbsp;attractive and decorated with rust-free hardware. Hardware included in the decoration is studs, straps, chains, and rings.<strong> Utility kilt </strong> has a plain front apron and pleats around the sides and back.</p>
<h2><strong> Best Modern Kilt </strong></h2>
<p><strong>Men’s Utility Kilts </strong> have button closures and fabric straps to adjust the waist of the kilt. Some kilts have leather straps with buttons for kilt closure. <strong> Modern kilts</strong> come in different designs and shapes, making them perfect for any formal and informal event. Some <strong> Men's Utility kilts </strong> come with chains, while few have detectable pockets to enhance the kilt's productivity. Multi-design pockets are attached to the <strong> Modern kilts </strong> for style. Pockets help to protect essential items from falling down of <strong>cargo kilt</strong>.</p>
<p>We at Scottishkiltco. Offer quality <strong> Utility Kilts </strong> at a low price. Our expert tailor team will make your <strong> work kilts </strong> with care. We can make custom designs for our customers as well. Other than <strong>work kilts </strong>, we also have a variety of <span style=""text-decoration: underline;""><a href=""https://scottishkiltco.com/tartan-kilts.html""><strong>tartan kilts</strong></a></span> <span style=""text-decoration: underline;""><a href=""https://scottishkiltco.com/denim-kilts.html""><strong>denim kilts</strong></a></span><strong>, </strong><span style=""text-decoration: underline;""><a href=""https://scottishkiltco.com/hybrid-kilts.html""><strong>hybrid kilts</strong></a></span>, and others. You can select your favorite kilt for our online store.</p>
<p>If you need any help with purchasing from our online shop. You can go to the chat option. We will help you in purchasing your desired kilt from there. Or you can email us at <a href=""mailto:support@scottishkiltco.com""><strong><span style=""text-decoration: underline;"">support@scottishkiltco.com</span></strong></a>. For general queries, we have the <span style=""text-decoration: underline;""><a href=""https://scottishkiltco.com/faq""><strong>faq</strong></a></span> page. There you would get the answer to common questions.</p>"
167,Hybrid Kilts,hybrid-kilts,1,159,1/157/159/167,3,"<style type=""text/css""><!--td {border: 1px solid #cccccc;}br {mso-data-placement:same-cell;}--></style>
<p><span style=""font-weight: 400;"">The hybrid kilt is a combo of both traditional tartan and modern utility kilt. It is a stylish and different type of kilt. This kilt gives you a touch of both tartan and utility kilt.. The hybrid kilt is a unique kilt made with acrylic wool and cotton fabric. The hybrid kilt’s main frame is made up of cotton fabric while the pleats are made up of acrylic wool. Hybrid kilts often come with many features and are decorated as utility kilts. Pockets are available on sides which makes hybrid kilts functional. Hybrid kilts are decorated with rust-free hardware. Hybrid kilts come in the same design that traditional kilts have. The front apron of the hybrid kilt is plain while it has pleats on the backside.</span></p>"
168,Denim kilts,denim-kilts,1,159,1/157/159/168,3,"<p><strong>Denim kilts</strong><span style=""font-weight: 400;""> are much like traditional ones but made with denim fabric instead of wool. Denim fabric is durable twilled cotton. It is a strong fabric made with a warp and weft method. </span><strong>Denim kilts</strong><span style=""font-weight: 400;""> give you a soft and light feeling. These kilts are very handy in warm weather. </span><strong>Denim Kilt</strong><span style=""font-weight: 400;""> is practical and ultra-soft. You can wear these kilts throughout the day. The </span><strong>Denim kilt</strong><span style=""font-weight: 400;""> is available in different colors like black, blue and others. You can choose the color of your own choice. </span><strong>Denim kilts</strong><span style=""font-weight: 400;""> have smooth plain front aprons while having pleats around the backside. These kilts can be worn at formal and informal events.&nbsp;</span></p>
<h2><strong>Best jeans Kilts</strong></h2>
<p><span style=""font-weight: 400;"">The fashion lover likes </span><strong>jeans Kilts</strong><span style=""font-weight: 400;"">. Mostly it comes with a button to fasten the kilt, while some also have buckle fastening. Pockets on both sides make it more attractive to use in any condition. </span><strong>Jean kilts</strong><span style=""font-weight: 400;""> are long-lasting and can be used for a longer time. Belt loops on both sides help to hold the belt at the waistline. Some of these come in different styles and shapes as well. Men's </span><strong>Denim kilt</strong><span style=""font-weight: 400;""> gives a fantastic look &amp; makes the clothing more appealing. Along With denim kilts, we also have a variety of other kilts, like </span><strong><a title=""utility kilts"" href=""https://scottishkiltco.com/mens-utility-kilts.html""><span style=""text-decoration: underline;"">utility kilts</span></a>, <a title=""tartan kilts"" href=""https://scottishkiltco.com/tartan-kilts.html""><span style=""text-decoration: underline;"">tartan kilts </span></a></strong><span style=""font-weight: 400;"">and</span><span style=""text-decoration: underline;""><a title=""hybrid kilts"" href=""https://scottishkiltco.com/hybrid-kilts.html""><strong> hybrid kilts</strong></a></span><span style=""font-weight: 400;"">. Order your kilt now, and our expert tailors will make it for you. Buy quality denim kilts from our online store at a low price.</span></p>
<p><span style=""font-weight: 400;"">If you need any help purchasing a kilt from our online store. You can use our chat option or email us at our email address. For contact our email address is </span><span style=""text-decoration: underline;""><a title=""support@scottishkiltco.com"" href=""mailto:support@scottishkiltco.com""><strong>support@scottishkiltco.com</strong></a></span><span style=""font-weight: 400;"">. Our representative will help you find the solution to your problem. We have the </span><span style=""text-decoration: underline;""><a title=""faq"" href=""https://scottishkiltco.com/faq""><strong>faq</strong></a></span><span style=""font-weight: 400;""> page for common queries, which would help to find answers to the common questions asked by the people.&nbsp;</span></p>"
169,Leather Kilts,leather-kilts,1,159,1/157/159/169,3,"<p><strong>Leather kilt </strong> is a stylish kilt made with 100% pure leather. <strong>Leather kilts</strong> come in traditional and utility styles. <strong>Leather kilt</strong> is durable and long-lasting. These classic <strong>leather kilts</strong> have plain front aprons and pleats around the back. <strong>Men's leather kilts</strong> come in different colors, although black and brown are more attractive. Modern <strong> leather utility kilts </strong> embellished with cargo pockets, chains, and studs. Pockets on <strong>men's leather skirts</strong> help to hold small items. The flap on the pocket enables you to secure your items.</p>
<h2><strong>Men's Leather Skirt</strong></h2>
<p><strong>Men's leather skirt</strong> is our unique handmade product. Our expert staff knows exactly how to make an attractive and comfortable kilt. They make <strong>leather kilts</strong> in a unique and different style. It is suitable for both casual and formal wear. On this site, you will get unique and <strong>genuine leather kilts</strong> at low prices. We also offer <strong> leather kilts </strong> that make them cheaper and more affordable. So check our collection of <strong>leather kilts</strong> and Order your kilts now. We make <strong>leather kilts</strong> in the perfect size and quality leather. We have leather in different colors. Order your <strong>men's leather skirt</strong> in your favorite design and shape. <strong>Leather kilt</strong> comes in various types, <span style=""text-decoration: underline;""><strong><a title=""black leather kilt"" href=""https://scottishkiltco.com/black-leather-kilt.html"">Black</a></strong></span><span style=""text-decoration: underline;""><strong><a title=""black leather kilt"" href=""https://scottishkiltco.com/black-leather-kilt.html""> leather kilt</a></strong></span>, <strong><span style=""text-decoration: underline;""><a title=""Red &amp; Black Gothic Leather Kilt"" href=""https://scottishkiltco.com/red-black-gothic-leather-kilt.html"">Red &amp; Black Gothic Leather Kilt</a></span>,</strong> and <strong><span style=""text-decoration: underline;""><a title=""Brown Leather Kilt with Sporran Front"" href=""https://scottishkiltco.com/brown-leather-kilt-with-sporran-front.html"">Brown Leather Kilt with Sporran Front</a></span>.</strong> We also have all varieties of <strong><span style=""text-decoration: underline;""><a title=""kilts for men"" href=""https://scottishkiltco.com/kilts-for-men.html"">kilts for men</a></span>, <span style=""text-decoration: underline;""><a title=""women kilts"" href=""https://scottishkiltco.com/kilts-for-women.html"">women kilts</a></span>, </strong>and <span style=""text-decoration: underline;""><a title=""kids kilts"" href=""https://scottishkiltco.com/kids-kilts.html""><strong> kids kilts</strong></a></span>. You can also purchase <strong><span style=""text-decoration: underline;""><a title=""tartan kilts"" href=""https://scottishkiltco.com/tartan-kilts.html"">tartan kilts</a></span>, <span style=""text-decoration: underline;""><a title=""mens utility kilts"" href=""https://scottishkiltco.com/mens-utility-kilts.html"">mens utility kilts</a></span></strong>, and <a title=""tactical kilts"" href=""https://scottishkiltco.com/tactical-kilts.html""><span style=""text-decoration: underline;""><strong>tactical kilts</strong></span></a> from our online shop.</p>
<p>If you need any help with purchasing from our online store. Go to the chat option on our site. Or email us at <strong><a title=""support@scottishkiltco.com"" href=""mailto:support@scottishkiltco.com""><span style=""text-decoration: underline;"">support@scottishkiltco.com</span></a>. </strong>Our representative will help you to buy from our store. We have a <span style=""text-decoration: underline;""><a title=""faq"" href=""https://scottishkiltco.com/faq""><strong>faq</strong></a></span> page for common queries. We have answered the common questions asked by the people about the purchase process.</p>"
170,Tactical Kilts,tactical-kilts,1,159,1/157/159/170,3,"<p>The <strong>tactical kilt</strong> is a rigid and advanced form of a kilt. The word tactical comes from military action. Fighters often wore <strong> Battle Kilt</strong> during combat. <strong>Camouflage kilt</strong> is unique. It's made from heavy-duty drill jeans material and used for rough jobs. <strong>Tactical kilts</strong> have many features which make them unique. The front apron of the <strong> tactical kilt</strong> is plain, with pleats around the sides and back. Pockets are often available on <strong>tactical kilts</strong>. Pockets keep your accessories like mobile, wallet, and money safe during rough and tough jobs. Hardware used on <strong>Combat kilts</strong> is rust-free. Belt loops help in holding the belt at the waistline. D-rings with belt loops allow you to hang small items like key chains and others. <strong>Camo kilts</strong> also have studs on the front apron for a stylish look. It's fastened with buttons on the apron. The <strong>tactical kilt</strong> combines strength, durability, and style perfectly.</p>
<h2><strong>Multicam Kilt</strong></h2>
<p><strong>Multicam kilts</strong> are highly fashionable and functional kilts. You can wear <strong>camo kilts</strong> in your daily routine. It is available for both men and women. Our <strong>battle kilt</strong> is hand-made by tailors. We have a quality staff of tailors which makes hand-made kilts. You can get high-quality <strong>camouflage kilts</strong> on this platform at a fair price. We also offer <strong>multicam kilt</strong> to make them cheap and affordable for all. So dive into our vast collection of <strong>tactical kilts</strong> and order now. Other than tactical kilts, we also have <strong><span style=""text-decoration: underline;""><a title=""tartan kilts"" href=""https://scottishkiltco.com/tartan-kilts.html"">tartan kilts</a></span>, <a title=""leather kilts"" href=""https://scottishkiltco.com/leather-kilts.html""><span style=""text-decoration: underline;"">leather kilts</span></a>, </strong> and<span style=""text-decoration: underline;""><a title=""hybrid kilts"" href=""https://scottishkiltco.com/hybrid-kilts.html""><strong> hybrid kilts</strong></a>.</span> Order your favorite from our online store.</p>
<p>Use our chat option or email us at <span style=""text-decoration: underline;""><a title=""support@scottishkiltco.com"" href=""mailto:support@scottishkiltco.com""><strong>support@scottishkiltco.com</strong></a></span> if you need help purchasing a kilt from our online store. We have a <span style=""text-decoration: underline;""><a title=""faq"" href=""https://scottishkiltco.com/faq""><strong>faq</strong></a></span> page for common queries. We have answered the common questions asked by the people.</p>"
171,Tartan Skirts & Kilts ,tartan-skirts-kilts,1,160,1/157/160/171,3,
172,Casual kilts / skirts,casual-kilts-skirts,1,160,1/157/160/172,3,
173,Long Tartan Skirts,pleated-long-tartan-skirts,1,171,1/157/160/171/173,4,
174,Sporrans ,sporrans-for-sale,1,162,1/157/162/174,3,
175,Kilt Shirts,ghillie-shirt,1,162,1/157/162/175,3,"<p><strong>Kilt Shirt</strong> is a unique design shirt for a classic look. <strong>Jacobite shirts</strong> are comfortable to wear, and they are made of smooth material. The material used in these <strong>Ghillie shirts</strong> is twill cotton and made in Jacobite style. These are perfect for any season to wear. <strong>Jacobite shirt</strong> has a collar and an excellent cuff stitching design. Each cuff has two buttons for fastening. These <strong>Ghillie shirts</strong> have a drawstring that passes through the eyelets for the shirt closure at the neck portion. These drawstrings are made of leather material. <strong>Kilt shirts</strong> come in variations of multiple colors, including green, white, black, and brown</p>
<h2><strong>Ghillie Jacobite Shirt</strong></h2>
<p><strong>Jacobite Shirt </strong>we offer in different colors and sizes. The most common sizes of these <strong>Ghillie shirts</strong> are Small, Medium, large, and extra large. All sizes, from small to 6xl, are available at our online store. Please choose your favorite color and order your shirt from our online store<strong>. </strong>We have shirts in premium quality material, and we offer them at a low price. We will deliver your selected shirt to your doorstep. These shirts can be worn with any <a title=""Kilt Outfit"" href=""https://scottishkiltco.com/kilt-outfits.html""><span style=""text-decoration: underline;""><strong>Kilt Outfit</strong></span></a>, in variation of <a title=""Prince Charlie Kilt Jacket"" href=""https://scottishkiltco.com/prince-charlie-jackets.html""><span style=""text-decoration: underline;""><strong>Prince Charlie Kilt Jacket </strong></span></a> or <a title=""Argyll Kilt Jacket"" href=""https://scottishkiltco.com/argyll-jackets.html""><span style=""text-decoration: underline;""><strong> Argyll Kilt Jacket</strong></span></a>. A <strong>Jacobean shirt</strong> can be worn with or without the kilt. Match your shirt with your kilt and order it from our online store. Along with these shirts, we also have other <span style=""text-decoration: underline;""><a title=""kilt accessories"" href=""https://scottishkiltco.com/accessories.html""><strong>kilt accessories</strong></a></span>. Buy a <strong>kilt shirt</strong> in your accurate size for upcoming events.</p>
<p>If you need any help purchasing from our store. We offer a chat option to our customers or email us at <a title=""support@scottishkiltco.com"" href=""mailto:support@scottishkiltco.com""><strong><span style=""text-decoration: underline;"">support@scottishkiltco.com</span></strong></a>. If you are looking for general queries, we have a <span style=""text-decoration: underline;""><a title=""faq"" href=""https://scottishkiltco.com/faq""><strong>faq</strong></a></span> page. There we have answered the common questions asked by the people.</p>"
176,Kilt Pins ,kilt-pins,1,162,1/157/162/176,3,
177,Kilt Flashes,flashes-for-sale,1,162,1/157/162/177,3,
178,Kilt Belts & Buckles,kilt-belts-and-buckles,1,162,1/157/162/178,3,
179,Sale,clearance-sale,1,3,1/3/179,2,"<style>#html-body [data-pb-style=G9STWM0]{justify-content:flex-start;display:flex;flex-direction:column;background-position:left top;background-size:cover;background-repeat:no-repeat;background-attachment:scroll}</style><div data-content-type=""row"" data-appearance=""contained"" data-element=""main""><div data-enable-parallax=""0"" data-parallax-speed=""0.5"" data-background-images=""{}"" data-background-type=""image"" data-video-loop=""true"" data-video-play-only-visible=""true"" data-video-lazy-load=""true"" data-video-fallback-src="""" data-element=""inner"" data-pb-style=""G9STWM0""><div data-content-type=""text"" data-appearance=""default"" data-element=""main""><p>The Utility Kilt™ opens its Christmas Clearance Sale with the biggest event of the season, and the moment feels right for anyone ready to pick up true, custom-made craft at a fraction of the price. This is the perfect time to find a unique gift, refresh your winter wardrobe, or choose something meaningful for someone special while the prices stay low for the holidays.&nbsp;</p>
<p>&nbsp;</p></div></div></div>"
180,Sale,clearance-sale,1,52,1/52/180,2,"<style>#html-body [data-pb-style=SE8HE74]{justify-content:flex-start;display:flex;flex-direction:column;background-position:left top;background-size:cover;background-repeat:no-repeat;background-attachment:scroll}</style><div data-content-type=""row"" data-appearance=""contained"" data-element=""main""><div data-enable-parallax=""0"" data-parallax-speed=""0.5"" data-background-images=""{}"" data-background-type=""image"" data-video-loop=""true"" data-video-play-only-visible=""true"" data-video-lazy-load=""true"" data-video-fallback-src="""" data-element=""inner"" data-pb-style=""SE8HE74""><div data-content-type=""text"" data-appearance=""default"" data-element=""main""><p>Utility Kilt UK™ has opened its Christmas Clearance Sale, and the prices feel unusual for this season. These aren’t mass-produced or one-size pieces. Each kilt in the kilt sale is still made to your measurements, worked on in the same manufacturing unit, and finished with the same level of care as always. The only change is the cost, which drops for a short window while the season is still warm with festive energy.</p>
<p>Utility kilt clearance sale giving you a rare chance to order a custom kilt without waiting for a summer rush or paying full rates. We are still giving you a chance to choose the length, set your pleats, adjust your straps, and add the pockets you need according to your choice.</p>
<h2>Clearance Sale on Kilts, Outfits, Jackets, and Accessories</h2>
<p>Most people know the feeling of pulling on a mass-produced kilt and complete outfits that never sits quite right. That is why our Scottish &nbsp;kilt and Kilt outfit &nbsp;clearance sale makes you feel different. The range opens wide with huge discounts on kilts, outfits and accessories, each made with care that ordinary pieces never carry. You can choose an outfit that fits your wardrobe without putting pressure on your budget. The kilt jacket clearance sits alongside a mix of Scottish goods, which makes it a good moment to pick a unique gift or something for someone special.</p>
<p>For a short time, you step into unlimited deals where a kilt or a full kilt outfit arrives at a fraction of the price. Even though each piece is made-to-order and tailored just for you, the cost drops in a way that brings real significant savings. The only thing to watch is the limited stock for certain fabrics and styles, because they disappear quickly once the season progresses. If something feels right, this is the time to secure it before the prices return to original prices.</p>
<h2>Secure Your Piece Before the Sale Ends</h2>
<p>The rush has already started, and each day pushes stock lower. The Scottish kilt and outfit clearance sale is moving fast, especially with work kilts for sale and the men’s kilts clearance sale drawing early shoppers. The kilt jacket clearance is also picking up pace, and pieces disappear once this season hits full swing. If you want something ready for the months ahead, step in now while the online kilt clearance sale still stands. Choose your style, place your order, and secure your piece before the window shuts. This is your moment to buy.</p>
<p>&nbsp;</p></div></div></div>"
181,Mini Tartan Skirt,pleated-mini-tartan-skirts,1,171,1/157/160/171/181,4,
182,Midi Tartan Skirt,pleated-midi-tartan-skirts,1,171,1/157/160/171/182,4,
183,Patriotic Kilts,patriotic-flag-kilts,1,159,1/157/159/183,3,"<p><strong>Patriotic Kilt</strong> is a top-notch kilt style that showcases a person's love and pride for their nation. <strong>Flag kilt</strong> refers to a <strong>patriotic kilt</strong>. This kilt is made with the colors of a country's flag. It comes with a plain front apron and pleats around the sides and back. Modern <strong>flag kilts</strong> come with practical pockets, adjustable fastening, and rust-free hardware for added aesthetic appeal. These kilts are stylish, highly comfortable, and functional, making them ideal for national events. At national days and other events, you would feel proud with these <strong>flag kilt</strong>.</p>
<h2><strong>Buy Flag Kilts</strong></h2>
<p><strong>Flag kilts</strong> have a button fastening, and some kilts have straps for perfect fitting. <strong>Patriotic kilts</strong> have belt loops to hold the belt at the waistline. We made kilts with different countries' flags, like the <strong><span style=""text-decoration: underline;""><a title=""American Flag Kilt"" href=""https://scottishkiltco.com/american-flag-hybrid-kilt.html"">American Flag Kilt</a></span>, <span style=""text-decoration: underline;""><a title=""Swiss Flag Kilt"" href=""https://scottishkiltco.com/swiss-cross-flag-utility-kilt.html"">Swiss Flag Kilt</a></span>, </strong> and <span style=""text-decoration: underline;""><a title=""England Flag Kilt"" href=""https://scottishkiltco.com/england-cross-flag-utility-kilt-for-sale.html""><strong> England Flag Kilt</strong></a></span>. The pattern of the flag reflects in the apron, pleats, and pockets. Our experts make these <strong>flag kilts</strong> according to the given size and design. Other than flag kilts, we also have a variety of <strong><a title=""Tartan Kilts"" href=""https://scottishkiltco.com/tartan-kilts.html""><span style=""text-decoration: underline;"">Tartan kilts</span></a>, <span style=""text-decoration: underline;""><a title=""Utility Kilts"" href=""https://scottishkiltco.com/mens-utility-kilts.html"">Utility Kilts</a></span>, </strong> and <a title=""Denim Kilts"" href=""https://scottishkiltco.com/denim-kilts.html""><span style=""text-decoration: underline;""><strong> Denim Kilts</strong></span></a>. Pick your desired kilt from our kilts sections and order it now. We will make it with care. Our Kilts are made of the finest quality material that lasts long.</p>
<p>If you have any problem in purchasing the kilt. Go to our chat option to get the solution to your problem. Our representative will help you to purchase your desired kilt from our store. Our email address for more help is <strong><span style=""text-decoration: underline;""><a title=""support@scottishkiltco.com"" href=""mailto:support@scottishkiltco.com"">support@scottishkiltco.com</a></span>,</strong> so contact our sales team with our email address. For common queries, we have a <a title=""faq"" href=""https://scottishkiltco.com/faq""><span style=""text-decoration: underline;""><strong>faq</strong></span></a> page. There we have answered the common questions people ask about the purchasing process.</p>"
184,Firefighter Kilt ,firefighter-kilt,1,159,1/157/159/184,3,"<p><span style=""font-weight: 400;"">The Firefighter Kilt is a one-of-a-kind and eye-catching kilt that pays homage to firefighters. Made from sturdy drill jeans cotton fabric, this kilt is both functional and fashionable. The front apron of this firefighter kilt features reflective tape, making it easily noticeable in low-light situations, and the back has pleats for a classic look. The kilt also features large cargo pockets on either side for practicality, as well as rust-free hardware, such as buckles, straps, studs, and hooks, for added decoration. The fastening is adjustable, ensuring a comfortable fit for all wearers.</span></p>
<p>&nbsp;</p>"
185,Prince Charlie Kilt Outfits,prince-charlie-kilt-outfits,1,164,1/157/164/185,3,"<p><strong>Prince Charlie Kilt Outfit</strong> comes in a traditional style. <strong>Prince Charles's kilt outfit</strong> is mainly worn at formal and informal events. These outfits have a traditional jacket decorated with studs on the front and back. The cuffs of these jackets have a fantastic design. Kilts are another essential part of these outfits. Made of different tartans, each has a specific pattern that represents the clan of Scottish people. These kilts are made of acrylic wool. Shirts come with these in classic design and come with leather drawstrings to fasten the shirt. A sporran is given to hold the small item with these outfits. It's a purse or wallet that helps to keep small things. It comes in different styles and materials and can be held with a chain on the waistline.</p>
<h2><strong>Prince Charles Kilt Outfit</strong></h2>
<p><strong>Prince Charlie Kilt Outfit</strong> is known by the name of Prince Charles. Buy <strong>Prince Charles's kilt outfit</strong> for upcoming events. We have variations of <strong>Prince Charlie Kilt Outfits</strong> available at the online store. We offer kilt outfits in custom designs and shapes. Order your <strong>Prince Charles kilt outfit</strong> in any of the options we have provided in the customization. We have a variety of tartans that you can choose to get your outfit. Other accessories we deliver in <strong>Prince Charlie Kilt Outfit</strong> are Fly Plaid, Socks, Brooch, Shoes, Kilt Pins, flashes, belts and buckles. We make all of these in premium quality material and cheaply. Besides this <a title=""kilt outfit"" href=""https://scottishkiltco.com/kilt-outfits.html""><span style=""text-decoration: underline;""><strong>kilt outfit</strong></span></a>, we also made <a title=""Argyll Kilt Outfit"" href=""https://scottishkiltco.com/argyll-kilt-outfits.html""><span style=""text-decoration: underline;""><strong>Argyll Kilt Outfit</strong></span></a>, which comes in a different design and accessories.</p>
<p>If you need any help with purchasing from our store. Use our chat option or email us at <a title=""support@scottishkiltco.com"" href=""mailto:support@scottishkiltco.com""><span style=""text-decoration: underline;""><strong>support@scottishkiltco.com</strong></span></a>. For common queries, we have the <a title=""faq"" href=""https://scottishkiltco.com/faq""><span style=""text-decoration: underline;""><strong>faq</strong></span></a> page, and we have answered the common questions people ask about the purchase process.</p>"
186,Argyll Kilt Outfits,argyll-kilt-outfits,1,164,1/157/164/186,3,"<p><strong>Argyll Kilt Outfits</strong> are designed for both formal and informal events. <strong>Argyll Kilt Outfits</strong> has a fantastic look with a kilt and all its accessories. <strong>Argyll Kilt Outfit</strong> has stylish jackets that are made in different colors. These jackets have a design on the cuff and buttons with studs on the front part for the jacket closure. The jacket comes with a vest or waistcoat and has buttons on the front. It's necessary to have a kilt and all its accessories to make it a <strong>full kilt outfit</strong>. Kilts are knee-length garments initiated by the Scottish Highlander and worn by them in ancient battles. Kilts are made of acrylic wool. Each kilt has a specific pattern that shows the wearer's clan. The accessories of the Outfit give a beautiful look to the Outfit. Accessories included in an<strong> argyll kilt outfit</strong> are Sporrans, Kilt pins, flashes, socks, and kilt shoes are the main accessories.</p>
<h2><strong>Full Kilt Outfit</strong></h2>
<p>We at Scottishkiltco deliver quality <strong>Full kilt outfits</strong> to our customers. We have a variety of accessories for an <strong>argyll kilt outfit</strong>. Buy your <span style=""text-decoration: underline;""><a title=""kilt outfit"" href=""https://scottishkiltco.com/kilt-outfits.html""><strong>Kilt Outfit</strong></a></span> from our online store to have a nice look at the upcoming events. We make the Outfit in perfect sizing and stylish design for our customers. Order your Outfit from our online store to get it at a cheaper price at the best quality. Other than Argyll Kilt Outfit, we also have the <span style=""text-decoration: underline;""><a title=""Prince Charlie Kilt Outfit"" href=""https://scottishkiltco.com/prince-charlie-kilt-outfits.html""><strong>Prince Charlie Kilt Outfit</strong></a></span>. That comes with little difference in accessories.</span></p>
<p>For issues in the purchase process, use our chat option or email us at <span style=""text-decoration: underline;""><strong><a title=""support@scottishkiltco.com"" href=""mailto:support@scottishkiltco.com"">support@scottishkiltco.com</a></strong></span>. Our representative will help you by buying from our online store. For common queries, we have the <span style=""text-decoration: underline;""><a title=""faq"" href=""https://scottishkiltco.com/faq""><strong>faq</strong></a></span> page. On that page, we have answered the common questions asked by the people.</p>"
187,Casual Kilt Outfits,casual-kilt-outfits,1,164,1/157/164/187,3,
188,Bagpiper Outfits,bagpiper-outfits,1,164,1/157/164/188,3,
189,Kilts Sets ,kilt-sets,1,164,1/157/164/189,3,"<p><span style=""font-weight: 400;"">Full Kilts Sets gives a complete traditional look. We offer Kilt Packages for your upcoming events at a low price. Get it from our online store. </span><span style=""font-weight: 400;"">Are you ready to elevate your wardrobe with a touch of Scottish charm. Look no further than our exquisite collection of </span><strong>Kilt Sets</strong><span style=""font-weight: 400;"">. It’s specially made to blend timeless tradition with contemporary style. At Scottishkiltco we take pride in offering </span><strong>Kilt Sets</strong><span style=""font-weight: 400;""> that celebrate the rich heritage of kilts.&nbsp; It also cater to the diverse tastes of today's fashion enthusiasts.</span></p>
<p><strong><em>Kilt Sets for Every Occasion</em></strong></p>
<p><span style=""font-weight: 400;"">Our </span><strong>Kilt Sets</strong><span style=""font-weight: 400;""> are thoughtfully designed to for variety of occasions. Perfect if you're attending a formal event, a casual gathering, or even a traditional Scottish celebration. The versatility of our </span><strong>Kilt packages</strong><span style=""font-weight: 400;""> ensures that you can effortlessly showcase your personal style. It embraces the cultural significance of kilts.</span></p>
<p><strong><em>Unmatched Quality and Craftsmanship</em></strong></p>
<p><span style=""font-weight: 400;"">Crafted with precision and care. Each </span><strong>Kilt Deal</strong><span style=""font-weight: 400;""> in our collection is a testament to quality and craftsmanship. From the detailing of the tartan patterns to the durability of the fabric our </span><strong>Kilt Sets</strong><span style=""font-weight: 400;""> are made to withstand the test of time. It ensures that you can enjoy their elegance for years to come.</span></p>
<p><strong>Why Choose Our Kilt Sets?</strong></p>
<p><span style=""font-weight: 400;"">Say goodbye to the hassle of mix-and-match. Our </span><strong>Kilt Deals</strong><span style=""font-weight: 400;""> come as complete packages including the kilt itself. Also carefully selected accessories that complement the overall look. With our thoughtfully curated sets achieving that perfect kilt ensemble has never been easier.</span></p>
<p><strong><em>Exclusive Kilt Deals for Budget-Friendly Fashion</em></strong></p>
<p><span style=""font-weight: 400;"">We understand the importance of looking good. That's why we regularly feature exclusive </span><strong>Kilt Deals</strong><span style=""font-weight: 400;"">. It allows your passion for kilts without compromising on your budget. Keep an eye on our promotions to fantastic offers on our premium </span><strong>Kilt Sets</strong><span style=""font-weight: 400;"">.</span></p>
<p><strong>Dive into the Kilt Sets Collection</strong></p>
<p><span style=""font-weight: 400;"">Our </span><strong>Kilt Sets</strong><span style=""font-weight: 400;""> showcase a blend of traditional tartans and contemporary design elements. Whether you prefer classic patterns or more modern interpretations. Our collection has something for everyone. Explore the rich palette of colors and styles. Find the perfect </span><strong>Kilt Set </strong><span style=""font-weight: 400;"">that resonates with your unique taste.</span></p>
<p><strong><em>Customizable Options for Personalized Elegance</em></strong></p>
<p><span style=""font-weight: 400;"">At Scottishkiltco we believe in empowering our customers to express their individuality. That's why we offer customizable options for certain </span><strong>Kilt Packages</strong><span style=""font-weight: 400;"">. It allows you to add a personal touch to your outfit. Choose from a selection of accessories to create a Kilt Set that truly reflects your style.</span></p>
<p><strong>Elevate Your Wardrobe with Our Kilt Sets</strong></p>
<p><span style=""font-weight: 400;"">From complete packages to exclusive deals Scottishkiltco is your destination for premium kilts.&nbsp; It effortlessly combine heritage and style. Browse our selection today and step into the world of </span><strong>Kilt Sets</strong><span style=""font-weight: 400;""> that redefine elegance and celebrate individuality.</span></p>"
190,Prince Charlie Jackets,prince-charlie-jackets,1,163,1/157/163/190,3,
191,Argyll Jackets,argyll-jackets,1,163,1/157/163/191,3,
192,Casual Waistcoats,casual-waistcoats,1,163,1/157/163/192,3,
193,Military Doublets,military-drummer-doublets,1,163,1/157/163/193,3,
194,Tartan Baby Kilts,tartan-baby-kilts,1,161,1/157/161/194,3,
195,Toddler Baby Kilts,toddler-baby-kilts,1,161,1/157/161/195,3,
196,Kids Utility Kilts,kids-utility-kilts,1,161,1/157/161/196,3,
197,Baby Tartan Skirts,baby-tartan-skirts,1,161,1/157/161/197,3,
198,Baby & Toddler Kilt Outfits,baby-toddler-kilt-outfits,1,161,1/157/161/198,3,
199,Leather Skirts,leather-skirts,1,172,1/157/160/172/199,4,
200,Denim Skirts,denim-skirts,1,172,1/157/160/172/200,4,
201,Women's Utility Kilts,womens-utility-kilts,1,160,1/157/160/201,3,
202,Full Dress Kilt Sporrans,full-dress-kilt-sporrans,1,174,1/157/162/174/202,4,
203,Semi Dress Sporrans,semi-dress-sporrans,1,174,1/157/162/174/203,4,
204,Horse Hair Sporrans,horse-hair-sporrans,1,174,1/157/162/174/204,4,
205,Leather Kilt Sporrans,leather-kilt-sporrans,1,174,1/157/162/174/205,4,
206,Tartan Utility Kilts,tartan-utility-kilts,1,159,1/157/159/206,3,
207,Kilts,kilt-collection,1,52,1/52/207,2,"<div data-content-type=""html"" data-appearance=""default"" data-element=""main"">&lt;p&gt;&lt;span data-preserver-spaces=""true""&gt;Are you looking for a &lt;strong&gt;kilt collection&lt;/strong&gt; for upcoming events? Kilts are worn by the Scottish people, both men and women. They are the iconic symbol of Scotland's national dress. Considering the increasing demand for kilts, we brought a &lt;strong&gt;kilt collection&lt;/strong&gt;. Some of our variations are&amp;nbsp;&lt;/span&gt;&lt;span style=""text-decoration: underline;""&gt;&lt;strong&gt;&lt;a class=""editor-rtfLink"" href=""https://utilitykilt.co.uk/utility-kilts"" target=""_blank"" rel=""noopener""&gt;Men utility kilts&lt;/a&gt;&lt;/strong&gt;&lt;/span&gt;&lt;span data-preserver-spaces=""true""&gt;,&amp;nbsp;&lt;/span&gt;&lt;span style=""text-decoration: underline;""&gt;&lt;strong&gt;&lt;a class=""editor-rtfLink"" href=""https://utilitykilt.co.uk/tartan-kilt"" target=""_blank"" rel=""noopener""&gt;Tartan kilts&lt;/a&gt;&lt;/strong&gt;&lt;/span&gt;&lt;span data-preserver-spaces=""true""&gt;,&amp;nbsp;&lt;/span&gt;&lt;span style=""text-decoration: underline;""&gt;&lt;strong&gt;&lt;a class=""editor-rtfLink"" href=""https://utilitykilt.co.uk/leather-kilts"" target=""_blank"" rel=""noopener""&gt;Leather Kilts&lt;/a&gt;&lt;/strong&gt;&lt;/span&gt;&lt;span data-preserver-spaces=""true""&gt;, and &lt;a title=""hybrid kilt"" href=""https://utilitykilt.co.uk/hybrid-kilt""&gt;&lt;span style=""text-decoration: underline;""&gt;Hybrid kilts&lt;/span&gt;&lt;/a&gt;. You will get the best highland kilts if you look for a&amp;nbsp;&lt;/span&gt;&lt;span style=""text-decoration: underline;""&gt;&lt;strong&gt;&lt;a class=""editor-rtfLink"" href=""https://utilitykilt.co.uk/kilts-for-men"" target=""_blank"" rel=""noopener""&gt;men's kilt&lt;/a&gt;&lt;/strong&gt;&lt;/span&gt;&lt;span data-preserver-spaces=""true""&gt;,&amp;nbsp;&lt;/span&gt;&lt;a class=""editor-rtfLink"" href=""https://utilitykilt.co.uk/kilts-for-women"" target=""_blank"" rel=""noopener""&gt;&lt;span data-preserver-spaces=""true""&gt;&lt;span style=""text-decoration: underline;""&gt;&lt;strong&gt;women's kilt&lt;/strong&gt;&lt;/span&gt;,&lt;/span&gt;&lt;/a&gt;&lt;span data-preserver-spaces=""true""&gt;&amp;nbsp;or&amp;nbsp;&lt;/span&gt;&lt;span style=""text-decoration: underline;""&gt;&lt;strong&gt;&lt;a class=""editor-rtfLink"" href=""https://utilitykilt.co.uk/kids-kilt"" target=""_blank"" rel=""noopener""&gt;kid's kilt&lt;/a&gt;&lt;/strong&gt;&lt;/span&gt;&lt;span data-preserver-spaces=""true""&gt;. These kilts are perfect for casual and formal occasions. Our kilts are made with various materials, including cotton, wool, and leather. Kilts are crafted under the supervision of professional tailors.&lt;/span&gt;&lt;/p&gt;</div>"
208,Kilt Outfits,kilt-outfits,1,52,1/52/208,2,"<style>#html-body [data-pb-style=LGS8E6O],#html-body [data-pb-style=TUFPRXJ],#html-body [data-pb-style=XSRK4KX]{justify-content:flex-start;display:flex;flex-direction:column;background-position:left top;background-size:cover;background-repeat:no-repeat;background-attachment:scroll}</style><div data-content-type=""row"" data-appearance=""contained"" data-element=""main""><div data-enable-parallax=""0"" data-parallax-speed=""0.5"" data-background-images=""{}"" data-background-type=""image"" data-video-loop=""true"" data-video-play-only-visible=""true"" data-video-lazy-load=""true"" data-video-fallback-src="""" data-element=""inner"" data-pb-style=""LGS8E6O""><div data-content-type=""text"" data-appearance=""default"" data-element=""main""><p>In our collection, we integrate heritage, quality and style. We customise a range of kilt outfits for the events, and casual styles. Our attires are perfect for a wedding, dance festivals, formal events or everyday wear.</p>
<p>We make kilt suits that will meet both the traditional and modern fashion needs, and 1500+ tartan patterns with easy return and exchange policy. For more than 20 years, 10,000 + outfits delivered till now across the UK with 4.8★★★★★ ratings and positive reviews from our verified customers.&nbsp;</p>
<p>Key Elements That Define Our Scottish Kilt Outfit<br>A kilt outfit reminds us of several important things:</p>
<p>Tartan Pattern - Ancient and Modern Tartan<br>Jacket and Waistcoat offer better appearance and an elegant structure<br>Shirt - Formal, or ghillie<br>Kilt Shoes<br>Sporran - A classic accessory<br>Accessories - Belt, buckle, kilt pin, sgian dubh, Balmoral / cap, hose and flashes to complete the appearance<br>Each element is selected carefully to achieve a harmonious and natural appearance</p>
<p>Signature Styles for Different Occasions in Our Kilt Attire Range&nbsp;<br>A full kilt outfit offers coordinated sets of the multiple items to complete the look, enabling the wearer to ""feel"" honoured. The Argyll kilt outfit is a modern adaptation of Scottish formal dress most suitable for semi-formal occasions as they are stylish and comfortable.&nbsp;</p>
<p>The Prince Charlie kilt outfit is our most popular wedding kilt outfit. It is equally suitable for your ceremonies, cultural events and dance festivals.&nbsp;</p>
<p>Sizing &amp; Customisation<br>Wearing a kilt outfit should make you feel good and attractive. Getting the right fit is simple where you can provide the exact size or measurement &nbsp;of jacket, shirt and kilt. You can choose a piece of cloth and tartan that will fit your need/choice. Similarly, you can personalise the accessories to complete the elegant and stylish appearance of your Scottish attire. In case, if you are not satisfied with the items in our listed outfit collection, then you can make your own list of items and create your full kilt outfit. For this, you can create custom orders with available options of chatbox, phone call or email.&nbsp;</p>
<p>Reasons to Choose Utility Kilt UK for Your Purchase<br>We provide high quality material and craftsmanship through our expert team. You get discount coupons on festivals, and reasonable prices every time you visit the online store. Our reasonable price ranges from £130 - £515 for different styles. We offer different styles at one place to match the traditional and contemporary designs. Our 24/7 customer services are available to timely respond to any of your inquiries and resolvesss.</p>
<p>Easy and Secure Ordering Experience<br>Shopping with us is easy and secure, offering a seamless checkout experience with secure payment methods. We have a variety of fabric options, personalisation or add-ons options and fast customer service via chat, email at support@utilitykilt.co.uk or phone number +44 161 3991718 &nbsp;whenever you need help.</p>
<p>Shop our collections today and get your tailored ensemble. We offer affordability, quality and assistance to help you in locating your ideal match.</p></div></div></div><div data-content-type=""row"" data-appearance=""contained"" data-element=""main""><div data-enable-parallax=""0"" data-parallax-speed=""0.5"" data-background-images=""{}"" data-background-type=""image"" data-video-loop=""true"" data-video-play-only-visible=""true"" data-video-lazy-load=""true"" data-video-fallback-src="""" data-element=""inner"" data-pb-style=""TUFPRXJ""></div></div><div data-content-type=""row"" data-appearance=""contained"" data-element=""main""><div data-enable-parallax=""0"" data-parallax-speed=""0.5"" data-background-images=""{}"" data-background-type=""image"" data-video-loop=""true"" data-video-play-only-visible=""true"" data-video-lazy-load=""true"" data-video-fallback-src="""" data-element=""inner"" data-pb-style=""XSRK4KX""></div></div>"
209,Argyll Kilt Outfit,argyll-kilt-outfit,1,208,1/52/208/209,3,"<div data-content-type=""html"" data-appearance=""default"" data-element=""main"">&lt;p&gt;&lt;strong&gt;&lt;span data-preserver-spaces=""true""&gt;Argyll kilt outfit&lt;/span&gt;&lt;/strong&gt;&lt;span data-preserver-spaces=""true""&gt;&amp;nbsp;is worn at formal and informal events and is considered the versatile alternative to the dress suit. This outfit comprises an Argyll jacket with a five-button waistcoat &amp;amp; accessories. The jacket of the outfit is decorated with silver square buttons and is made shorter to make the kilt visible. In the&amp;nbsp;&lt;/span&gt;&lt;strong&gt;&lt;span data-preserver-spaces=""true""&gt;Argyle kilt outfit&lt;/span&gt;&lt;/strong&gt;&lt;span data-preserver-spaces=""true""&gt;, the jacket is worn with a collared shirt and plain colour or tartan tie. Other than kilt Jackets, Ghillie shirts are another prominent item of this outfit which makes the outfit more traditional. More accessories included in the outfit are sporrans, shoes, hose &amp;amp; others. Each item has its beauty. All these accessories make a perfect combination to make this outfit more attractive and appealing for any event.&amp;nbsp;&lt;/span&gt;&lt;/p&gt;
&lt;h2&gt;&lt;strong&gt;&lt;span data-preserver-spaces=""true""&gt;Best Argyll Kilt Outfit to buy&lt;/span&gt;&lt;/strong&gt;&lt;/h2&gt;
&lt;p&gt;&lt;span data-preserver-spaces=""true""&gt;We always value our customers, so we have &lt;strong&gt;Argyll Kilt outfits&lt;/strong&gt; of your required size and colour. We at &lt;strong&gt;Utilitykilt&lt;/strong&gt; offer &lt;strong&gt;Argyle kilt Outfits&lt;/strong&gt; in multiple colour kilt jackets that are blue or grey &amp;amp; option to choose kilts for your clan. We have traditional kilts of many clans that can be selected. Choose the socks from our variations, or select the colour of your ghillie shirt. You can choose our customization offer option to get your desired outfits. Each piece of our &lt;span style=""text-decoration: underline;""&gt;&lt;a href=""https://utilitykilt.co.uk/kilt-outfits""&gt;&lt;strong&gt;kilt outfit&lt;/strong&gt;&lt;/a&gt;&lt;/span&gt; is made with care and perfection. So you do not have to worry about the quality while purchasing from our online store. Make sure to order your outfit in the accurate size. For more, please consider our measuring guide page for your ease. Select &lt;span style=""text-decoration: underline;""&gt;&lt;a title=""Prince Charlie Kilt Outfit"" href=""https://utilitykilt.co.uk/prince-charlie-kilt-outfit""&gt;&lt;strong&gt;Prince Charlie Kilt Outfit&lt;/strong&gt;&lt;/a&gt;&lt;/span&gt; from our online store if you want a modern Outfit.&lt;/span&gt;&lt;/p&gt;
&lt;p&gt;&lt;span data-preserver-spaces=""true""&gt;Please use our chat option or email us at &lt;span style=""text-decoration: underline;""&gt;&lt;a title=""support@utilitykilt.co.uk"" href=""mailto:support@utilitykilt.co.uk""&gt;&lt;strong&gt;support@utilitykilt.co.uk&lt;/strong&gt;&lt;/a&gt;&lt;/span&gt; for any assistance. Our sales team guides you about your queries. We have the &lt;a title=""Faq"" href=""https://utilitykilt.co.uk/faq""&gt;&lt;strong&gt;&lt;span style=""text-decoration: underline;""&gt;Faq&lt;/span&gt;&lt;/strong&gt;&lt;/a&gt; page for general queries, where you would find the answer to common questions.&lt;/span&gt;&lt;/p&gt;
&lt;p&gt;&amp;nbsp;&lt;/p&gt;</div>"
210,Prince Charlie Kilt Outfit,prince-charlie-kilt-outfit,1,208,1/52/208/210,3,"<style>#html-body [data-pb-style=D79G8YW]{justify-content:flex-start;display:flex;flex-direction:column;background-position:left top;background-size:cover;background-repeat:no-repeat;background-attachment:scroll}</style><div data-content-type=""row"" data-appearance=""contained"" data-element=""main""><div data-enable-parallax=""0"" data-parallax-speed=""0.5"" data-background-images=""{}"" data-background-type=""image"" data-video-loop=""true"" data-video-play-only-visible=""true"" data-video-lazy-load=""true"" data-video-fallback-src="""" data-element=""inner"" data-pb-style=""D79G8YW""><div data-content-type=""text"" data-appearance=""default"" data-element=""main""><p>Men often feel unsure when deciding what to wear for formal black-tie events. The uncertainty often comes from not knowing how to match jackets and other accessories. Utility Kilt UK™ Prince Charlie outfits remove that confusion by offering a complete, matching formal outfit. Our Prince Charlie Outfit arrives ready to wear, so that you can focus on the occasion rather than the matching details.</p>
<h2>What Defines a Prince Charlie Kilt Outfit</h2>
<p>The Prince Charlie kilt outfit is designed for formal evening and black-tie events. Its jacket is made from barathea wool to ensure maximum comfort during long evenings. Its jacket has formal detailing and traditional structure as it features decorative metal studs on the cuffs, shoulders, and front, which give the jacket a distinctive black-tie look. The vest is designed the same as the jacket with three high-finish buttons in the centre. The jacket is short at the front and longer in the back.</p>
<h2>What’s Included in a Prince Charlie Kilt Outfit</h2>
<p>Utility Kilt UK™ offers a Prince Charlie kilt outfit as a complete set. It includes an acrylic wool tartan kilt, with a smooth front apron and lined pleats at the back. Accessories included in the outfit are a leather dress sporran with fur, a leather belt with a steel buckle, and a white shirt made from soft twill cotton. Hand-knitted hose and custom leather ghillie brogues complete the base of the outfit. Classic features like woven flashes, a weighted steel kilt pin and a matching fly plaid with antique brooch can be added as well. Prince Charlie outfits are available in different sets, and each set includes different items. This allows you to choose a set that matches your event needs while keeping the overall look formal and balanced.</p>
<h2>Why You Should Choose a Complete Prince Charlie Set</h2>
<p>It's best to choose a Prince Charlie outfit as a complete set, as this ensures proper proportions across every piece. The matching design keeps the outfit clean and avoids any styling issues. It works best for black-tie events, formal evening functions, weddings, receptions, and ceremonial occasions where a refined appearance is required.&nbsp;</p>
<h2>Why Buy Prince Charlie Kilt Outfits from Utility Kilt UK™</h2>
<p>We maintain standards by offering:</p>
<ul>
<li><strong>Quality materials</strong>: We use only high-quality materials and steel hardware to maintain the quality and shape after several years of use.&nbsp;</li>
<li><strong>Reliable fit Standards</strong>: Each piece in the set, like shirt, shoes, kilt, jacket, will be crafted according to your measurements so it fits you well from top to bottom.&nbsp;</li>
<li><strong>100+ tartan patterns</strong>: You can choose from over one hundred tartans present in our palette to suit tradition, personal style, or event requirements.</li>
<li><strong>Durable stitching and personalisation</strong>: We stitch each outfit with reinforced seams, ensuring it will keep its shape and structure after multiple uses. You can change jacket size, tartan pattern and accessories of your choice.</li>
</ul>
<h2>Browse Our Prince Charlie Kilt Outfit Collection</h2>
<p>Explore our Prince Charlie kilt outfit collection to discover designs tailored for formal evening and black tie events. Our goal is to provide a sharp yet balanced appearance, with the same level of highland traditional outfit look. Browse available styles and choose a complete outfit that fits your occasion with confidence.</p></div></div></div>"
211,Casual Kilt Outfit,casual-kilt-outfit,1,208,1/52/208/211,3,"<style>#html-body [data-pb-style=QTHMNMF]{justify-content:flex-start;display:flex;flex-direction:column;background-position:left top;background-size:cover;background-repeat:no-repeat;background-attachment:scroll}</style><div data-content-type=""row"" data-appearance=""contained"" data-element=""main""><div data-enable-parallax=""0"" data-parallax-speed=""0.5"" data-background-images=""{}"" data-background-type=""image"" data-video-loop=""true"" data-video-play-only-visible=""true"" data-video-lazy-load=""true"" data-video-fallback-src="""" data-element=""inner"" data-pb-style=""QTHMNMF""><div data-content-type=""text"" data-appearance=""default"" data-element=""main""><p>Casual kilt outfits are made for everyday wear, where comfort matters as much as appearance. Our collection brings together complete outfit sets that pair well without heavy structure or formal styling for daily wear. Whether you are dressing for informal events, day wear, or regular use, these casual kilt outfits offer a balanced look that works without feeling overdone. Casual kilt outfits are designed with comfort and movement in mind.&nbsp;</p>
<h2>What’s Included in a Casual Kilt Outfit</h2>
<p>Our casual Men's Kilt Outfits are available in a variety of set options, all designed with different occasions in mind. Different sets may include a leather dress sporran with fur, a leather belt, steel buckle, and a Jacobite Ghillie Shirt. Hand-knitted hose and custom leather ghillie brogues are also included. Traditional details such as woven flashes and a matching fly plaid can also be included.</p>
<h2>Why Choose Casual Kilt Outfits from Utility Kilt UK™</h2>
<p>Our casual kilt outfits are built for ease and everyday wear, without compromising on fit or finish.</p>
<ul>
<li><strong>Complete outfit:</strong> We offer a range of sets along with all the accessories, so you don't have to buy separate matching pieces.</li>
<li><strong>Made-to-order Sets</strong>: Utility Kilt UK™ deals only in made-to-order pieces. We start cutting your outfit once we receive your measurements, so the outfit fits you well.</li>
<li><strong>Practical everyday design</strong>: We designed a casual kilt outfit with everyday ease in mind, so it stays comfortable through long wear.</li>
<li><strong>1000+ Tartan Patterns</strong>: We offer a range of tartan patterns in our palette, so you can have your casual kilt outfit in your preferred tartan pattern.</li>
</ul>
<h2>Shop Casual Kilt Outfits</h2>
<p>Utility Kilt UK™ &nbsp;store gives you full control over your casual kilt outfit. If you want your kilt without straps, or prefer different accessories, we will make it your way. Browse the full collection and order the outfit set that suits your style.</p></div></div></div>"
212,Mini Kilt Skirt,mini-kilt-skirt,1,59,1/52/207/59/212,4,"<div data-content-type=""html"" data-appearance=""default"" data-element=""main"">&lt;p&gt;Mini Kilt Skirt&lt;/p&gt;</div>"
213,Women's Kilt Outfits,womens-kilt-outfits,1,160,1/157/160/213,3,<p>Women's Kilt Outfits</p>
214,Tartan Utility Kilts,tartan-utility-kilts,1,10,1/3/9/10/214,4,
215,Kilt Brooches,kilt-brooches,1,162,1/157/162/215,3,
216,Fly Plaid,fly-plaid,1,162,1/157/162/216,3,
217,Scottish Hats,scottish-hats,1,162,1/157/162/217,3,
218,Shoes,shoes,1,162,1/157/162/218,3,
219,Kilt Socks,kilt-socks,1,162,1/157/162/219,3,
220,Tartan Sashes,tartan-sashes,1,162,1/157/162/220,3,
221,Kilt Ties,kilt-ties,1,162,1/157/162/221,3,
222,Woodwind Instrument,woodwind-instrument,1,162,1/157/162/222,3,
223,Women Kilt Outfits,women-kilt-outfits,1,4,1/3/4/223,3,"<style>#html-body [data-pb-style=I59HHXO]{justify-content:flex-start;display:flex;flex-direction:column;background-position:left top;background-size:cover;background-repeat:no-repeat;background-attachment:scroll}</style><div data-content-type=""row"" data-appearance=""contained"" data-element=""main""><div data-enable-parallax=""0"" data-parallax-speed=""0.5"" data-background-images=""{}"" data-background-type=""image"" data-video-loop=""true"" data-video-play-only-visible=""true"" data-video-lazy-load=""true"" data-video-fallback-src="""" data-element=""inner"" data-pb-style=""I59HHXO""><div data-content-type=""text"" data-appearance=""default"" data-element=""main""><p>Women often pay close attention to matching and contrast, but it often leaves a gap in fit and styling when it comes to kilts. The Utility Kilt™ solves this by offering a complete women’s kilt outfit collection built to give a complete, ready-to-wear Highland outfit. It brings together traditional structure and modern comfort in one set, making it easy to choose a full-length kilt outfit without piecing individual items together.</p></div></div></div>"
224,Men,kilts-for-men,1,158,1/158/224,2,"<h2><strong>Why Choose Our Mens Kilts?</strong></h2>
<p><span style=""font-weight: 400;"">If you are looking for the next </span><strong>Kilt For Men</strong><span style=""font-weight: 400;"">, you have landed on an right page, because Irish Kilt shop has everything that you need. A customer's basic purpose is to find a store where he can get everything from quantity to quality, depending on his pocket. Irish Kilt Shop meets all of these requirements and is your next one-stop online store for every </span><strong>Mens Kilt</strong><span style=""font-weight: 400;""> purchase.</span></p>
<p><span style=""font-weight: 400;"">Our kilts are made with pure tartan wool and cotton. Kilts have pockets to carry essentials with you. We ensure that we provide the best that we can. Our </span><strong>Kilts For Men</strong><span style=""font-weight: 400;""> truly reflect the peak of kilt-making skills. Moreover, our experts take care of every stitching, so none of our customers complain about the quality of the make of </span><strong>Mens Kilts</strong><span style=""font-weight: 400;"">.</span></p>
<p><span style=""font-weight: 400;"">Besides the exceptional quality, Irish Kilt Shop offers customization services. We know that every person is not the same size. No problem, if you are lean or muscular; we will customize your Mens Kilt according to your size. All we need is your exact size.</span></p>
<p><span style=""font-weight: 400;"">We have a diverse range of </span><strong>Kilts For Men </strong><span style=""font-weight: 400;"">to fulfil your needs. Some of our fantastic products are </span><a title=""Mens Utility kilts"" href=""https://irishkiltshop.com/utility-kilts""><strong>Mens</strong> <strong>Utility Kilts</strong></a><span style=""font-weight: 400;"">, Hybrid Kilt Mens, <a title=""Leather Kilt Mens"" href=""https://irishkiltshop.com/leather-kilts"">Leather Kilt Mens</a>, <a title=""Tartan Kilt Mens"" href=""https://irishkiltshop.com/tartan-kilts"">Tartan Kilt Mens</a>, etc. All of our Kilts are suitable for events like weddings, educational ceremonies, Highland games, and many more.</span></p>
<p><span style=""font-weight: 400;"">All the requirements discussed above are from the customer's end. Now, let us add something from our side. Are you budget-conscious? Again, you are at the right place because all of our </span><strong>Kilts For Men</strong><span style=""font-weight: 400;""> are budget-friendly. Our price tags also serve as a source of ease.</span></p>
<p><span style=""font-weight: 400;"">So, what stops you from making a purchase? Explore our unique collection of Mens Kilts and finalize a deal. We are always ready to hear from you via ChatBox or email us at </span><a title=""support@irishkilshop.com"" href=""mailto:support@irishkilshop.com""><strong>support@irishkilshop.com</strong></a><span style=""font-weight: 400;"">.</span></p>"
225,Women,kilts-for-women,1,158,1/158/225,2,
226,Kids,kilts-for-kids,1,158,1/158/226,2,
227,Kilt Outfits,kilt-outfits,1,158,1/158/227,2,
228,Tartan Kilts,tartan-kilts,1,224,1/158/224/228,3,"<style>#html-body [data-pb-style=V7CSMBG]{justify-content:flex-start;display:flex;flex-direction:column;background-position:left top;background-size:cover;background-repeat:no-repeat;background-attachment:scroll}</style><div data-content-type=""row"" data-appearance=""contained"" data-element=""main""><div data-enable-parallax=""0"" data-parallax-speed=""0.5"" data-background-images=""{}"" data-background-type=""image"" data-video-loop=""true"" data-video-play-only-visible=""true"" data-video-lazy-load=""true"" data-video-fallback-src="""" data-element=""inner"" data-pb-style=""V7CSMBG""><div data-content-type=""text"" data-appearance=""default"" data-element=""main""><p>In our tartan shop, you’ll discover tartans that incorporate time-honored Highland skills, genuine legacy, and contemporary comfort. Our collection features a wide range of traditional kilts starting at price £34, a growing selection of 1500+ tartan designs &amp; seasonal discount offers stocked with quality plaid kilts from Scottish history and true Scottish style. For more than 20 years, we have had a 4.9★ rating of satisfied customers. Classic clan tartans such as the Royal Stewart, Gordon, MacDonald and the modern tartans are all designed to reflect the rich tradition of Scotland. We have traditional kilt styles that would fit anyone whether you are an everyday wearer for ceremonial events and casual wear.</p>
<p>Browse our tartan collection where you can buy with trust and ease.&nbsp;</p>
<h2>Features That Define a Quality Traditional Kilt</h2>
<ul>
<li>For authentic Highland style, the pleated back and tartan weave is used.</li>
<li>Front apron is completely flat made with tartan fabric with leather strap, and buckle fastening</li>
<li>Comfortable fabric weight durable 100% acrylic wool fabric</li>
<li>The plaid kilt is appropriate for everyday occasions and a formal event.</li>
</ul>
<p>Get your ideal and suitable plaid kilt pattern today and experience the heritage.</p>
<h3>5-Yard Tartan Kilt</h3>
<p>Each design varies from the others, hence we offer a custom sizing for all of our kilts. Stitching can be done to a very special fit, to perfectly fit the kilts at the natural waist level, leaving the traditional silhouette. The 5-yard kilt is a normal size and light in weight. Whether it's measuring your waist, drop length or pleats, we get you a perfect look.</p>
<h3>8-Yard Tartan Kilt</h3>
<p>The 8 yard kilt, however, has a heavier and more formal kilt look with deeper kilt pleats, fuller roll and swing. These kilts are a popular option for formal events, cultural celebrations, and casual wear as well.</p>
<h2>Explore Tartan Kilt Styles for Every Occasion</h2>
<p>The kilt is more than a piece of fabric. It is a symbol of history, pride and Celtic heritage. Whether worn for formal or casual occasions, kilts continue to be a vital integral component of Scottish dress today.</p>
<ul>
<li>Take the opportunity to wear a Highland Games kilt at celebrations and cultural events.</li>
<li>Style Tartan kilt with Scottish Prince Charlie or Argyll jacket for weddings and ceremonies</li>
<li>Enjoy a real authentic Highland Scottish celebration of St. Andrew's Day and Burns Night!</li>
<li id=""V7V1P56"">Complete your Highland outfit with a kilt, kilt pin and a <a style=""outline: #22c55e dashed 2px; outline-offset: 1px;"" tabindex=""0"" href=""https://irishkiltshop.com/kilt-sporrans"">sporran</a>!</li>
<li>This kilt is a tribute to culture, made to be worn for a timeless Highland style. If you're searching for clan pattern kilts, you have arrived at the ideal spot.&nbsp;</li>
</ul>
<p>Tour the entire <a style=""outline: #22c55e dashed 2px; outline-offset: 1px;"" tabindex=""0"" href=""https://irishkiltshop.com/kilts-for-men"">kilt collection</a> and create the complete kilt outfit today!&nbsp;</p>
<h2>Buy Online with Confidence</h2>
<p>Not sure about your size? Take advantage of our free Kilt <a style=""outline: #22c55e dashed 2px; outline-offset: 1px;"" tabindex=""0"" href=""https://irishkiltshop.com/kilt-measuring-guide"">Measuring Guide</a> to make an instant buying decision at home without any confusion. Each kilt is custom made for fit and comfortable, accurate on the waist and for the traditional look.</p>
<p>You can reach our customer service department from our Live Chat and email that would answer your questions about sizing, order and product directions. Please call us at <a tabindex=""0"" href=""mailto:support@irishkiltshop.com"">support@irishkiltshop.com</a> or our chat box at any time.</p>
<p>We also have an easy to use 30 day exchange and return policy which lets you have the added assurance that you are ordering your traditional wear online.</p>
<p>Shop the kilt today and stay confident, comfortable and supported!</p>
<p>&nbsp;</p></div></div></div>"
229,Utility Kilts,utility-kilts,1,224,1/158/224/229,3,
230,Leather Kilts,leather-kilts,1,224,1/158/224/230,3,"<p><strong>Leather kilts</strong><span style=""font-weight: 400;""> have been signature attire for a long time. </span><strong>Mens leather kilts</strong><span style=""font-weight: 400;""> symbolise class, and people who want comfort and practicality at the same time usually prefer these kilts. We use 100% pure leather in our kilts for personality transformation. Moreover, we craft our leather kilts in a way that positively encourages wearers to try once.</span></p>
<h2><span style=""font-weight: 400;"">Men's Leather Kilts with Style and Comfort&nbsp;</span></h2>
<p><span style=""font-weight: 400;"">Our </span><strong>men's leather kilts</strong><span style=""font-weight: 400;""> are made with top-class leather and the collection expands to hundreds offering unique features and appearances. Like other kilts, our kilts are pleated on the rare side, </span><span style=""font-weight: 400;"">and we pleat them in different styles</span><span style=""font-weight: 400;""> making kilts more appealing. Our leather kilts have various kinds of aprons, from simple to uniquely designed. Other than classy and modern appearances, we add a touch of functionality to our kilts. Our </span><strong>leather kilts </strong><span style=""font-weight: 400;"">have pockets that are in different sizes on both sides and have flaps on them, so you may keep your essentials within your range.&nbsp;</span></p>
<h2><span style=""font-weight: 400;"">Leather Kilts with secure Fit</span></h2>
<p><span style=""font-weight: 400;"">Some of our </span><strong>leather kilts</strong> <span style=""font-weight: 400;"">have traditional styles a</span><span style=""font-weight: 400;"">nd are pocketless to maintain the cultural touch. Our range of products has different visual specifications, like some have chains and studs, while some kilts are with beautiful leather sporrans. Beside, all of our kilts have belt loops, fastening buttons, and buckles for secure fit.</span></p>
<p><span style=""font-weight: 400;"">Our </span><strong>Leather Kilts</strong><span style=""font-weight: 400;""> are not specified to a single gender; we serve women and children as well. You can confidently choose </span><a title=""men’s kilts"" href=""https://irishkiltshop.com/kilts-for-men""><strong>men’s kilts</strong></a><span style=""font-weight: 400;"">, </span><a title=""women’s kilts"" href=""https://irishkiltshop.com/kilts-for-women""><strong>women’s kilts</strong></a><span style=""font-weight: 400;"">, and </span><a title=""kid's kilts"" href=""https://irishkiltshop.com/kilts-for-kids""><strong>kid's kilts</strong></a><span style=""font-weight: 400;""> at our store. We understand that everyone cannot afford pricey products and offer our products at the maximum level of cost-effectivity. Not only budget-friendly, but we also provide customisation services to our customers if their desired leather kilts do not fit them.</span></p>
<p><span style=""font-weight: 400;"">So, what stops you from making a purchase today? Please read our </span><a title=""FAQs"" href=""https://irishkiltshop.com/faq""><strong>FAQs</strong></a><span style=""font-weight: 400;""> section if you have any questions. If you face any problem while placing an order, reach us via Chat Box or email us at </span><a title=""support@irishkiltshop.com"" href=""mailto:support@irishkiltshop.com""><strong>support@irishkiltshop.com</strong></a></p>"
231,Tactical Kilts,tactical-kilts,1,224,1/158/224/231,3,"<style>#html-body [data-pb-style=KQ4L1YJ]{justify-content:flex-start;display:flex;flex-direction:column;background-position:left top;background-size:cover;background-repeat:no-repeat;background-attachment:scroll}</style><div data-content-type=""row"" data-appearance=""contained"" data-element=""main""><div data-enable-parallax=""0"" data-parallax-speed=""0.5"" data-background-images=""{}"" data-background-type=""image"" data-video-loop=""true"" data-video-play-only-visible=""true"" data-video-lazy-load=""true"" data-video-fallback-src="""" data-element=""inner"" data-pb-style=""KQ4L1YJ""><div data-content-type=""text"" data-appearance=""default"" data-element=""main""><h2>Tactical Kilts Built for Real Performance</h2>
<p>A tactical kilt is for the adventurers due to storage capabilities, and style. Tactical kilts can provide a rugged appeal with cotton drill fabric and allow for freedom of movement, whether you are in rough terrain, at an outdoor festival, on duty in challenging work situations, or training in combat sports. We offer seasonal discounts for 22+ product designs of camo kilts as well to make each occasion more special and joyful. With over 20 years, we have a 4.8 rating to provide quality and comfort to more than 10,000+ customers.</p>
<p><br>Buy your kilt starting at just £37 with free customisation across the UK and Worldwide.&nbsp;</p>
<h2>What Is a Tactical Kilt?</h2>
<p>A modern military inspired version of the traditional Highland kilt which has mainly been created for rugged attire and for capable and quick traveling. They are constructed from heavy-duty fabrics, D-ring, brass buttons, reinforced stitching, deep cargo pockets, tactical gear, adjustable waistband, and assembly and features that allow for practical use.</p>
<h2>Our Tactical Kilt Styles - Battle, Combat, Camo and Multicam</h2>
<p>The tactical kilt selection is created for those who require garments that offer a rugged design and style, reliable functionality, and performance.&nbsp;</p>
<h3>Battle Kilts</h3>
<p>Battle kilts are a fusion of Highland history and a jock style. <a style=""outline: #22c55e dashed 2px; outline-offset: 1px;"" tabindex=""-1"" href=""https://irishkiltshop.com/kilts-for-men"">Men’s kilts</a> are crafted to withstand tough conditions, feature generous cargo pockets, are as sturdy as belt loops, and feature rugged detailing and are worn in medieval and cosplay events, Highland games and outdoor activities.</p>
<h3>Combat Kilts</h3>
<p>Combat kilts are designed for the specific purpose of combat, and specifically designed for challenging situations and positions for which there is physical movement. They are reinforced with stitching, have heavy duty waistbands, durable pleats along with useful storage systems, giving them a high level of flexibility when used.</p>
<h3>Camo &amp; Camouflage Kilts</h3>
<p>The camo-themed / camouflage kilt includes hiking, hunting and adventure kilts. These woodland camo, digital camo, desert patterned and rugged military-style inspired camo kilts are ideal for outdoor men, both in terms of functionality and style.</p>
<h3>Multicam Kilts</h3>
<p>Multicam kilts feature advanced multi-terrain camouflage patterns which are ideal for airsoft, paintball, tactical sports, and cosplay. Our <a style=""outline: #22c55e dashed 2px; outline-offset: 1px;"" tabindex=""-1"" href=""https://irishkiltshop.com/multicam-highlander-tactical-kilt"">Multicam Highlander</a> is a top pick for this style. They are made for events to offer a high quality look for <a style=""outline: #22c55e dashed 2px; outline-offset: 1px;"" tabindex=""-1"" href=""https://irishkiltshop.com/utility-kilts"">utility kilt</a> style while having a versatility of use in their performance.&nbsp;</p>
<h2>Why Choose Irish Kilt Shop for Your Tactical Kilt?</h2>
<p>Irish Kilt Shop is based in Dukes Brow, Blackburn with two decades of expertise in kiltcrafting and we fuse Highland tradition with tactical utility to offer our customers top of the range Kilts they can trust.</p>
<p>Outdoor use is guaranteed with premium heavy duty construction<br>Precision cutting and specialising in craftsmanship<br>Every order comes with FREE customisation options<br>Made to measure with comfortable sizing<br>Trusted by 10,000+ customers across UK and worldwide<br>We boast an average customer satisfaction rating of 4.8-stars<br>Deliveries all over the world with reliability<br>We also have a free 30-day return or exchange policy with an encrypted payment method so you can feel 100% confident in your purchase.</p>
<h2>Unlimited Customisation — Design Your Own Tactical Kilt</h2>
<p>We believe that each tactical kilt must reflect the true style and strength of a wearer. That's why we provide a fully customizable product with a range of design choices. We have multiple available prints for the tactical kilts including urban camo, multicamo and woodland camo. You can order your custom print or design if not available in the list through Chatbox, email and phone number.&nbsp;</p>
<p>Order your camouflage, pocket layout, straps, buckles, fabric type and length, to make a kilt uniquely yours.&nbsp;</p>
<p>Our <a style=""outline: #22c55e dashed 2px; outline-offset: 1px;"" tabindex=""-1"" href=""https://irishkiltshop.com/kilt-measuring-guide"">measuring guide</a> allows us to offer a custom sizing service for the perfect fit.</p>
<p>&nbsp;</p></div></div></div>"
232,Hybrid Kilts,hybrid-kilts,1,224,1/158/224/232,3,"<p><span style=""font-weight: 400;""><strong>Hybrid Kilts</strong> are the latest trends in the kilts that appeared in the early 21st century. These kilts are ideal for people who love to express their tradition with fashion collectively. Another point making <strong>hybrid kilts</strong> unique is that they are wearable at every type of event, whether it is formal or casual.</span></p>
<p><span style=""font-weight: 400;"">Our highly skilled experts at Irish Kilt Shop make hybrid kilts using high-quality fabric with great craftsmanship. We use the best Acrylic Wool and cotton to craft unique patterns and designs to impress our clients. Besides, we realize that the people’s choices do not match each other. So, we offer a variety of colours and designs to choose their best <strong>hybrid kilt</strong> from. Besides quality, we provide an array of sizes to minimise the chances of you going back empty-handed.</span></p>
<p><span style=""font-weight: 400;"">Our variety confirms that it would not happen; if your size still appears as a problem, this is not your headache anymore. Provide your exact size to our experts and they will customise kilts accordingly. Thus, before we unveil our products, let’s add that we value the time and ensure timely delivery.</span></p>
<p><span style=""font-weight: 400;"">Our <strong>hybrid kilt</strong> is not just simple kilt, we make sure that you get traditional and stylish look. Our products guarantee everything from a classic touch to practicality and modernity. Most importantly, our list of Hybrid Kilts is not limited; we provide more options to choose from. Some of the most common are the Irish Green Hybrid Kilt, Royal Stewart Hybrid Kilt, etc.</span></p>
<p><span style=""font-weight: 400;"">Reaching us is relatively easy now since you have multiple resources to get us, from sending us an email at </span><a href=""mailto:support@irishkiltshop.com""><strong>support@irishkiltshop.com</strong></a><span style=""font-weight: 400;""> or saying hello in the chat box. Our team is always there to respond to you quickly!</span></p>"
233,Denim Kilts,denim-kilts,1,224,1/158/224/233,3,"<p><strong>Denim kilts</strong><span style=""font-weight: 400;""> are perfect for those who love to wear jeans in their routine. These kilts are made with 100% pure denim, ensuring maximum comfort and flexibility. They are perfect for casual events where you must show prominence. They have become the most sold kilts in recent times. We, at Irish Kilt Shop, have a variety of particular kilts. Every product we offer has unique aesthetics and features. Regarding the colours, you can choose from a collection from black to blue. Besides, some of them come with a combination of tartan, adding more elegance and a touch of tradition.</span></p>
<h2><span style=""font-weight: 400;"">Quality Denim Kilts</span></h2>
<p><span style=""font-weight: 400;"">We understand that denim kilts have become a fashion statement, and people prefer them this way. You can select kilts according to your requirements from our vast collection, whether you want a simple detachable apron or are looking for a stylish apron. The majority of our kilts come with different attachments, including D-rings, O-rings, chains, zips, eyelets, etc., making them more eye-catching and adding to their practicality. These kilts have pockets on both sides and flaps on them with different designs. We also provide wide belt loops and fastening buttons or straps for a secure fit.</span></p>
<h2><span style=""font-weight: 400;"">Affordability And Customisation</span></h2>
<p><span style=""font-weight: 400;"">Moreover, we provide our products at affordable prices because we realise everyone cannot afford the costly jeans kilts. Other than budget-friendly products, we also offer customisation services to our customers. Most importantly, our collection does not limit itself to the denim kilt, but we also provide </span><a title=""tartan kilts"" href=""https://scottishkiltco.com/tartan-kilts.html""><strong>tartan kilts</strong></a><span style=""font-weight: 400;"">, </span><a title=""hybrid kilts"" href=""https://irishkiltshop.com/hybrid-kilts""><strong>hybrid kilts</strong></a><span style=""font-weight: 400;"">, and </span><a title=""mens utility kilts"" href=""https://irishkiltshop.com/utility-kilts""><strong>mens utility kilts</strong></a><span style=""font-weight: 400;"">.</span></p>
<h2><span style=""font-weight: 400;"">Contact Us</span></h2>
<p><span style=""font-weight: 400;"">If you have more questions regarding our products, we have answered some in the <a title=""FAQs"" href=""https://irishkiltshop.com/faq"">FAQs</a> section. So, contact us today and finalise a deal with us. Approaching us today is quite easy since our team is waiting to respond to you at the chat box or by emailing us at </span><a title=""support@irishkiltshop.com"" href=""mailto:support@irishkiltshop.com""><strong>support@irishkiltshop.com</strong></a></p>"
234,Firefighter Kilts,firefighter-kilts,1,224,1/158/224/234,3,"<h2><strong>Firemen kilts to Honoring Bravery with Style and Comfort</strong></h2>
<p><span style=""font-weight: 400;"">Firefighter kilts, also known as fireman kilts, are usually worn by people to pay tribute to those performing duties in this harsh field. They usually risk their lives to save others, so they deserve a homage in return. It makes people wear firefighter kilts who want to appreciate these heroes. These kilts have a specific meaning, representing bravery, honour, and courage.</span></p>
<p><span style=""font-weight: 400;"">The Irish Kilt Shop makes firefighter kilts with 100% pure drill jeans and cotton fabric to maintain the best quality. Our kilts are made to make reliable and flexible pleats to avoid any bothering situations while wearing it.</span></p>
<h2><strong>Shop men's firefighter kilts</strong></h2>
<p><span style=""font-weight: 400;"">We also provide a collection of kilts with different designs for those who wear kilts to admire firefighters. Our firefighter kilts come in various colours, ensuring you can easily find the desired one. Plus, our kilts are available in different styles, and fashion enthusiasts can freely choose from them. Most of our firefighter kilts have plain aprons with simple reflective tape. Pockets make kilts practical, so we provide pockets on both sides to keep the essentials. Our kilts have buttons in different styles on the apron to make them eye-pleasing. Moreover, effective belt loops, fastening buttons, and straps in kilts guarantee a secure fit.&nbsp;</span></p>
<h2><strong>Get the Kilt You Desired</strong></h2>
<p><span style=""font-weight: 400;"">To have a perfect kilt, it is essential to choose an accurate size. If your waist size is in the even numbers, you can select the sizes given on our website. Likewise, in the case of waist size in odd numbers, choose one number larger rather than smaller. Alongwith these, we also have variety of <strong><a title=""mens utility kilts"" href=""https://irishkiltshop.com/utility-kilts"">mens utility kilts</a></strong>, flag kilts and much more</span></p>
<h2><strong>Customised For You</strong></h2>
<p><span style=""font-weight: 400;"">We also offer customisation services if any sizes don't fit you. Not only size, but we can also add more features in customised kilts. Just provide us with your exact size, and you will receive your kilt within the given time frame. Reaching us is very simple. Just send us a message in a Chat Box or email us at </span><a title=""support@irishkiltshop.com"" href=""mailto:support@irishkiltshop.com""><strong>support@irishkiltshop.com</strong></a></p>"
235,Tartan Utility Kilts,tartan-utility-kilts,1,224,1/158/224/235,3,"<p><span style=""font-weight: 400;"">Tartan Utility Kilts let you elevate your style. These kilts perform as utility as their name represents. You can dress them in different colors and distinctive patterns for different events but primarily they are specified for traditional events.</span></p>
<h2><strong>Choose The Best Tartan Utility Kilts</strong></h2>
<p><span style=""font-weight: 400;"">What makes a tartan utility kilt superior to the traditional one? They have different features like utility, while simple kilts do not offer it. Our tartan utility kilts have two pockets on both sides. Pockets come in different designs and are secured with flaps, so you may not lose your belongings and eyelets for beauty. You get belt loops with fastening buttons and straps for a secure fit. Our kilts have plain apron. Therefore, we add other attachments like D-rings, O-rings, zip closures, eyelets, etc, for stylish appearances.</span></p>
<h2><strong>Customization Service</strong></h2>
<p><span style=""font-weight: 400;"">We understand the wearer's physique varies, so we offer customization services. The requirement from our side is just your exact size, and you will get your expertly-made product at your doorstep. Apart from that, we realize that everyone cannot afford costly products, so we make sure to provide you with the best products at low-budget. </span><a title=""Irish Kilt Shop"" href=""https://irishkiltshop.com""><strong>Irish Kilt Shop </strong></a><span style=""font-weight: 400;"">also offers many other products apart from those mentioned here. You can buy different kilts from our online store, including </span><a title=""men's utility kilts"" href=""https://irishkiltshop.com/utility-kilts""><strong>men's utility kilts</strong></a><span style=""font-weight: 400;"">, </span><a title=""tactical kilts"" href=""https://irishkiltshop.com/tactical-kilts""><strong>tactical kilts</strong></a><span style=""font-weight: 400;"">, and </span><a title=""leather kilts"" href=""https://irishkiltshop.com/leather-kilts""><strong>leather kilts</strong></a><span style=""font-weight: 400;"">&nbsp;</span></p>
<h2><strong>Contact Us</strong></h2>
<p><span style=""font-weight: 400;"">Hopefully, you have chosen a tartan utility kilt that you are going to buy now. So, order now and wait for the package to arrive. If you face any issue placing the order, approach us. Our team is there to respond to you. Send us a message in the chat box or email us at </span><strong><a title=""support@irishkiltshop.com"" href=""mailto:support@irishkiltshop.com"">support@irishkiltshop.com</a>.</strong><span style=""font-weight: 400;""> If you don't hear back from us, wait a bit. Our team will get back to you soon.</span></p>"
236,Prince Charlie Kilt Outfits,prince-charlie-kilt-outfits,1,227,1/158/227/236,3,
237,Accessories,kilt-accessories,1,158,1/158/237,2,
238,Jackets,kilt-jackets,1,158,1/158/238,2,
239,Argyll Kilt Outfits,argyll-kilt-outfits,1,227,1/158/227/239,3,
240,Argyll Kilt Jackets,argyll-kilt-jackets,1,238,1/158/238/240,3,
241,Prince Charlie Kilt Jackets,prince-charlie-kilt-jackets,1,238,1/158/238/241,3,
242,Sporrans,kilt-sporrans,1,237,1/158/237/242,3,
243,Kilt Pins,kilt-pins,1,237,1/158/237/243,3,
244,Kilt Ties,kilt-ties,1,237,1/158/237/244,3,
245,Bagpipes,bagpipes-for-sale,1,222,1/157/162/222/245,4,
246,Flutes,flute-instruments-for-sale,1,222,1/157/162/222/246,4,
247,Lyre Harp,lyre-harp,1,222,1/157/162/222/247,4,
248,Tartan Skirts and Kilts,tartan-skirts-kilts,1,225,1/158/225/248,3,
249,Mini Tartan Skirts,tartan-mini-skirt,1,248,1/158/225/248/249,4,
250,Midi Tartan Skirts,tartan-midi-skirt,1,248,1/158/225/248/250,4,
251,Long Tartan Skirts,long-tartan-skirts,1,248,1/158/225/248/251,4,
252,Women's Utility Kilts,womens-utility-kilts,1,225,1/158/225/252,3,
253,Women's Kilt Outfits,womens-kilt-outfits,1,225,1/158/225/253,3,
254,Women's Hybrid Kilts,womens-hybrid-kilts,1,225,1/158/225/254,3,
255,Women's Denim Kilts,womens-denim-kilts,1,225,1/158/225/255,3,
256,Tartan Baby Kilts,tartan-baby-kilts,1,226,1/158/226/256,3,
257,Hybrid Baby Kilts,hybrid-baby-kilts,1,226,1/158/226/257,3,
258,Kids Utility Kilts,kids-utility-kilts,1,226,1/158/226/258,3,
259,Tweed Kilt Jackets,tweed-kilt-jackets,1,238,1/158/238/259,3,
260,Full Dress Sporrans,ful-dress-sporrans,1,242,1/158/237/242/260,4,
261,Semi Dress Sporrans,semi-dress-sporrans,1,242,1/158/237/242/261,4,
262,Horse Hair Sporrans,horse-hair-sporrans,1,242,1/158/237/242/262,4,
263,Leather Sporrans,leather-sporrans,1,242,1/158/237/242/263,4,
264,Scottish Hats,scottish-hats,1,237,1/158/237/264,3,
265,Kilt Shirts,ghillie-shirts,1,237,1/158/237/265,3,
266,Kilt Flashes,kilt-flashes,1,237,1/158/237/266,3,
267,Fly Plaid,fly-plaid,1,237,1/158/237/267,3,
268,Tartan Sashes,tartan-sashes,1,237,1/158/237/268,3,
269,Kilt Socks,kilt-socks,1,237,1/158/237/269,3,
270,Kilt Shoes,kilt-shoes,1,237,1/158/237/270,3,
271,Kilt Brooches,kilt-brooches,1,237,1/158/237/271,3,
272,Kilt Belts and Buckles,kilt-belts-and-buckles,1,237,1/158/237/272,3,
273,Woodwind Instruments,woodwind-instruments,1,237,1/158/237/273,3,
274,Bagpipes,bagpipes-for-sale,1,273,1/158/237/273/274,4,
275,Flutes,flutes-instruments-for-sale,1,273,1/158/237/273/275,4,
276,Lyre Harp,lyre-harp-for-sale,1,273,1/158/237/273/276,4,
277,Kilt Brooches,kilt-brooches,1,148,1/52/148/277,3,
278,Tartan Sashes,tartan-sashes,1,148,1/52/148/278,3,
279,Casual Kilt Outfits,casual-kilt-outfits,1,227,1/158/227/279,3,
280,Kilt Sets,kilt-sets,1,227,1/158/227/280,3,
281,Irish Kilt,irish-kilt,1,10,1/3/9/10/281,4,"<style>#html-body [data-pb-style=AJO4XE6]{justify-content:flex-start;display:flex;flex-direction:column;background-position:left top;background-size:cover;background-repeat:no-repeat;background-attachment:scroll}</style><div data-content-type=""row"" data-appearance=""contained"" data-element=""main""><div data-enable-parallax=""0"" data-parallax-speed=""0.5"" data-background-images=""{}"" data-background-type=""image"" data-video-loop=""true"" data-video-play-only-visible=""true"" data-video-lazy-load=""true"" data-video-fallback-src="""" data-element=""inner"" data-pb-style=""AJO4XE6""><div data-content-type=""text"" data-appearance=""default"" data-element=""main""><p>The Irish kilt doesn’t just fit the body; it connects you to the soul of Ireland. Many kilts today copy Scottish patterns and lose the quiet strength that defines Irish design. At The Utility Kilt™, we bring that spirit back with care and craftsmanship. We craft men’s Irish kilt in solid tones, woven from soft wool, and finished by hand to hold the warmth of the Island of Ireland.</p></div></div></div>"
282,Irish Kilt,irish-kilt,1,154,1/52/207/154/282,4,"<div data-content-type=""html"" data-appearance=""default"" data-element=""main"">&lt;p&gt;&lt;span style=""font-weight: 400;""&gt;Irish kilts are a pride symbol for the people belonging to Ireland. It’s part of their tradition and culture as the Scottish have. The only thing that makes them different from Scottish clothing is their pattern. Clans can be identified by the Scottish tartan patterns, each clan has its own tartan. Some tartans are universal and can be worn by anyone. Whereas the Irish Kilts represent the counties of Ireland. These kilts are made of acrylic wool that makes it comfortable for any occasion. Irish kilts can be worn in any event or even in the daily routine.&lt;/span&gt;&lt;/p&gt;
&lt;p&gt;&lt;span style=""font-weight: 400;""&gt;Irish Kilts are a good choice for those who remember the sacrifice of the Highlands. They fought for the nation and gave their lives. Irish Kilts can be worn at national events or cultural events. Pleated design on the back makes it comfortable while travelling or sitting for a longer time. Plain apron on the front gives a nice look, and rough edges on the side make it more classic. To make fastening easy leather straps are given on the both sides that gives a choice to adjust the kilt according to your perfect size.&amp;nbsp;&lt;/span&gt;&lt;/p&gt;
&lt;p&gt;&lt;span style=""font-weight: 400;""&gt;At &lt;a title=""UtilityKiltUK"" href=""https://utilitykilt.co.uk""&gt;UtilityKiltUK&lt;/a&gt; we have a variation of Irish Kilts that can be an option for your next events. Wear the kilts with pride and confidence. We believe in quality and make kilts for customers with premium fabric. Select your perfect size and make an order. We will deliver it in time so you never miss your event.&amp;nbsp;&lt;/span&gt;&lt;/p&gt;
&lt;p&gt;&lt;span style=""font-weight: 400;""&gt;For any queries related to the purchase process use our chat option, we will try to solve it there. If you still have an issue email at &lt;/span&gt;&lt;strong&gt;&lt;a title=""support@utilitykilt.co.uk"" href=""mailto:support@utilitykilt.co.uk""&gt;support@utilitykilt.co.uk&lt;/a&gt;&lt;/strong&gt;&lt;span style=""font-weight: 400;""&gt;. One our representative will contact you and try to resolve the issue&lt;/span&gt;&lt;/p&gt;</div>"
283,Tartan Fabrics ,tartan-fabrics,1,148,1/52/148/283,3,
284,Tartan Plaid Fabrics,tartan-plaid-fabrics,1,48,1/3/48/284,3,"<style>#html-body [data-pb-style=W9X7KO2]{justify-content:flex-start;display:flex;flex-direction:column;background-position:left top;background-size:cover;background-repeat:no-repeat;background-attachment:scroll}</style><div data-content-type=""row"" data-appearance=""contained"" data-element=""main""><div data-enable-parallax=""0"" data-parallax-speed=""0.5"" data-background-images=""{}"" data-background-type=""image"" data-video-loop=""true"" data-video-play-only-visible=""true"" data-video-lazy-load=""true"" data-video-fallback-src="""" data-element=""inner"" data-pb-style=""W9X7KO2""><div data-content-type=""text"" data-appearance=""default"" data-element=""main""><p>The Utility Kilt™ gives you the freedom to buy your preferred plaid tartan fabric by the meter to create your own Highland look. We offer 16oz Scottish fabric made from acrylic wool in vibrant colors that fall nicely and work best for your range of custom use.</p></div></div></div>"
285,Tartan Plaid Fabrics,tartan-plaid-fabrics,1,162,1/157/162/285,3,<p>Tartan Plaid Fabrics</p>
286,Tartan Plaid Fabrics,tartan-plaid-fabrics,1,237,1/158/237/286,3,<p>Tartan Plaid Fabrics</p>
287,Ladies Leather Skirt,ladies-leather-skirt,1,59,1/52/207/59/287,4,"<div data-content-type=""html"" data-appearance=""default"" data-element=""main"">&lt;p&gt;Ladies Leather Skirt specially designed for ladies. Leather mini skirt perfect for those looking quality Skirt in affordable price. Order your Skirt&lt;/p&gt;</div>"
288,Tartan Pants,mens-tartan-pants,1,48,1/3/48/288,3,"<style>#html-body [data-pb-style=E0D697I]{justify-content:flex-start;display:flex;flex-direction:column;background-position:left top;background-size:cover;background-repeat:no-repeat;background-attachment:scroll}</style><div data-content-type=""row"" data-appearance=""contained"" data-element=""main""><div data-enable-parallax=""0"" data-parallax-speed=""0.5"" data-background-images=""{}"" data-background-type=""image"" data-video-loop=""true"" data-video-play-only-visible=""true"" data-video-lazy-load=""true"" data-video-fallback-src="""" data-element=""inner"" data-pb-style=""E0D697I""><div data-content-type=""text"" data-appearance=""default"" data-element=""main""><p>Many men want to wear their heritage into daily life but not everyone is comfortable wearing kilt everyday. That is why Tartan Pants offers everyday look with the identity of traditional tartan without the formality of the kilt. The Utility Kilt™ makes tartan pants which combine clean pattern with proper fitting and authentic style through selection of high-quality materials. If you’re looking for a practical way to bring Scottish tradition into your wardrobe, this collection is a great place to start.</p></div></div></div>"
289,Tartan Trousers,mens-tartan-trousers,1,148,1/52/148/289,3,
290,Tartan Pants,mens-tartan-pants,1,162,1/157/162/290,3,
291,Tartan Trousers,mens-tartan-trousers,1,237,1/158/237/291,3,
293,Sgian Dubh,sgian-dubh,1,48,1/3/48/293,3,
294,Sgian Dubh,sgian-dubh,1,148,1/52/148/294,3,
295,Sgian Dubh,sgian-dubh,1,162,1/157/162/295,3,
296,Sgian Dubh,sgian-dubh,1,237,1/158/237/296,3,
297,Highland Games Kilt,highland-games-kilt,1,3,1/3/297,2,<p>Highland Games Kilt</p>
304,Halloween Kilt Costumes,halloween-kilt-costumes,1,3,1/3/304,2,"<div data-content-type=""html"" data-appearance=""default"" data-element=""main"">Halloween Kilt Costume</div>"
305,Halloween Kilt Costumes,halloween-kilt-costumes,1,52,1/52/305,2,"<div data-content-type=""html"" data-appearance=""default"" data-element=""main"">Halloween Kilt Costumes</div>"
308,Black Friday Kilts,black-friday-kilts,1,3,1/3/308,2,"<style>#html-body [data-pb-style=GK3556E]{justify-content:flex-start;display:flex;flex-direction:column;background-position:left top;background-size:cover;background-repeat:no-repeat;background-attachment:scroll}</style><div data-content-type=""row"" data-appearance=""contained"" data-element=""main""><div data-enable-parallax=""0"" data-parallax-speed=""0.5"" data-background-images=""{}"" data-background-type=""image"" data-video-loop=""true"" data-video-play-only-visible=""true"" data-video-lazy-load=""true"" data-video-fallback-src="""" data-element=""inner"" data-pb-style=""GK3556E""><div data-content-type=""text"" data-appearance=""default"" data-element=""main""><p><span style=""font-weight: 400;"">This Black Friday, The Utility Kilt Store opens its doors to something rare: a sale on true craftsmanship. For a limited time, explore our finest collection of Utility, Hybrid, Tactical, and Tartan Kilts, all handmade to order. You’ll also find complete kilt outfits for men and women, finished with belts, buckles, and accessories designed for lasting comfort.&nbsp;</span></p></div></div></div>"
309,Black Friday Kilts,black-friday-kilts,1,52,1/52/309,2,"<style>#html-body [data-pb-style=X3OOM4V]{justify-content:flex-start;display:flex;flex-direction:column;background-position:left top;background-size:cover;background-repeat:no-repeat;background-attachment:scroll}</style><div data-content-type=""row"" data-appearance=""contained"" data-element=""main""><div data-enable-parallax=""0"" data-parallax-speed=""0.5"" data-background-images=""{}"" data-background-type=""image"" data-video-loop=""true"" data-video-play-only-visible=""true"" data-video-lazy-load=""true"" data-video-fallback-src="""" data-element=""inner"" data-pb-style=""X3OOM4V""><div data-content-type=""text"" data-appearance=""default"" data-element=""main""></div></div></div>"
310,Christmas Kilts,christmas-kilts,1,3,1/3/310,2,
311,Christmas Kilts,christmas-kilts,1,52,1/52/311,2,
312,sport kilt,sport-kilt,1,52,1/52/312,2,
313,Welsh Kilt,welsh-kilt,1,52,1/52/313,2,
314,Gothic Kilt,gothic-kilt,1,3,1/3/314,2,
315,plain black kilt,plain-black-kilt,1,3,1/3/315,2,
316,Sport Kilt,sport-kilt,1,3,1/3/316,2,
317,Wedding Kilt,wedding-kilt,1,3,1/3/317,2,
318,Wedding Kilt Outfits,wedding-kilt-outfits,1,52,1/52/318,2,
319,Welsh Kilt,welsh-kilt,1,3,1/3/319,2,
320,Gothic Kilt,gothic-kilt,1,52,1/52/320,2,
321,Black Utility Kilt,black-utility-kilt,1,3,1/3/321,2,
322,scottish kilt store,scottish-kilt-store,1,1,1/322,1,
323,Tartan Scarves,tartan-scarves,1,48,1/3/48/323,3,
324,Tartan Scarves,tartan-scarves,1,148,1/52/148/324,3,
325,Tartan Scarves,tartan-scarves,1,162,1/157/162/325,3,
326,Tartan Scarves,tartan-scarves,1,237,1/158/237/326,3,
327,St Patrick's Kilts,st-patricks-kilts,1,52,1/52/327,2,
328,Black Kilts,black-kilts,1,52,1/52/328,2,
329,Men Kilt,kilts-for-men,1,322,1/322/329,2,
330,Women Kilt,kilts-for-women,1,322,1/322/330,2,
331,Kilt Outfit,kilt-outfit,1,322,1/322/331,2,
332,Kilt Jacket,kilt-jackets,1,322,1/322/332,2,
333,kilt Accessories,kilt-accessories,1,322,1/322/333,2,
334,Utility Kilt,utility-kilt,1,329,1/322/329/334,3,
335,Tartan Kilt ,tartan-kilt,1,329,1/322/329/335,3,
336,Tactical Kilt,tactical-kilt,1,329,1/322/329/336,3,
337,Leather Kilt ,leather-kilt,1,329,1/322/329/337,3,
338,Prince Charlie Kilt Outfits,prince-charlie-kilt-outfit,1,331,1/322/331/338,3,
339,Agryll Kilt Outfits,agryll-kilt-outfit,1,331,1/322/331/339,3,
340,Causal Kilt Outfits,causal-kilt-outfit,1,331,1/322/331/340,3,
341,Kilt Sets,kilt-sets,1,331,1/322/331/341,3,
342,Sporrans,sporran,1,333,1/322/333/342,3,
343,Kilt Pins,kilt-pins,1,333,1/322/333/343,3,
344,Scottish Hats,scottish-hats,1,333,1/322/333/344,3,
345,Kilt Shirts,kilt-shirt,1,333,1/322/333/345,3,
346,Kilt Flashes,kilt-flashes,1,333,1/322/333/346,3,
347,Kid Kilt,kid-kilt,1,322,1/322/347,2,
348,Argyll Kilt Jacket,argyll-kilt-jacket,1,332,1/322/332/348,3,
349,Prince Charlie Kilt Jacket,prince-charlie-kilt-jacket,1,332,1/322/332/349,3,
350,Tweed Kilt Jacket,tweed-kilt-jacket,1,332,1/322/332/350,3,
351,Fly Plaid,fly-plaid,1,333,1/322/333/351,3,
352,Tartan Sashes,tartan-sashes,1,333,1/322/333/352,3,
353,Kilt Sock,kilt-sock,1,333,1/322/333/353,3,
354,Kilt Shoes,kilt-shoes,1,333,1/322/333/354,3,
355,Kilt Brooches,kilt-brooches,1,333,1/322/333/355,3,
356,Kilt Belts and Buckles,kilt-belts-and-buckles,1,333,1/322/333/356,3,
357,Woodwind Instruments,woodwind-instruments,1,333,1/322/333/357,3,
358,Bagpipes,bagpipes,1,357,1/322/333/357/358,4,
360,Flutes,flutes,1,357,1/322/333/357/360,4,
361,Lyre Harp,lyre-harp,1,357,1/322/333/357/361,4,
362,Tartan Plaid Fabrics,tartan-plaid-fabrics,1,333,1/322/333/362,3,
363,Tartan Trousers,tartan-trousers,1,333,1/322/333/363,3,
364,Sgian Dubh,sgian-dubh,1,333,1/322/333/364,3,
365,Tartan Scarves,tartan-scarves,1,333,1/322/333/365,3,
366,Tartan Baby Kilts,tartan-baby-kilts,1,347,1/322/347/366,3,
367,Hybrid Baby Kilts,hybrid-baby-kilts,1,347,1/322/347/367,3,
368,Kids Utility Kilts,kids-utility-kilts,1,347,1/322/347/368,3,
