[2026-07-09T11:29:15.562008+00:00] main.ERROR: {"feed":"undefined","operation":"undefined","status":"CDE04-02 Cannot set indexer to Update On Schedule mode for indexer catalogsearch_fulltext. Error: Invalid entity_type specified: catalog_product","elapsed":"495 ms","pid":"45700","caller":"bin\/magento setup:install --base-url=http:\/\/local.hyva.com --db-host=localhost --db-name=utili_hyva --db-user=root"} {"exception":"[object] (Magento\\Framework\\Exception\\LocalizedException(code: 0): Invalid entity_type specified: catalog_product at /var/www/html/magento2-store/vendor/magento/module-eav/Model/Config.php:472)"} []
[2026-07-09T11:29:37.316551+00:00] main.INFO: {"feed":"salesOrders","operation":"full reindex(legacy)","status":"Initialize","elapsed":"4 ms","pid":"45700","caller":"bin\/magento setup:install --base-url=http:\/\/local.hyva.com --db-host=localhost --db-name=utili_hyva --db-user=root"} [] []
[2026-07-09T11:29:37.701411+00:00] main.INFO: {"feed":"salesOrders","operation":"full reindex(legacy)","status":"Creating batch table `sales_data_exporter_orders_index_batches`. Start position: 0","elapsed":"389 ms","pid":"45700","caller":"bin\/magento setup:install --base-url=http:\/\/local.hyva.com --db-host=localhost --db-name=utili_hyva --db-user=root"} [] []
[2026-07-09T11:29:37.885180+00:00] main.INFO: {"feed":"salesOrders","operation":"full reindex(legacy)","status":"Batch table `sales_data_exporter_orders_index_batches` created. Total Items: 0, batches: ~0","elapsed":"573 ms","pid":"45700","caller":"bin\/magento setup:install --base-url=http:\/\/local.hyva.com --db-host=localhost --db-name=utili_hyva --db-user=root"} [] []
[2026-07-09T11:29:37.885712+00:00] main.INFO: {"feed":"salesOrders","operation":"full reindex(legacy)","status":"skipping - no items to sync. Are there any items in source table `sales_order`?","elapsed":"573 ms","pid":"45700","caller":"bin\/magento setup:install --base-url=http:\/\/local.hyva.com --db-host=localhost --db-name=utili_hyva --db-user=root"} [] []
[2026-07-09T11:29:37.892693+00:00] main.INFO: {"feed":"salesOrders","operation":"full reindex(legacy)","status":"Complete","elapsed":"580 ms","pid":"45700","caller":"bin\/magento setup:install --base-url=http:\/\/local.hyva.com --db-host=localhost --db-name=utili_hyva --db-user=root"} [] []
[2026-07-09T11:29:37.979389+00:00] main.INFO: {"feed":"salesOrderStatuses","operation":"full reindex(legacy)","status":"Initialize","elapsed":"00:00:00 330 ms","pid":"45700","caller":"bin\/magento setup:install --base-url=http:\/\/local.hyva.com --db-host=localhost --db-name=utili_hyva --db-user=root"} [] []
[2026-07-09T11:29:38.365025+00:00] main.INFO: {"feed":"salesOrderStatuses","operation":"full reindex(legacy)","status":"Creating batch table `sales_data_exporter_order_statuses_index_batches`. Start position: ","elapsed":"00:00:01 715 ms","pid":"45700","caller":"bin\/magento setup:install --base-url=http:\/\/local.hyva.com --db-host=localhost --db-name=utili_hyva --db-user=root"} [] []
[2026-07-09T11:29:38.660594+00:00] main.INFO: {"feed":"salesOrderStatuses","operation":"full reindex(legacy)","status":"Batch table `sales_data_exporter_order_statuses_index_batches` created. Total Items: 12, batches: ~0","elapsed":"00:00:01 11 ms","pid":"45700","caller":"bin\/magento setup:install --base-url=http:\/\/local.hyva.com --db-host=localhost --db-name=utili_hyva --db-user=root"} [] []
[2026-07-09T11:29:38.661128+00:00] main.INFO: {"feed":"salesOrderStatuses","operation":"full reindex(legacy)","status":"start processing `12` items in `1` threads with `100` batch size","elapsed":"00:00:01 12 ms","pid":"45700","caller":"bin\/magento setup:install --base-url=http:\/\/local.hyva.com --db-host=localhost --db-name=utili_hyva --db-user=root"} [] []
[2026-07-09T11:29:38.751976+00:00] main.INFO: {"feed":"salesOrderStatuses","operation":"full reindex(legacy)","status":"Progress 1\/1, processed 12, synced 12","elapsed":"00:00:01 102 ms","pid":"45700","caller":"bin\/magento setup:install --base-url=http:\/\/local.hyva.com --db-host=localhost --db-name=utili_hyva --db-user=root"} [] []
[2026-07-09T11:29:38.772863+00:00] main.INFO: {"feed":"salesOrderStatuses","operation":"full reindex(legacy)","status":"Complete","elapsed":"00:00:01 123 ms","pid":"45700","caller":"bin\/magento setup:install --base-url=http:\/\/local.hyva.com --db-host=localhost --db-name=utili_hyva --db-user=root"} [] []
[2026-07-09T11:29:38.840609+00:00] main.INFO: {"feed":"stores","operation":"full reindex(legacy)","status":"Initialize","elapsed":"00:00:00 52 ms","pid":"45700","caller":"bin\/magento setup:install --base-url=http:\/\/local.hyva.com --db-host=localhost --db-name=utili_hyva --db-user=root"} [] []
[2026-07-09T11:29:39.212386+00:00] main.INFO: {"feed":"stores","operation":"full reindex(legacy)","status":"Creating batch table `stores_data_exporter_index_batches`. Start position: 0","elapsed":"00:00:00 424 ms","pid":"45700","caller":"bin\/magento setup:install --base-url=http:\/\/local.hyva.com --db-host=localhost --db-name=utili_hyva --db-user=root"} [] []
[2026-07-09T11:29:39.443567+00:00] main.INFO: {"feed":"stores","operation":"full reindex(legacy)","status":"Batch table `stores_data_exporter_index_batches` created. Total Items: 1, batches: ~0","elapsed":"00:00:01 655 ms","pid":"45700","caller":"bin\/magento setup:install --base-url=http:\/\/local.hyva.com --db-host=localhost --db-name=utili_hyva --db-user=root"} [] []
[2026-07-09T11:29:39.444447+00:00] main.INFO: {"feed":"stores","operation":"full reindex(legacy)","status":"start processing `1` items in `1` threads with `100` batch size","elapsed":"00:00:01 656 ms","pid":"45700","caller":"bin\/magento setup:install --base-url=http:\/\/local.hyva.com --db-host=localhost --db-name=utili_hyva --db-user=root"} [] []
[2026-07-09T11:29:39.536328+00:00] main.INFO: {"feed":"stores","operation":"full reindex(legacy)","status":"Progress 1\/1, processed 1, synced 1","elapsed":"00:00:01 748 ms","pid":"45700","caller":"bin\/magento setup:install --base-url=http:\/\/local.hyva.com --db-host=localhost --db-name=utili_hyva --db-user=root"} [] []
[2026-07-09T11:29:39.575636+00:00] main.INFO: {"feed":"stores","operation":"full reindex(legacy)","status":"Complete","elapsed":"00:00:01 787 ms","pid":"45700","caller":"bin\/magento setup:install --base-url=http:\/\/local.hyva.com --db-host=localhost --db-name=utili_hyva --db-user=root"} [] []
[2026-07-10T07:11:17.689957+00:00] main.INFO: {"feed":"salesOrders","operation":"full reindex(legacy)","status":"Initialize","elapsed":"895 ms","pid":"22850","caller":"bin\/magento inde:rein"} [] []
[2026-07-10T07:11:18.093209+00:00] main.INFO: {"feed":"salesOrders","operation":"full reindex(legacy)","status":"Creating batch table `sales_data_exporter_orders_index_batches`. Start position: 0","elapsed":"00:00:00 298 ms","pid":"22850","caller":"bin\/magento inde:rein"} [] []
[2026-07-10T07:11:18.291967+00:00] main.INFO: {"feed":"salesOrders","operation":"full reindex(legacy)","status":"Batch table `sales_data_exporter_orders_index_batches` created. Total Items: 0, batches: ~0","elapsed":"00:00:01 497 ms","pid":"22850","caller":"bin\/magento inde:rein"} [] []
[2026-07-10T07:11:18.292240+00:00] main.INFO: {"feed":"salesOrders","operation":"full reindex(legacy)","status":"skipping - no items to sync. Are there any items in source table `sales_order`?","elapsed":"00:00:01 497 ms","pid":"22850","caller":"bin\/magento inde:rein"} [] []
[2026-07-10T07:11:18.294137+00:00] main.INFO: {"feed":"salesOrders","operation":"full reindex(legacy)","status":"Complete","elapsed":"00:00:01 499 ms","pid":"22850","caller":"bin\/magento inde:rein"} [] []
[2026-07-10T07:11:18.431516+00:00] main.INFO: {"feed":"salesOrderStatuses","operation":"full reindex(legacy)","status":"Initialize","elapsed":"378 ms","pid":"22850","caller":"bin\/magento inde:rein"} [] []
[2026-07-10T07:11:19.314877+00:00] main.INFO: {"feed":"salesOrderStatuses","operation":"full reindex(legacy)","status":"Creating batch table `sales_data_exporter_order_statuses_index_batches`. Start position: ","elapsed":"00:00:01 261 ms","pid":"22850","caller":"bin\/magento inde:rein"} [] []
[2026-07-10T07:11:19.827713+00:00] main.INFO: {"feed":"salesOrderStatuses","operation":"full reindex(legacy)","status":"Batch table `sales_data_exporter_order_statuses_index_batches` created. Total Items: 12, batches: ~0","elapsed":"00:00:01 774 ms","pid":"22850","caller":"bin\/magento inde:rein"} [] []
[2026-07-10T07:11:19.828523+00:00] main.INFO: {"feed":"salesOrderStatuses","operation":"full reindex(legacy)","status":"start processing `12` items in `1` threads with `100` batch size","elapsed":"00:00:01 775 ms","pid":"22850","caller":"bin\/magento inde:rein"} [] []
[2026-07-10T07:11:19.906756+00:00] main.INFO: {"feed":"salesOrderStatuses","operation":"full reindex(legacy)","status":"Progress 1\/1, processed 12, synced 12","elapsed":"00:00:01 853 ms","pid":"22850","caller":"bin\/magento inde:rein"} [] []
[2026-07-10T07:11:19.915171+00:00] main.INFO: {"feed":"salesOrderStatuses","operation":"full reindex(legacy)","status":"Complete","elapsed":"00:00:01 862 ms","pid":"22850","caller":"bin\/magento inde:rein"} [] []
[2026-07-10T07:11:19.992102+00:00] main.INFO: {"feed":"stores","operation":"full reindex(legacy)","status":"Initialize","elapsed":"00:00:00 499 ms","pid":"22850","caller":"bin\/magento inde:rein"} [] []
[2026-07-10T07:11:20.379807+00:00] main.INFO: {"feed":"stores","operation":"full reindex(legacy)","status":"Creating batch table `stores_data_exporter_index_batches`. Start position: 0","elapsed":"00:00:01 887 ms","pid":"22850","caller":"bin\/magento inde:rein"} [] []
[2026-07-10T07:11:20.629015+00:00] main.INFO: {"feed":"stores","operation":"full reindex(legacy)","status":"Batch table `stores_data_exporter_index_batches` created. Total Items: 2, batches: ~0","elapsed":"00:00:01 136 ms","pid":"22850","caller":"bin\/magento inde:rein"} [] []
[2026-07-10T07:11:20.630311+00:00] main.INFO: {"feed":"stores","operation":"full reindex(legacy)","status":"start processing `2` items in `1` threads with `100` batch size","elapsed":"00:00:01 137 ms","pid":"22850","caller":"bin\/magento inde:rein"} [] []
[2026-07-10T07:11:20.715010+00:00] main.INFO: {"feed":"stores","operation":"full reindex(legacy)","status":"Progress 1\/1, processed 2, synced 2","elapsed":"00:00:01 222 ms","pid":"22850","caller":"bin\/magento inde:rein"} [] []
[2026-07-10T07:11:20.728744+00:00] main.INFO: {"feed":"stores","operation":"full reindex(legacy)","status":"Complete","elapsed":"00:00:01 236 ms","pid":"22850","caller":"bin\/magento inde:rein"} [] []
[2026-07-10T17:48:16.026001+00:00] main.INFO: {"feed":"salesOrders","operation":"full reindex(legacy)","status":"Initialize","elapsed":"00:00:00 173 ms","pid":"806441","caller":"bin\/magento inde:rein"} [] []
[2026-07-10T17:48:16.352995+00:00] main.INFO: {"feed":"salesOrders","operation":"full reindex(legacy)","status":"Creating batch table `sales_data_exporter_orders_index_batches`. Start position: 0","elapsed":"00:00:00 500 ms","pid":"806441","caller":"bin\/magento inde:rein"} [] []
[2026-07-10T17:48:16.512903+00:00] main.INFO: {"feed":"salesOrders","operation":"full reindex(legacy)","status":"Batch table `sales_data_exporter_orders_index_batches` created. Total Items: 0, batches: ~0","elapsed":"00:00:01 660 ms","pid":"806441","caller":"bin\/magento inde:rein"} [] []
[2026-07-10T17:48:16.513129+00:00] main.INFO: {"feed":"salesOrders","operation":"full reindex(legacy)","status":"skipping - no items to sync. Are there any items in source table `sales_order`?","elapsed":"00:00:01 660 ms","pid":"806441","caller":"bin\/magento inde:rein"} [] []
[2026-07-10T17:48:16.516320+00:00] main.INFO: {"feed":"salesOrders","operation":"full reindex(legacy)","status":"Complete","elapsed":"00:00:01 663 ms","pid":"806441","caller":"bin\/magento inde:rein"} [] []
[2026-07-10T17:48:16.589501+00:00] main.INFO: {"feed":"salesOrderStatuses","operation":"full reindex(legacy)","status":"Initialize","elapsed":"300 ms","pid":"806441","caller":"bin\/magento inde:rein"} [] []
[2026-07-10T17:48:17.260245+00:00] main.INFO: {"feed":"salesOrderStatuses","operation":"full reindex(legacy)","status":"Creating batch table `sales_data_exporter_order_statuses_index_batches`. Start position: ","elapsed":"971 ms","pid":"806441","caller":"bin\/magento inde:rein"} [] []
[2026-07-10T17:48:17.717186+00:00] main.INFO: {"feed":"salesOrderStatuses","operation":"full reindex(legacy)","status":"Batch table `sales_data_exporter_order_statuses_index_batches` created. Total Items: 12, batches: ~0","elapsed":"00:00:01 428 ms","pid":"806441","caller":"bin\/magento inde:rein"} [] []
[2026-07-10T17:48:17.717481+00:00] main.INFO: {"feed":"salesOrderStatuses","operation":"full reindex(legacy)","status":"start processing `12` items in `1` threads with `100` batch size","elapsed":"00:00:01 428 ms","pid":"806441","caller":"bin\/magento inde:rein"} [] []
[2026-07-10T17:48:17.835778+00:00] main.INFO: {"feed":"salesOrderStatuses","operation":"full reindex(legacy)","status":"Progress 1\/1, processed 12, synced 12","elapsed":"00:00:01 546 ms","pid":"806441","caller":"bin\/magento inde:rein"} [] []
[2026-07-10T17:48:17.850423+00:00] main.INFO: {"feed":"salesOrderStatuses","operation":"full reindex(legacy)","status":"Complete","elapsed":"00:00:01 561 ms","pid":"806441","caller":"bin\/magento inde:rein"} [] []
[2026-07-10T17:48:17.933374+00:00] main.INFO: {"feed":"stores","operation":"full reindex(legacy)","status":"Initialize","elapsed":"988 ms","pid":"806441","caller":"bin\/magento inde:rein"} [] []
[2026-07-10T17:48:18.284236+00:00] main.INFO: {"feed":"stores","operation":"full reindex(legacy)","status":"Creating batch table `stores_data_exporter_index_batches`. Start position: 0","elapsed":"00:00:00 339 ms","pid":"806441","caller":"bin\/magento inde:rein"} [] []
[2026-07-10T17:48:18.481087+00:00] main.INFO: {"feed":"stores","operation":"full reindex(legacy)","status":"Batch table `stores_data_exporter_index_batches` created. Total Items: 5, batches: ~0","elapsed":"00:00:01 535 ms","pid":"806441","caller":"bin\/magento inde:rein"} [] []
[2026-07-10T17:48:18.481772+00:00] main.INFO: {"feed":"stores","operation":"full reindex(legacy)","status":"start processing `5` items in `1` threads with `100` batch size","elapsed":"00:00:01 536 ms","pid":"806441","caller":"bin\/magento inde:rein"} [] []
[2026-07-10T17:48:18.536987+00:00] main.INFO: {"feed":"stores","operation":"full reindex(legacy)","status":"Progress 1\/1, processed 5, synced 5","elapsed":"00:00:01 591 ms","pid":"806441","caller":"bin\/magento inde:rein"} [] []
[2026-07-10T17:48:18.552054+00:00] main.INFO: {"feed":"stores","operation":"full reindex(legacy)","status":"Complete","elapsed":"00:00:01 606 ms","pid":"806441","caller":"bin\/magento inde:rein"} [] []
[2026-07-13T05:41:31.653053+00:00] main.INFO: {"feed":"salesOrders","operation":"full reindex(legacy)","status":"Initialize","elapsed":"00:00:00 667 ms","pid":"9162","caller":"bin\/magento inde:rein"} [] []
[2026-07-13T05:41:32.374003+00:00] main.INFO: {"feed":"salesOrders","operation":"full reindex(legacy)","status":"Creating batch table `sales_data_exporter_orders_index_batches`. Start position: 0","elapsed":"00:00:01 388 ms","pid":"9162","caller":"bin\/magento inde:rein"} [] []
[2026-07-13T05:41:32.651134+00:00] main.INFO: {"feed":"salesOrders","operation":"full reindex(legacy)","status":"Batch table `sales_data_exporter_orders_index_batches` created. Total Items: 0, batches: ~0","elapsed":"00:00:01 665 ms","pid":"9162","caller":"bin\/magento inde:rein"} [] []
[2026-07-13T05:41:32.651888+00:00] main.INFO: {"feed":"salesOrders","operation":"full reindex(legacy)","status":"skipping - no items to sync. Are there any items in source table `sales_order`?","elapsed":"00:00:01 666 ms","pid":"9162","caller":"bin\/magento inde:rein"} [] []
[2026-07-13T05:41:32.656902+00:00] main.INFO: {"feed":"salesOrders","operation":"full reindex(legacy)","status":"Complete","elapsed":"00:00:01 671 ms","pid":"9162","caller":"bin\/magento inde:rein"} [] []
[2026-07-13T05:41:32.748704+00:00] main.INFO: {"feed":"salesOrderStatuses","operation":"full reindex(legacy)","status":"Initialize","elapsed":"00:00:00 858 ms","pid":"9162","caller":"bin\/magento inde:rein"} [] []
[2026-07-13T05:41:33.194333+00:00] main.INFO: {"feed":"salesOrderStatuses","operation":"full reindex(legacy)","status":"Creating batch table `sales_data_exporter_order_statuses_index_batches`. Start position: ","elapsed":"00:00:01 304 ms","pid":"9162","caller":"bin\/magento inde:rein"} [] []
[2026-07-13T05:41:33.517147+00:00] main.INFO: {"feed":"salesOrderStatuses","operation":"full reindex(legacy)","status":"Batch table `sales_data_exporter_order_statuses_index_batches` created. Total Items: 12, batches: ~0","elapsed":"00:00:01 627 ms","pid":"9162","caller":"bin\/magento inde:rein"} [] []
[2026-07-13T05:41:33.518017+00:00] main.INFO: {"feed":"salesOrderStatuses","operation":"full reindex(legacy)","status":"start processing `12` items in `1` threads with `100` batch size","elapsed":"00:00:01 628 ms","pid":"9162","caller":"bin\/magento inde:rein"} [] []
[2026-07-13T05:41:33.606017+00:00] main.INFO: {"feed":"salesOrderStatuses","operation":"full reindex(legacy)","status":"Progress 1\/1, processed 12, synced 12","elapsed":"00:00:01 716 ms","pid":"9162","caller":"bin\/magento inde:rein"} [] []
[2026-07-13T05:41:33.618081+00:00] main.INFO: {"feed":"salesOrderStatuses","operation":"full reindex(legacy)","status":"Complete","elapsed":"00:00:01 728 ms","pid":"9162","caller":"bin\/magento inde:rein"} [] []
[2026-07-13T05:41:33.674025+00:00] main.INFO: {"feed":"stores","operation":"full reindex(legacy)","status":"Initialize","elapsed":"00:00:00 709 ms","pid":"9162","caller":"bin\/magento inde:rein"} [] []
[2026-07-13T05:41:34.097740+00:00] main.INFO: {"feed":"stores","operation":"full reindex(legacy)","status":"Creating batch table `stores_data_exporter_index_batches`. Start position: 0","elapsed":"00:00:01 133 ms","pid":"9162","caller":"bin\/magento inde:rein"} [] []
[2026-07-13T05:41:34.322016+00:00] main.INFO: {"feed":"stores","operation":"full reindex(legacy)","status":"Batch table `stores_data_exporter_index_batches` created. Total Items: 5, batches: ~0","elapsed":"00:00:01 357 ms","pid":"9162","caller":"bin\/magento inde:rein"} [] []
[2026-07-13T05:41:34.322911+00:00] main.INFO: {"feed":"stores","operation":"full reindex(legacy)","status":"start processing `5` items in `1` threads with `100` batch size","elapsed":"00:00:01 358 ms","pid":"9162","caller":"bin\/magento inde:rein"} [] []
[2026-07-13T05:41:34.371477+00:00] main.INFO: {"feed":"stores","operation":"full reindex(legacy)","status":"Progress 1\/1, processed 5, synced 5","elapsed":"00:00:01 406 ms","pid":"9162","caller":"bin\/magento inde:rein"} [] []
[2026-07-13T05:41:34.386308+00:00] main.INFO: {"feed":"stores","operation":"full reindex(legacy)","status":"Complete","elapsed":"00:00:01 421 ms","pid":"9162","caller":"bin\/magento inde:rein"} [] []
[2026-07-13T06:52:48.700776+00:00] main.INFO: {"feed":"salesOrders","operation":"full reindex(legacy)","status":"Initialize","elapsed":"00:00:00 762 ms","pid":"14169","caller":"bin\/magento inde:rein"} [] []
[2026-07-13T06:52:49.285570+00:00] main.INFO: {"feed":"salesOrders","operation":"full reindex(legacy)","status":"Creating batch table `sales_data_exporter_orders_index_batches`. Start position: 0","elapsed":"00:00:01 347 ms","pid":"14169","caller":"bin\/magento inde:rein"} [] []
[2026-07-13T06:52:49.534193+00:00] main.INFO: {"feed":"salesOrders","operation":"full reindex(legacy)","status":"Batch table `sales_data_exporter_orders_index_batches` created. Total Items: 0, batches: ~0","elapsed":"00:00:01 596 ms","pid":"14169","caller":"bin\/magento inde:rein"} [] []
[2026-07-13T06:52:49.535129+00:00] main.INFO: {"feed":"salesOrders","operation":"full reindex(legacy)","status":"skipping - no items to sync. Are there any items in source table `sales_order`?","elapsed":"00:00:01 597 ms","pid":"14169","caller":"bin\/magento inde:rein"} [] []
[2026-07-13T06:52:49.543731+00:00] main.INFO: {"feed":"salesOrders","operation":"full reindex(legacy)","status":"Complete","elapsed":"00:00:01 605 ms","pid":"14169","caller":"bin\/magento inde:rein"} [] []
[2026-07-13T06:52:49.640071+00:00] main.INFO: {"feed":"salesOrderStatuses","operation":"full reindex(legacy)","status":"Initialize","elapsed":"00:00:00 641 ms","pid":"14169","caller":"bin\/magento inde:rein"} [] []
[2026-07-13T06:52:50.129305+00:00] main.INFO: {"feed":"salesOrderStatuses","operation":"full reindex(legacy)","status":"Creating batch table `sales_data_exporter_order_statuses_index_batches`. Start position: ","elapsed":"00:00:01 130 ms","pid":"14169","caller":"bin\/magento inde:rein"} [] []
[2026-07-13T06:52:50.352378+00:00] main.INFO: {"feed":"salesOrderStatuses","operation":"full reindex(legacy)","status":"Batch table `sales_data_exporter_order_statuses_index_batches` created. Total Items: 12, batches: ~0","elapsed":"00:00:01 353 ms","pid":"14169","caller":"bin\/magento inde:rein"} [] []
[2026-07-13T06:52:50.353269+00:00] main.INFO: {"feed":"salesOrderStatuses","operation":"full reindex(legacy)","status":"start processing `12` items in `1` threads with `100` batch size","elapsed":"00:00:01 354 ms","pid":"14169","caller":"bin\/magento inde:rein"} [] []
[2026-07-13T06:52:50.434966+00:00] main.INFO: {"feed":"salesOrderStatuses","operation":"full reindex(legacy)","status":"Progress 1\/1, processed 12, synced 12","elapsed":"00:00:01 436 ms","pid":"14169","caller":"bin\/magento inde:rein"} [] []
[2026-07-13T06:52:50.446366+00:00] main.INFO: {"feed":"salesOrderStatuses","operation":"full reindex(legacy)","status":"Complete","elapsed":"00:00:01 447 ms","pid":"14169","caller":"bin\/magento inde:rein"} [] []
[2026-07-13T06:52:50.519638+00:00] main.INFO: {"feed":"stores","operation":"full reindex(legacy)","status":"Initialize","elapsed":"00:00:00 400 ms","pid":"14169","caller":"bin\/magento inde:rein"} [] []
[2026-07-13T06:52:50.882550+00:00] main.INFO: {"feed":"stores","operation":"full reindex(legacy)","status":"Creating batch table `stores_data_exporter_index_batches`. Start position: 0","elapsed":"00:00:01 763 ms","pid":"14169","caller":"bin\/magento inde:rein"} [] []
[2026-07-13T06:52:51.092729+00:00] main.INFO: {"feed":"stores","operation":"full reindex(legacy)","status":"Batch table `stores_data_exporter_index_batches` created. Total Items: 5, batches: ~0","elapsed":"00:00:01 973 ms","pid":"14169","caller":"bin\/magento inde:rein"} [] []
[2026-07-13T06:52:51.093073+00:00] main.INFO: {"feed":"stores","operation":"full reindex(legacy)","status":"start processing `5` items in `1` threads with `100` batch size","elapsed":"00:00:01 974 ms","pid":"14169","caller":"bin\/magento inde:rein"} [] []
[2026-07-13T06:52:51.121052+00:00] main.INFO: {"feed":"stores","operation":"full reindex(legacy)","status":"Progress 1\/1, processed 5, synced 5","elapsed":"00:00:01 2 ms","pid":"14169","caller":"bin\/magento inde:rein"} [] []
[2026-07-13T06:52:51.131544+00:00] main.INFO: {"feed":"stores","operation":"full reindex(legacy)","status":"Complete","elapsed":"00:00:01 12 ms","pid":"14169","caller":"bin\/magento inde:rein"} [] []
[2026-07-13T07:13:58.579885+00:00] main.INFO: {"feed":"salesOrders","operation":"full reindex(legacy)","status":"Initialize","elapsed":"00:00:00 521 ms","pid":"16752","caller":"bin\/magento inde:rein"} [] []
[2026-07-13T07:13:59.022232+00:00] main.INFO: {"feed":"salesOrders","operation":"full reindex(legacy)","status":"Creating batch table `sales_data_exporter_orders_index_batches`. Start position: 0","elapsed":"00:00:01 963 ms","pid":"16752","caller":"bin\/magento inde:rein"} [] []
[2026-07-13T07:13:59.187332+00:00] main.INFO: {"feed":"salesOrders","operation":"full reindex(legacy)","status":"Batch table `sales_data_exporter_orders_index_batches` created. Total Items: 0, batches: ~0","elapsed":"00:00:01 128 ms","pid":"16752","caller":"bin\/magento inde:rein"} [] []
[2026-07-13T07:13:59.188263+00:00] main.INFO: {"feed":"salesOrders","operation":"full reindex(legacy)","status":"skipping - no items to sync. Are there any items in source table `sales_order`?","elapsed":"00:00:01 129 ms","pid":"16752","caller":"bin\/magento inde:rein"} [] []
[2026-07-13T07:13:59.196836+00:00] main.INFO: {"feed":"salesOrders","operation":"full reindex(legacy)","status":"Complete","elapsed":"00:00:01 138 ms","pid":"16752","caller":"bin\/magento inde:rein"} [] []
[2026-07-13T07:13:59.296285+00:00] main.INFO: {"feed":"salesOrderStatuses","operation":"full reindex(legacy)","status":"Initialize","elapsed":"953 ms","pid":"16752","caller":"bin\/magento inde:rein"} [] []
[2026-07-13T07:14:00.069165+00:00] main.INFO: {"feed":"salesOrderStatuses","operation":"full reindex(legacy)","status":"Creating batch table `sales_data_exporter_order_statuses_index_batches`. Start position: ","elapsed":"00:00:01 726 ms","pid":"16752","caller":"bin\/magento inde:rein"} [] []
[2026-07-13T07:14:00.425122+00:00] main.INFO: {"feed":"salesOrderStatuses","operation":"full reindex(legacy)","status":"Batch table `sales_data_exporter_order_statuses_index_batches` created. Total Items: 12, batches: ~0","elapsed":"00:00:01 82 ms","pid":"16752","caller":"bin\/magento inde:rein"} [] []
[2026-07-13T07:14:00.425903+00:00] main.INFO: {"feed":"salesOrderStatuses","operation":"full reindex(legacy)","status":"start processing `12` items in `1` threads with `100` batch size","elapsed":"00:00:01 83 ms","pid":"16752","caller":"bin\/magento inde:rein"} [] []
[2026-07-13T07:14:00.512936+00:00] main.INFO: {"feed":"salesOrderStatuses","operation":"full reindex(legacy)","status":"Progress 1\/1, processed 12, synced 12","elapsed":"00:00:01 170 ms","pid":"16752","caller":"bin\/magento inde:rein"} [] []
[2026-07-13T07:14:00.527814+00:00] main.INFO: {"feed":"salesOrderStatuses","operation":"full reindex(legacy)","status":"Complete","elapsed":"00:00:01 185 ms","pid":"16752","caller":"bin\/magento inde:rein"} [] []
[2026-07-13T07:14:00.606210+00:00] main.INFO: {"feed":"stores","operation":"full reindex(legacy)","status":"Initialize","elapsed":"00:00:00 573 ms","pid":"16752","caller":"bin\/magento inde:rein"} [] []
[2026-07-13T07:14:00.944215+00:00] main.INFO: {"feed":"stores","operation":"full reindex(legacy)","status":"Creating batch table `stores_data_exporter_index_batches`. Start position: 0","elapsed":"00:00:01 911 ms","pid":"16752","caller":"bin\/magento inde:rein"} [] []
[2026-07-13T07:14:01.230770+00:00] main.INFO: {"feed":"stores","operation":"full reindex(legacy)","status":"Batch table `stores_data_exporter_index_batches` created. Total Items: 5, batches: ~0","elapsed":"00:00:01 198 ms","pid":"16752","caller":"bin\/magento inde:rein"} [] []
[2026-07-13T07:14:01.231670+00:00] main.INFO: {"feed":"stores","operation":"full reindex(legacy)","status":"start processing `5` items in `1` threads with `100` batch size","elapsed":"00:00:01 199 ms","pid":"16752","caller":"bin\/magento inde:rein"} [] []
[2026-07-13T07:14:01.283132+00:00] main.INFO: {"feed":"stores","operation":"full reindex(legacy)","status":"Progress 1\/1, processed 5, synced 5","elapsed":"00:00:01 250 ms","pid":"16752","caller":"bin\/magento inde:rein"} [] []
[2026-07-13T07:14:01.295626+00:00] main.INFO: {"feed":"stores","operation":"full reindex(legacy)","status":"Complete","elapsed":"00:00:01 263 ms","pid":"16752","caller":"bin\/magento inde:rein"} [] []
[2026-07-13T07:15:24.711687+00:00] main.INFO: {"feed":"salesOrders","operation":"full reindex(legacy)","status":"Initialize","elapsed":"00:00:00 784 ms","pid":"16945","caller":"bin\/magento inde:rein"} [] []
[2026-07-13T07:15:25.105770+00:00] main.INFO: {"feed":"salesOrders","operation":"full reindex(legacy)","status":"Creating batch table `sales_data_exporter_orders_index_batches`. Start position: 0","elapsed":"00:00:01 178 ms","pid":"16945","caller":"bin\/magento inde:rein"} [] []
[2026-07-13T07:15:25.372407+00:00] main.INFO: {"feed":"salesOrders","operation":"full reindex(legacy)","status":"Batch table `sales_data_exporter_orders_index_batches` created. Total Items: 0, batches: ~0","elapsed":"00:00:01 445 ms","pid":"16945","caller":"bin\/magento inde:rein"} [] []
[2026-07-13T07:15:25.373021+00:00] main.INFO: {"feed":"salesOrders","operation":"full reindex(legacy)","status":"skipping - no items to sync. Are there any items in source table `sales_order`?","elapsed":"00:00:01 446 ms","pid":"16945","caller":"bin\/magento inde:rein"} [] []
[2026-07-13T07:15:25.377887+00:00] main.INFO: {"feed":"salesOrders","operation":"full reindex(legacy)","status":"Complete","elapsed":"00:00:01 450 ms","pid":"16945","caller":"bin\/magento inde:rein"} [] []
[2026-07-13T07:15:25.452112+00:00] main.INFO: {"feed":"salesOrderStatuses","operation":"full reindex(legacy)","status":"Initialize","elapsed":"00:00:00 265 ms","pid":"16945","caller":"bin\/magento inde:rein"} [] []
[2026-07-13T07:15:26.235305+00:00] main.INFO: {"feed":"salesOrderStatuses","operation":"full reindex(legacy)","status":"Creating batch table `sales_data_exporter_order_statuses_index_batches`. Start position: ","elapsed":"00:00:01 48 ms","pid":"16945","caller":"bin\/magento inde:rein"} [] []
[2026-07-13T07:15:26.526896+00:00] main.INFO: {"feed":"salesOrderStatuses","operation":"full reindex(legacy)","status":"Batch table `sales_data_exporter_order_statuses_index_batches` created. Total Items: 12, batches: ~0","elapsed":"00:00:01 340 ms","pid":"16945","caller":"bin\/magento inde:rein"} [] []
[2026-07-13T07:15:26.527823+00:00] main.INFO: {"feed":"salesOrderStatuses","operation":"full reindex(legacy)","status":"start processing `12` items in `1` threads with `100` batch size","elapsed":"00:00:01 341 ms","pid":"16945","caller":"bin\/magento inde:rein"} [] []
[2026-07-13T07:15:26.577062+00:00] main.INFO: {"feed":"salesOrderStatuses","operation":"full reindex(legacy)","status":"Progress 1\/1, processed 12, synced 12","elapsed":"00:00:01 390 ms","pid":"16945","caller":"bin\/magento inde:rein"} [] []
[2026-07-13T07:15:26.601094+00:00] main.INFO: {"feed":"salesOrderStatuses","operation":"full reindex(legacy)","status":"Complete","elapsed":"00:00:01 414 ms","pid":"16945","caller":"bin\/magento inde:rein"} [] []
[2026-07-13T07:15:26.696094+00:00] main.INFO: {"feed":"stores","operation":"full reindex(legacy)","status":"Initialize","elapsed":"00:00:00 753 ms","pid":"16945","caller":"bin\/magento inde:rein"} [] []
[2026-07-13T07:15:27.052801+00:00] main.INFO: {"feed":"stores","operation":"full reindex(legacy)","status":"Creating batch table `stores_data_exporter_index_batches`. Start position: 0","elapsed":"00:00:01 110 ms","pid":"16945","caller":"bin\/magento inde:rein"} [] []
[2026-07-13T07:15:27.254597+00:00] main.INFO: {"feed":"stores","operation":"full reindex(legacy)","status":"Batch table `stores_data_exporter_index_batches` created. Total Items: 5, batches: ~0","elapsed":"00:00:01 312 ms","pid":"16945","caller":"bin\/magento inde:rein"} [] []
[2026-07-13T07:15:27.255319+00:00] main.INFO: {"feed":"stores","operation":"full reindex(legacy)","status":"start processing `5` items in `1` threads with `100` batch size","elapsed":"00:00:01 312 ms","pid":"16945","caller":"bin\/magento inde:rein"} [] []
[2026-07-13T07:15:27.301399+00:00] main.INFO: {"feed":"stores","operation":"full reindex(legacy)","status":"Progress 1\/1, processed 5, synced 5","elapsed":"00:00:01 358 ms","pid":"16945","caller":"bin\/magento inde:rein"} [] []
[2026-07-13T07:15:27.315384+00:00] main.INFO: {"feed":"stores","operation":"full reindex(legacy)","status":"Complete","elapsed":"00:00:01 372 ms","pid":"16945","caller":"bin\/magento inde:rein"} [] []
[2026-07-13T16:11:07.042444+00:00] main.INFO: {"feed":"salesOrders","operation":"full reindex(legacy)","status":"Initialize","elapsed":"301 ms","pid":"117165","caller":"bin\/magento inde:rein"} [] []
[2026-07-13T16:11:07.485899+00:00] main.INFO: {"feed":"salesOrders","operation":"full reindex(legacy)","status":"Creating batch table `sales_data_exporter_orders_index_batches`. Start position: 0","elapsed":"744 ms","pid":"117165","caller":"bin\/magento inde:rein"} [] []
[2026-07-13T16:11:07.729246+00:00] main.INFO: {"feed":"salesOrders","operation":"full reindex(legacy)","status":"Batch table `sales_data_exporter_orders_index_batches` created. Total Items: 0, batches: ~0","elapsed":"988 ms","pid":"117165","caller":"bin\/magento inde:rein"} [] []
[2026-07-13T16:11:07.729851+00:00] main.INFO: {"feed":"salesOrders","operation":"full reindex(legacy)","status":"skipping - no items to sync. Are there any items in source table `sales_order`?","elapsed":"988 ms","pid":"117165","caller":"bin\/magento inde:rein"} [] []
[2026-07-13T16:11:07.737681+00:00] main.INFO: {"feed":"salesOrders","operation":"full reindex(legacy)","status":"Complete","elapsed":"996 ms","pid":"117165","caller":"bin\/magento inde:rein"} [] []
[2026-07-13T16:11:07.805150+00:00] main.INFO: {"feed":"salesOrderStatuses","operation":"full reindex(legacy)","status":"Initialize","elapsed":"00:00:00 826 ms","pid":"117165","caller":"bin\/magento inde:rein"} [] []
[2026-07-13T16:11:08.200299+00:00] main.INFO: {"feed":"salesOrderStatuses","operation":"full reindex(legacy)","status":"Creating batch table `sales_data_exporter_order_statuses_index_batches`. Start position: ","elapsed":"00:00:01 222 ms","pid":"117165","caller":"bin\/magento inde:rein"} [] []
[2026-07-13T16:11:08.463936+00:00] main.INFO: {"feed":"salesOrderStatuses","operation":"full reindex(legacy)","status":"Batch table `sales_data_exporter_order_statuses_index_batches` created. Total Items: 12, batches: ~0","elapsed":"00:00:01 485 ms","pid":"117165","caller":"bin\/magento inde:rein"} [] []
[2026-07-13T16:11:08.464195+00:00] main.INFO: {"feed":"salesOrderStatuses","operation":"full reindex(legacy)","status":"start processing `12` items in `1` threads with `100` batch size","elapsed":"00:00:01 485 ms","pid":"117165","caller":"bin\/magento inde:rein"} [] []
[2026-07-13T16:11:08.522762+00:00] main.INFO: {"feed":"salesOrderStatuses","operation":"full reindex(legacy)","status":"Progress 1\/1, processed 12, synced 12","elapsed":"00:00:01 544 ms","pid":"117165","caller":"bin\/magento inde:rein"} [] []
[2026-07-13T16:11:08.541135+00:00] main.INFO: {"feed":"salesOrderStatuses","operation":"full reindex(legacy)","status":"Complete","elapsed":"00:00:01 562 ms","pid":"117165","caller":"bin\/magento inde:rein"} [] []
[2026-07-13T16:11:08.613752+00:00] main.INFO: {"feed":"stores","operation":"full reindex(legacy)","status":"Initialize","elapsed":"00:00:00 444 ms","pid":"117165","caller":"bin\/magento inde:rein"} [] []
[2026-07-13T16:11:08.942497+00:00] main.INFO: {"feed":"stores","operation":"full reindex(legacy)","status":"Creating batch table `stores_data_exporter_index_batches`. Start position: 0","elapsed":"00:00:01 772 ms","pid":"117165","caller":"bin\/magento inde:rein"} [] []
[2026-07-13T16:11:09.171910+00:00] main.INFO: {"feed":"stores","operation":"full reindex(legacy)","status":"Batch table `stores_data_exporter_index_batches` created. Total Items: 5, batches: ~0","elapsed":"00:00:01 2 ms","pid":"117165","caller":"bin\/magento inde:rein"} [] []
[2026-07-13T16:11:09.172365+00:00] main.INFO: {"feed":"stores","operation":"full reindex(legacy)","status":"start processing `5` items in `1` threads with `100` batch size","elapsed":"00:00:01 2 ms","pid":"117165","caller":"bin\/magento inde:rein"} [] []
[2026-07-13T16:11:09.217445+00:00] main.INFO: {"feed":"stores","operation":"full reindex(legacy)","status":"Progress 1\/1, processed 5, synced 5","elapsed":"00:00:01 47 ms","pid":"117165","caller":"bin\/magento inde:rein"} [] []
[2026-07-13T16:11:09.237505+00:00] main.INFO: {"feed":"stores","operation":"full reindex(legacy)","status":"Complete","elapsed":"00:00:01 67 ms","pid":"117165","caller":"bin\/magento inde:rein"} [] []
[2026-07-14T05:18:27.847309+00:00] main.INFO: {"feed":"salesOrders","operation":"full reindex(legacy)","status":"Initialize","elapsed":"101 ms","pid":"7530","caller":"bin\/magento inde:rein"} [] []
[2026-07-14T05:18:28.565965+00:00] main.INFO: {"feed":"salesOrders","operation":"full reindex(legacy)","status":"Creating batch table `sales_data_exporter_orders_index_batches`. Start position: 0","elapsed":"819 ms","pid":"7530","caller":"bin\/magento inde:rein"} [] []
[2026-07-14T05:18:28.935309+00:00] main.INFO: {"feed":"salesOrders","operation":"full reindex(legacy)","status":"Batch table `sales_data_exporter_orders_index_batches` created. Total Items: 0, batches: ~0","elapsed":"00:00:01 189 ms","pid":"7530","caller":"bin\/magento inde:rein"} [] []
[2026-07-14T05:18:28.935923+00:00] main.INFO: {"feed":"salesOrders","operation":"full reindex(legacy)","status":"skipping - no items to sync. Are there any items in source table `sales_order`?","elapsed":"00:00:01 189 ms","pid":"7530","caller":"bin\/magento inde:rein"} [] []
[2026-07-14T05:18:28.944879+00:00] main.INFO: {"feed":"salesOrders","operation":"full reindex(legacy)","status":"Complete","elapsed":"00:00:01 198 ms","pid":"7530","caller":"bin\/magento inde:rein"} [] []
[2026-07-14T05:18:29.019493+00:00] main.INFO: {"feed":"salesOrderStatuses","operation":"full reindex(legacy)","status":"Initialize","elapsed":"445 ms","pid":"7530","caller":"bin\/magento inde:rein"} [] []
[2026-07-14T05:18:29.489724+00:00] main.INFO: {"feed":"salesOrderStatuses","operation":"full reindex(legacy)","status":"Creating batch table `sales_data_exporter_order_statuses_index_batches`. Start position: ","elapsed":"915 ms","pid":"7530","caller":"bin\/magento inde:rein"} [] []
[2026-07-14T05:18:29.794236+00:00] main.INFO: {"feed":"salesOrderStatuses","operation":"full reindex(legacy)","status":"Batch table `sales_data_exporter_order_statuses_index_batches` created. Total Items: 12, batches: ~0","elapsed":"00:00:00 220 ms","pid":"7530","caller":"bin\/magento inde:rein"} [] []
[2026-07-14T05:18:29.794861+00:00] main.INFO: {"feed":"salesOrderStatuses","operation":"full reindex(legacy)","status":"start processing `12` items in `1` threads with `100` batch size","elapsed":"00:00:00 220 ms","pid":"7530","caller":"bin\/magento inde:rein"} [] []
[2026-07-14T05:18:29.865757+00:00] main.INFO: {"feed":"salesOrderStatuses","operation":"full reindex(legacy)","status":"Progress 1\/1, processed 12, synced 12","elapsed":"00:00:01 291 ms","pid":"7530","caller":"bin\/magento inde:rein"} [] []
[2026-07-14T05:18:29.882904+00:00] main.INFO: {"feed":"salesOrderStatuses","operation":"full reindex(legacy)","status":"Complete","elapsed":"00:00:01 308 ms","pid":"7530","caller":"bin\/magento inde:rein"} [] []
[2026-07-14T05:18:29.951635+00:00] main.INFO: {"feed":"stores","operation":"full reindex(legacy)","status":"Initialize","elapsed":"309 ms","pid":"7530","caller":"bin\/magento inde:rein"} [] []
[2026-07-14T05:18:30.567363+00:00] main.INFO: {"feed":"stores","operation":"full reindex(legacy)","status":"Creating batch table `stores_data_exporter_index_batches`. Start position: 0","elapsed":"925 ms","pid":"7530","caller":"bin\/magento inde:rein"} [] []
[2026-07-14T05:18:30.893655+00:00] main.INFO: {"feed":"stores","operation":"full reindex(legacy)","status":"Batch table `stores_data_exporter_index_batches` created. Total Items: 5, batches: ~0","elapsed":"00:00:01 251 ms","pid":"7530","caller":"bin\/magento inde:rein"} [] []
[2026-07-14T05:18:30.894475+00:00] main.INFO: {"feed":"stores","operation":"full reindex(legacy)","status":"start processing `5` items in `1` threads with `100` batch size","elapsed":"00:00:01 252 ms","pid":"7530","caller":"bin\/magento inde:rein"} [] []
[2026-07-14T05:18:30.954670+00:00] main.INFO: {"feed":"stores","operation":"full reindex(legacy)","status":"Progress 1\/1, processed 5, synced 5","elapsed":"00:00:01 312 ms","pid":"7530","caller":"bin\/magento inde:rein"} [] []
[2026-07-14T05:18:30.976849+00:00] main.INFO: {"feed":"stores","operation":"full reindex(legacy)","status":"Complete","elapsed":"00:00:01 334 ms","pid":"7530","caller":"bin\/magento inde:rein"} [] []
[2026-07-14T07:58:45.822341+00:00] main.INFO: {"feed":"salesOrders","operation":"full reindex(legacy)","status":"Initialize","elapsed":"51 ms","pid":"25376","caller":"bin\/magento inde:rein"} [] []
[2026-07-14T07:58:46.720110+00:00] main.INFO: {"feed":"salesOrders","operation":"full reindex(legacy)","status":"Creating batch table `sales_data_exporter_orders_index_batches`. Start position: 0","elapsed":"948 ms","pid":"25376","caller":"bin\/magento inde:rein"} [] []
[2026-07-14T07:58:47.157321+00:00] main.INFO: {"feed":"salesOrders","operation":"full reindex(legacy)","status":"Batch table `sales_data_exporter_orders_index_batches` created. Total Items: 0, batches: ~0","elapsed":"00:00:01 386 ms","pid":"25376","caller":"bin\/magento inde:rein"} [] []
[2026-07-14T07:58:47.158118+00:00] main.INFO: {"feed":"salesOrders","operation":"full reindex(legacy)","status":"skipping - no items to sync. Are there any items in source table `sales_order`?","elapsed":"00:00:01 386 ms","pid":"25376","caller":"bin\/magento inde:rein"} [] []
[2026-07-14T07:58:47.163854+00:00] main.INFO: {"feed":"salesOrders","operation":"full reindex(legacy)","status":"Complete","elapsed":"00:00:01 392 ms","pid":"25376","caller":"bin\/magento inde:rein"} [] []
[2026-07-14T07:58:47.251216+00:00] main.INFO: {"feed":"salesOrderStatuses","operation":"full reindex(legacy)","status":"Initialize","elapsed":"908 ms","pid":"25376","caller":"bin\/magento inde:rein"} [] []
[2026-07-14T07:58:47.771350+00:00] main.INFO: {"feed":"salesOrderStatuses","operation":"full reindex(legacy)","status":"Creating batch table `sales_data_exporter_order_statuses_index_batches`. Start position: ","elapsed":"00:00:00 428 ms","pid":"25376","caller":"bin\/magento inde:rein"} [] []
[2026-07-14T07:58:48.175770+00:00] main.INFO: {"feed":"salesOrderStatuses","operation":"full reindex(legacy)","status":"Batch table `sales_data_exporter_order_statuses_index_batches` created. Total Items: 12, batches: ~0","elapsed":"00:00:01 833 ms","pid":"25376","caller":"bin\/magento inde:rein"} [] []
[2026-07-14T07:58:48.176057+00:00] main.INFO: {"feed":"salesOrderStatuses","operation":"full reindex(legacy)","status":"start processing `12` items in `1` threads with `100` batch size","elapsed":"00:00:01 833 ms","pid":"25376","caller":"bin\/magento inde:rein"} [] []
[2026-07-14T07:58:48.238214+00:00] main.INFO: {"feed":"salesOrderStatuses","operation":"full reindex(legacy)","status":"Progress 1\/1, processed 12, synced 12","elapsed":"00:00:01 895 ms","pid":"25376","caller":"bin\/magento inde:rein"} [] []
[2026-07-14T07:58:48.248733+00:00] main.INFO: {"feed":"salesOrderStatuses","operation":"full reindex(legacy)","status":"Complete","elapsed":"00:00:01 906 ms","pid":"25376","caller":"bin\/magento inde:rein"} [] []
[2026-07-14T07:58:48.349571+00:00] main.INFO: {"feed":"stores","operation":"full reindex(legacy)","status":"Initialize","elapsed":"00:00:00 105 ms","pid":"25376","caller":"bin\/magento inde:rein"} [] []
[2026-07-14T07:58:48.968078+00:00] main.INFO: {"feed":"stores","operation":"full reindex(legacy)","status":"Creating batch table `stores_data_exporter_index_batches`. Start position: 0","elapsed":"00:00:01 724 ms","pid":"25376","caller":"bin\/magento inde:rein"} [] []
[2026-07-14T07:58:49.182540+00:00] main.INFO: {"feed":"stores","operation":"full reindex(legacy)","status":"Batch table `stores_data_exporter_index_batches` created. Total Items: 5, batches: ~0","elapsed":"00:00:01 938 ms","pid":"25376","caller":"bin\/magento inde:rein"} [] []
[2026-07-14T07:58:49.183489+00:00] main.INFO: {"feed":"stores","operation":"full reindex(legacy)","status":"start processing `5` items in `1` threads with `100` batch size","elapsed":"00:00:01 939 ms","pid":"25376","caller":"bin\/magento inde:rein"} [] []
[2026-07-14T07:58:49.248782+00:00] main.INFO: {"feed":"stores","operation":"full reindex(legacy)","status":"Progress 1\/1, processed 5, synced 5","elapsed":"00:00:01 4 ms","pid":"25376","caller":"bin\/magento inde:rein"} [] []
[2026-07-14T07:58:49.268715+00:00] main.INFO: {"feed":"stores","operation":"full reindex(legacy)","status":"Complete","elapsed":"00:00:01 24 ms","pid":"25376","caller":"bin\/magento inde:rein"} [] []
[2026-07-14T17:05:50.980180+00:00] main.INFO: {"feed":"salesOrders","operation":"full reindex(legacy)","status":"Initialize","elapsed":"761 ms","pid":"10305","caller":"bin\/magento inde:rein"} [] []
[2026-07-14T17:05:51.520781+00:00] main.INFO: {"feed":"salesOrders","operation":"full reindex(legacy)","status":"Creating batch table `sales_data_exporter_orders_index_batches`. Start position: 0","elapsed":"00:00:00 302 ms","pid":"10305","caller":"bin\/magento inde:rein"} [] []
[2026-07-14T17:05:51.862284+00:00] main.INFO: {"feed":"salesOrders","operation":"full reindex(legacy)","status":"Batch table `sales_data_exporter_orders_index_batches` created. Total Items: 0, batches: ~0","elapsed":"00:00:01 643 ms","pid":"10305","caller":"bin\/magento inde:rein"} [] []
[2026-07-14T17:05:51.862596+00:00] main.INFO: {"feed":"salesOrders","operation":"full reindex(legacy)","status":"skipping - no items to sync. Are there any items in source table `sales_order`?","elapsed":"00:00:01 644 ms","pid":"10305","caller":"bin\/magento inde:rein"} [] []
[2026-07-14T17:05:51.870240+00:00] main.INFO: {"feed":"salesOrders","operation":"full reindex(legacy)","status":"Complete","elapsed":"00:00:01 651 ms","pid":"10305","caller":"bin\/magento inde:rein"} [] []
[2026-07-14T17:05:52.005780+00:00] main.INFO: {"feed":"salesOrderStatuses","operation":"full reindex(legacy)","status":"Initialize","elapsed":"812 ms","pid":"10305","caller":"bin\/magento inde:rein"} [] []
[2026-07-14T17:05:52.582640+00:00] main.INFO: {"feed":"salesOrderStatuses","operation":"full reindex(legacy)","status":"Creating batch table `sales_data_exporter_order_statuses_index_batches`. Start position: ","elapsed":"00:00:00 389 ms","pid":"10305","caller":"bin\/magento inde:rein"} [] []
[2026-07-14T17:05:52.979199+00:00] main.INFO: {"feed":"salesOrderStatuses","operation":"full reindex(legacy)","status":"Batch table `sales_data_exporter_order_statuses_index_batches` created. Total Items: 12, batches: ~0","elapsed":"00:00:01 786 ms","pid":"10305","caller":"bin\/magento inde:rein"} [] []
[2026-07-14T17:05:52.979501+00:00] main.INFO: {"feed":"salesOrderStatuses","operation":"full reindex(legacy)","status":"start processing `12` items in `1` threads with `100` batch size","elapsed":"00:00:01 786 ms","pid":"10305","caller":"bin\/magento inde:rein"} [] []
[2026-07-14T17:05:53.123382+00:00] main.INFO: {"feed":"salesOrderStatuses","operation":"full reindex(legacy)","status":"Progress 1\/1, processed 12, synced 12","elapsed":"00:00:01 930 ms","pid":"10305","caller":"bin\/magento inde:rein"} [] []
[2026-07-14T17:05:53.141227+00:00] main.INFO: {"feed":"salesOrderStatuses","operation":"full reindex(legacy)","status":"Complete","elapsed":"00:00:01 948 ms","pid":"10305","caller":"bin\/magento inde:rein"} [] []
[2026-07-14T17:05:53.271126+00:00] main.INFO: {"feed":"stores","operation":"full reindex(legacy)","status":"Initialize","elapsed":"00:00:00 343 ms","pid":"10305","caller":"bin\/magento inde:rein"} [] []
[2026-07-14T17:05:53.925021+00:00] main.INFO: {"feed":"stores","operation":"full reindex(legacy)","status":"Creating batch table `stores_data_exporter_index_batches`. Start position: 0","elapsed":"00:00:01 997 ms","pid":"10305","caller":"bin\/magento inde:rein"} [] []
[2026-07-14T17:05:54.367011+00:00] main.INFO: {"feed":"stores","operation":"full reindex(legacy)","status":"Batch table `stores_data_exporter_index_batches` created. Total Items: 5, batches: ~0","elapsed":"00:00:01 439 ms","pid":"10305","caller":"bin\/magento inde:rein"} [] []
[2026-07-14T17:05:54.367518+00:00] main.INFO: {"feed":"stores","operation":"full reindex(legacy)","status":"start processing `5` items in `1` threads with `100` batch size","elapsed":"00:00:01 440 ms","pid":"10305","caller":"bin\/magento inde:rein"} [] []
[2026-07-14T17:05:54.476623+00:00] main.INFO: {"feed":"stores","operation":"full reindex(legacy)","status":"Progress 1\/1, processed 5, synced 5","elapsed":"00:00:01 549 ms","pid":"10305","caller":"bin\/magento inde:rein"} [] []
[2026-07-14T17:05:54.504755+00:00] main.INFO: {"feed":"stores","operation":"full reindex(legacy)","status":"Complete","elapsed":"00:00:01 577 ms","pid":"10305","caller":"bin\/magento inde:rein"} [] []
[2026-07-15T11:12:42.226859+00:00] main.INFO: {"feed":"salesOrders","operation":"full reindex(legacy)","status":"Initialize","elapsed":"00:00:00 881 ms","pid":"33249","caller":"bin\/magento inde:rein"} [] []
[2026-07-15T11:12:42.935118+00:00] main.INFO: {"feed":"salesOrders","operation":"full reindex(legacy)","status":"Creating batch table `sales_data_exporter_orders_index_batches`. Start position: 0","elapsed":"00:00:01 589 ms","pid":"33249","caller":"bin\/magento inde:rein"} [] []
[2026-07-15T11:12:43.547887+00:00] main.INFO: {"feed":"salesOrders","operation":"full reindex(legacy)","status":"Batch table `sales_data_exporter_orders_index_batches` created. Total Items: 1, batches: ~0","elapsed":"00:00:02 202 ms","pid":"33249","caller":"bin\/magento inde:rein"} [] []
[2026-07-15T11:12:43.548677+00:00] main.INFO: {"feed":"salesOrders","operation":"full reindex(legacy)","status":"start processing `1` items in `1` threads with `100` batch size","elapsed":"00:00:02 203 ms","pid":"33249","caller":"bin\/magento inde:rein"} [] []
[2026-07-15T11:12:43.699842+00:00] main.INFO: {"feed":"salesOrders","operation":"full reindex(legacy)","status":"Progress 1\/1, processed 1, synced 0","elapsed":"00:00:02 354 ms","pid":"33249","caller":"bin\/magento inde:rein"} [] []
[2026-07-15T11:12:43.717744+00:00] main.INFO: {"feed":"salesOrders","operation":"full reindex(legacy)","status":"Complete","elapsed":"00:00:02 372 ms","pid":"33249","caller":"bin\/magento inde:rein"} [] []
[2026-07-15T11:12:43.828744+00:00] main.INFO: {"feed":"salesOrderStatuses","operation":"full reindex(legacy)","status":"Initialize","elapsed":"00:00:00 85 ms","pid":"33249","caller":"bin\/magento inde:rein"} [] []
[2026-07-15T11:12:44.362235+00:00] main.INFO: {"feed":"salesOrderStatuses","operation":"full reindex(legacy)","status":"Creating batch table `sales_data_exporter_order_statuses_index_batches`. Start position: ","elapsed":"00:00:01 618 ms","pid":"33249","caller":"bin\/magento inde:rein"} [] []
[2026-07-15T11:12:44.624609+00:00] main.INFO: {"feed":"salesOrderStatuses","operation":"full reindex(legacy)","status":"Batch table `sales_data_exporter_order_statuses_index_batches` created. Total Items: 14, batches: ~0","elapsed":"00:00:01 880 ms","pid":"33249","caller":"bin\/magento inde:rein"} [] []
[2026-07-15T11:12:44.625205+00:00] main.INFO: {"feed":"salesOrderStatuses","operation":"full reindex(legacy)","status":"start processing `14` items in `1` threads with `100` batch size","elapsed":"00:00:01 881 ms","pid":"33249","caller":"bin\/magento inde:rein"} [] []
[2026-07-15T11:12:44.676096+00:00] main.INFO: {"feed":"salesOrderStatuses","operation":"full reindex(legacy)","status":"Progress 1\/1, processed 14, synced 14","elapsed":"00:00:01 932 ms","pid":"33249","caller":"bin\/magento inde:rein"} [] []
[2026-07-15T11:12:44.688399+00:00] main.INFO: {"feed":"salesOrderStatuses","operation":"full reindex(legacy)","status":"Complete","elapsed":"00:00:01 944 ms","pid":"33249","caller":"bin\/magento inde:rein"} [] []
[2026-07-15T11:12:44.761591+00:00] main.INFO: {"feed":"stores","operation":"full reindex(legacy)","status":"Initialize","elapsed":"950 ms","pid":"33249","caller":"bin\/magento inde:rein"} [] []
[2026-07-15T11:12:45.340034+00:00] main.INFO: {"feed":"stores","operation":"full reindex(legacy)","status":"Creating batch table `stores_data_exporter_index_batches`. Start position: 0","elapsed":"00:00:01 529 ms","pid":"33249","caller":"bin\/magento inde:rein"} [] []
[2026-07-15T11:12:45.633836+00:00] main.INFO: {"feed":"stores","operation":"full reindex(legacy)","status":"Batch table `stores_data_exporter_index_batches` created. Total Items: 5, batches: ~0","elapsed":"00:00:01 822 ms","pid":"33249","caller":"bin\/magento inde:rein"} [] []
[2026-07-15T11:12:45.634860+00:00] main.INFO: {"feed":"stores","operation":"full reindex(legacy)","status":"start processing `5` items in `1` threads with `100` batch size","elapsed":"00:00:01 823 ms","pid":"33249","caller":"bin\/magento inde:rein"} [] []
[2026-07-15T11:12:45.720838+00:00] main.INFO: {"feed":"stores","operation":"full reindex(legacy)","status":"Progress 1\/1, processed 5, synced 5","elapsed":"00:00:01 909 ms","pid":"33249","caller":"bin\/magento inde:rein"} [] []
[2026-07-15T11:12:45.753433+00:00] main.INFO: {"feed":"stores","operation":"full reindex(legacy)","status":"Complete","elapsed":"00:00:01 942 ms","pid":"33249","caller":"bin\/magento inde:rein"} [] []
[2026-07-15T15:36:57.542235+00:00] main.INFO: {"feed":"salesOrders","operation":"full reindex(legacy)","status":"Initialize","elapsed":"00:00:00 319 ms","pid":"272693","caller":"bin\/magento inde:rein"} [] []
[2026-07-15T15:36:58.152181+00:00] main.INFO: {"feed":"salesOrders","operation":"full reindex(legacy)","status":"Creating batch table `sales_data_exporter_orders_index_batches`. Start position: 0","elapsed":"00:00:01 929 ms","pid":"272693","caller":"bin\/magento inde:rein"} [] []
[2026-07-15T15:36:58.795655+00:00] main.INFO: {"feed":"salesOrders","operation":"full reindex(legacy)","status":"Batch table `sales_data_exporter_orders_index_batches` created. Total Items: 1, batches: ~0","elapsed":"00:00:01 572 ms","pid":"272693","caller":"bin\/magento inde:rein"} [] []
[2026-07-15T15:36:58.795882+00:00] main.INFO: {"feed":"salesOrders","operation":"full reindex(legacy)","status":"start processing `1` items in `1` threads with `100` batch size","elapsed":"00:00:01 572 ms","pid":"272693","caller":"bin\/magento inde:rein"} [] []
[2026-07-15T15:36:58.826678+00:00] main.INFO: {"feed":"salesOrders","operation":"full reindex(legacy)","status":"Progress 1\/1, processed 1, synced 0","elapsed":"00:00:01 603 ms","pid":"272693","caller":"bin\/magento inde:rein"} [] []
[2026-07-15T15:36:58.868897+00:00] main.INFO: {"feed":"salesOrders","operation":"full reindex(legacy)","status":"Complete","elapsed":"00:00:01 645 ms","pid":"272693","caller":"bin\/magento inde:rein"} [] []
[2026-07-15T15:36:58.997361+00:00] main.INFO: {"feed":"salesOrderStatuses","operation":"full reindex(legacy)","status":"Initialize","elapsed":"229 ms","pid":"272693","caller":"bin\/magento inde:rein"} [] []
[2026-07-15T15:36:59.617763+00:00] main.INFO: {"feed":"salesOrderStatuses","operation":"full reindex(legacy)","status":"Creating batch table `sales_data_exporter_order_statuses_index_batches`. Start position: ","elapsed":"849 ms","pid":"272693","caller":"bin\/magento inde:rein"} [] []
[2026-07-15T15:36:59.852961+00:00] main.INFO: {"feed":"salesOrderStatuses","operation":"full reindex(legacy)","status":"Batch table `sales_data_exporter_order_statuses_index_batches` created. Total Items: 14, batches: ~0","elapsed":"00:00:00 84 ms","pid":"272693","caller":"bin\/magento inde:rein"} [] []
[2026-07-15T15:36:59.853214+00:00] main.INFO: {"feed":"salesOrderStatuses","operation":"full reindex(legacy)","status":"start processing `14` items in `1` threads with `100` batch size","elapsed":"00:00:00 85 ms","pid":"272693","caller":"bin\/magento inde:rein"} [] []
[2026-07-15T15:36:59.914387+00:00] main.INFO: {"feed":"salesOrderStatuses","operation":"full reindex(legacy)","status":"Progress 1\/1, processed 14, synced 14","elapsed":"00:00:01 146 ms","pid":"272693","caller":"bin\/magento inde:rein"} [] []
[2026-07-15T15:36:59.932744+00:00] main.INFO: {"feed":"salesOrderStatuses","operation":"full reindex(legacy)","status":"Complete","elapsed":"00:00:01 164 ms","pid":"272693","caller":"bin\/magento inde:rein"} [] []
[2026-07-15T15:37:00.017374+00:00] main.INFO: {"feed":"stores","operation":"full reindex(legacy)","status":"Initialize","elapsed":"269 ms","pid":"272693","caller":"bin\/magento inde:rein"} [] []
[2026-07-15T15:37:00.619460+00:00] main.INFO: {"feed":"stores","operation":"full reindex(legacy)","status":"Creating batch table `stores_data_exporter_index_batches`. Start position: 0","elapsed":"871 ms","pid":"272693","caller":"bin\/magento inde:rein"} [] []
[2026-07-15T15:37:00.855212+00:00] main.INFO: {"feed":"stores","operation":"full reindex(legacy)","status":"Batch table `stores_data_exporter_index_batches` created. Total Items: 5, batches: ~0","elapsed":"00:00:00 107 ms","pid":"272693","caller":"bin\/magento inde:rein"} [] []
[2026-07-15T15:37:00.855519+00:00] main.INFO: {"feed":"stores","operation":"full reindex(legacy)","status":"start processing `5` items in `1` threads with `100` batch size","elapsed":"00:00:00 107 ms","pid":"272693","caller":"bin\/magento inde:rein"} [] []
[2026-07-15T15:37:00.916002+00:00] main.INFO: {"feed":"stores","operation":"full reindex(legacy)","status":"Progress 1\/1, processed 5, synced 5","elapsed":"00:00:01 167 ms","pid":"272693","caller":"bin\/magento inde:rein"} [] []
[2026-07-15T15:37:00.932292+00:00] main.INFO: {"feed":"stores","operation":"full reindex(legacy)","status":"Complete","elapsed":"00:00:01 184 ms","pid":"272693","caller":"bin\/magento inde:rein"} [] []
[2026-07-16T10:14:31.295469+00:00] main.INFO: {"feed":"salesOrders","operation":"full reindex(legacy)","status":"Initialize","elapsed":"00:00:00 210 ms","pid":"28138","caller":"bin\/magento inde:rein"} [] []
[2026-07-16T10:14:31.890285+00:00] main.INFO: {"feed":"salesOrders","operation":"full reindex(legacy)","status":"Creating batch table `sales_data_exporter_orders_index_batches`. Start position: 0","elapsed":"00:00:01 805 ms","pid":"28138","caller":"bin\/magento inde:rein"} [] []
[2026-07-16T10:14:32.520398+00:00] main.INFO: {"feed":"salesOrders","operation":"full reindex(legacy)","status":"Batch table `sales_data_exporter_orders_index_batches` created. Total Items: 2, batches: ~0","elapsed":"00:00:01 435 ms","pid":"28138","caller":"bin\/magento inde:rein"} [] []
[2026-07-16T10:14:32.521319+00:00] main.INFO: {"feed":"salesOrders","operation":"full reindex(legacy)","status":"start processing `2` items in `1` threads with `100` batch size","elapsed":"00:00:01 436 ms","pid":"28138","caller":"bin\/magento inde:rein"} [] []
[2026-07-16T10:14:32.676841+00:00] main.INFO: {"feed":"salesOrders","operation":"full reindex(legacy)","status":"Progress 1\/1, processed 2, synced 0","elapsed":"00:00:01 591 ms","pid":"28138","caller":"bin\/magento inde:rein"} [] []
[2026-07-16T10:14:32.704037+00:00] main.INFO: {"feed":"salesOrders","operation":"full reindex(legacy)","status":"Complete","elapsed":"00:00:02 618 ms","pid":"28138","caller":"bin\/magento inde:rein"} [] []
[2026-07-16T10:14:32.874210+00:00] main.INFO: {"feed":"salesOrderStatuses","operation":"full reindex(legacy)","status":"Initialize","elapsed":"367 ms","pid":"28138","caller":"bin\/magento inde:rein"} [] []
[2026-07-16T10:14:33.697257+00:00] main.INFO: {"feed":"salesOrderStatuses","operation":"full reindex(legacy)","status":"Creating batch table `sales_data_exporter_order_statuses_index_batches`. Start position: ","elapsed":"00:00:01 190 ms","pid":"28138","caller":"bin\/magento inde:rein"} [] []
[2026-07-16T10:14:33.986623+00:00] main.INFO: {"feed":"salesOrderStatuses","operation":"full reindex(legacy)","status":"Batch table `sales_data_exporter_order_statuses_index_batches` created. Total Items: 14, batches: ~0","elapsed":"00:00:01 480 ms","pid":"28138","caller":"bin\/magento inde:rein"} [] []
[2026-07-16T10:14:33.987004+00:00] main.INFO: {"feed":"salesOrderStatuses","operation":"full reindex(legacy)","status":"start processing `14` items in `1` threads with `100` batch size","elapsed":"00:00:01 480 ms","pid":"28138","caller":"bin\/magento inde:rein"} [] []
[2026-07-16T10:14:34.024451+00:00] main.INFO: {"feed":"salesOrderStatuses","operation":"full reindex(legacy)","status":"Progress 1\/1, processed 14, synced 14","elapsed":"00:00:01 518 ms","pid":"28138","caller":"bin\/magento inde:rein"} [] []
[2026-07-16T10:14:34.049493+00:00] main.INFO: {"feed":"salesOrderStatuses","operation":"full reindex(legacy)","status":"Complete","elapsed":"00:00:01 543 ms","pid":"28138","caller":"bin\/magento inde:rein"} [] []
[2026-07-16T10:14:34.117156+00:00] main.INFO: {"feed":"stores","operation":"full reindex(legacy)","status":"Initialize","elapsed":"853 ms","pid":"28138","caller":"bin\/magento inde:rein"} [] []
[2026-07-16T10:14:34.731659+00:00] main.INFO: {"feed":"stores","operation":"full reindex(legacy)","status":"Creating batch table `stores_data_exporter_index_batches`. Start position: 0","elapsed":"00:00:01 468 ms","pid":"28138","caller":"bin\/magento inde:rein"} [] []
[2026-07-16T10:14:35.054064+00:00] main.INFO: {"feed":"stores","operation":"full reindex(legacy)","status":"Batch table `stores_data_exporter_index_batches` created. Total Items: 5, batches: ~0","elapsed":"00:00:01 790 ms","pid":"28138","caller":"bin\/magento inde:rein"} [] []
[2026-07-16T10:14:35.055054+00:00] main.INFO: {"feed":"stores","operation":"full reindex(legacy)","status":"start processing `5` items in `1` threads with `100` batch size","elapsed":"00:00:01 791 ms","pid":"28138","caller":"bin\/magento inde:rein"} [] []
[2026-07-16T10:14:35.128307+00:00] main.INFO: {"feed":"stores","operation":"full reindex(legacy)","status":"Progress 1\/1, processed 5, synced 5","elapsed":"00:00:01 864 ms","pid":"28138","caller":"bin\/magento inde:rein"} [] []
[2026-07-16T10:14:35.149464+00:00] main.INFO: {"feed":"stores","operation":"full reindex(legacy)","status":"Complete","elapsed":"00:00:01 886 ms","pid":"28138","caller":"bin\/magento inde:rein"} [] []
[2026-07-16T16:24:40.019193+00:00] main.INFO: {"feed":"salesOrders","operation":"full reindex(legacy)","status":"Initialize","elapsed":"259 ms","pid":"160292","caller":"bin\/magento inde:rein"} [] []
[2026-07-16T16:24:40.729751+00:00] main.INFO: {"feed":"salesOrders","operation":"full reindex(legacy)","status":"Creating batch table `sales_data_exporter_orders_index_batches`. Start position: 0","elapsed":"970 ms","pid":"160292","caller":"bin\/magento inde:rein"} [] []
[2026-07-16T16:24:40.995033+00:00] main.INFO: {"feed":"salesOrders","operation":"full reindex(legacy)","status":"Batch table `sales_data_exporter_orders_index_batches` created. Total Items: 2, batches: ~0","elapsed":"00:00:01 235 ms","pid":"160292","caller":"bin\/magento inde:rein"} [] []
[2026-07-16T16:24:40.995804+00:00] main.INFO: {"feed":"salesOrders","operation":"full reindex(legacy)","status":"start processing `2` items in `1` threads with `100` batch size","elapsed":"00:00:01 236 ms","pid":"160292","caller":"bin\/magento inde:rein"} [] []
[2026-07-16T16:24:41.043824+00:00] main.INFO: {"feed":"salesOrders","operation":"full reindex(legacy)","status":"Progress 1\/1, processed 2, synced 0","elapsed":"00:00:01 284 ms","pid":"160292","caller":"bin\/magento inde:rein"} [] []
[2026-07-16T16:24:41.061115+00:00] main.INFO: {"feed":"salesOrders","operation":"full reindex(legacy)","status":"Complete","elapsed":"00:00:01 301 ms","pid":"160292","caller":"bin\/magento inde:rein"} [] []
[2026-07-16T16:24:41.137895+00:00] main.INFO: {"feed":"salesOrderStatuses","operation":"full reindex(legacy)","status":"Initialize","elapsed":"497 ms","pid":"160292","caller":"bin\/magento inde:rein"} [] []
[2026-07-16T16:24:41.680039+00:00] main.INFO: {"feed":"salesOrderStatuses","operation":"full reindex(legacy)","status":"Creating batch table `sales_data_exporter_order_statuses_index_batches`. Start position: ","elapsed":"00:00:00 39 ms","pid":"160292","caller":"bin\/magento inde:rein"} [] []
[2026-07-16T16:24:42.014881+00:00] main.INFO: {"feed":"salesOrderStatuses","operation":"full reindex(legacy)","status":"Batch table `sales_data_exporter_order_statuses_index_batches` created. Total Items: 14, batches: ~0","elapsed":"00:00:01 374 ms","pid":"160292","caller":"bin\/magento inde:rein"} [] []
[2026-07-16T16:24:42.015629+00:00] main.INFO: {"feed":"salesOrderStatuses","operation":"full reindex(legacy)","status":"start processing `14` items in `1` threads with `100` batch size","elapsed":"00:00:01 375 ms","pid":"160292","caller":"bin\/magento inde:rein"} [] []
[2026-07-16T16:24:42.065522+00:00] main.INFO: {"feed":"salesOrderStatuses","operation":"full reindex(legacy)","status":"Progress 1\/1, processed 14, synced 14","elapsed":"00:00:01 425 ms","pid":"160292","caller":"bin\/magento inde:rein"} [] []
[2026-07-16T16:24:42.082008+00:00] main.INFO: {"feed":"salesOrderStatuses","operation":"full reindex(legacy)","status":"Complete","elapsed":"00:00:01 441 ms","pid":"160292","caller":"bin\/magento inde:rein"} [] []
[2026-07-16T16:24:42.157751+00:00] main.INFO: {"feed":"stores","operation":"full reindex(legacy)","status":"Initialize","elapsed":"537 ms","pid":"160292","caller":"bin\/magento inde:rein"} [] []
[2026-07-16T16:24:42.687979+00:00] main.INFO: {"feed":"stores","operation":"full reindex(legacy)","status":"Creating batch table `stores_data_exporter_index_batches`. Start position: 0","elapsed":"00:00:00 67 ms","pid":"160292","caller":"bin\/magento inde:rein"} [] []
[2026-07-16T16:24:42.986947+00:00] main.INFO: {"feed":"stores","operation":"full reindex(legacy)","status":"Batch table `stores_data_exporter_index_batches` created. Total Items: 5, batches: ~0","elapsed":"00:00:01 366 ms","pid":"160292","caller":"bin\/magento inde:rein"} [] []
[2026-07-16T16:24:42.987596+00:00] main.INFO: {"feed":"stores","operation":"full reindex(legacy)","status":"start processing `5` items in `1` threads with `100` batch size","elapsed":"00:00:01 366 ms","pid":"160292","caller":"bin\/magento inde:rein"} [] []
[2026-07-16T16:24:43.069721+00:00] main.INFO: {"feed":"stores","operation":"full reindex(legacy)","status":"Progress 1\/1, processed 5, synced 5","elapsed":"00:00:01 449 ms","pid":"160292","caller":"bin\/magento inde:rein"} [] []
[2026-07-16T16:24:43.083083+00:00] main.INFO: {"feed":"stores","operation":"full reindex(legacy)","status":"Complete","elapsed":"00:00:01 462 ms","pid":"160292","caller":"bin\/magento inde:rein"} [] []
[2026-07-17T05:55:02.819859+00:00] main.INFO: {"feed":"salesOrders","operation":"full reindex(legacy)","status":"Initialize","elapsed":"00:00:00 841 ms","pid":"1090702","caller":"bin\/magento inde:rein"} [] []
[2026-07-17T05:55:03.516995+00:00] main.INFO: {"feed":"salesOrders","operation":"full reindex(legacy)","status":"Creating batch table `sales_data_exporter_orders_index_batches`. Start position: 0","elapsed":"00:00:01 538 ms","pid":"1090702","caller":"bin\/magento inde:rein"} [] []
[2026-07-17T05:55:03.834382+00:00] main.INFO: {"feed":"salesOrders","operation":"full reindex(legacy)","status":"Batch table `sales_data_exporter_orders_index_batches` created. Total Items: 2, batches: ~0","elapsed":"00:00:01 855 ms","pid":"1090702","caller":"bin\/magento inde:rein"} [] []
[2026-07-17T05:55:03.835394+00:00] main.INFO: {"feed":"salesOrders","operation":"full reindex(legacy)","status":"start processing `2` items in `1` threads with `100` batch size","elapsed":"00:00:01 856 ms","pid":"1090702","caller":"bin\/magento inde:rein"} [] []
[2026-07-17T05:55:03.886477+00:00] main.INFO: {"feed":"salesOrders","operation":"full reindex(legacy)","status":"Progress 1\/1, processed 2, synced 0","elapsed":"00:00:01 908 ms","pid":"1090702","caller":"bin\/magento inde:rein"} [] []
[2026-07-17T05:55:03.895397+00:00] main.INFO: {"feed":"salesOrders","operation":"full reindex(legacy)","status":"Complete","elapsed":"00:00:01 917 ms","pid":"1090702","caller":"bin\/magento inde:rein"} [] []
[2026-07-17T05:55:03.960467+00:00] main.INFO: {"feed":"salesOrderStatuses","operation":"full reindex(legacy)","status":"Initialize","elapsed":"122 ms","pid":"1090702","caller":"bin\/magento inde:rein"} [] []
[2026-07-17T05:55:04.555231+00:00] main.INFO: {"feed":"salesOrderStatuses","operation":"full reindex(legacy)","status":"Creating batch table `sales_data_exporter_order_statuses_index_batches`. Start position: ","elapsed":"717 ms","pid":"1090702","caller":"bin\/magento inde:rein"} [] []
[2026-07-17T05:55:04.808471+00:00] main.INFO: {"feed":"salesOrderStatuses","operation":"full reindex(legacy)","status":"Batch table `sales_data_exporter_order_statuses_index_batches` created. Total Items: 14, batches: ~0","elapsed":"970 ms","pid":"1090702","caller":"bin\/magento inde:rein"} [] []
[2026-07-17T05:55:04.809064+00:00] main.INFO: {"feed":"salesOrderStatuses","operation":"full reindex(legacy)","status":"start processing `14` items in `1` threads with `100` batch size","elapsed":"971 ms","pid":"1090702","caller":"bin\/magento inde:rein"} [] []
[2026-07-17T05:55:04.855180+00:00] main.INFO: {"feed":"salesOrderStatuses","operation":"full reindex(legacy)","status":"Progress 1\/1, processed 14, synced 14","elapsed":"00:00:00 17 ms","pid":"1090702","caller":"bin\/magento inde:rein"} [] []
[2026-07-17T05:55:04.875383+00:00] main.INFO: {"feed":"salesOrderStatuses","operation":"full reindex(legacy)","status":"Complete","elapsed":"00:00:00 37 ms","pid":"1090702","caller":"bin\/magento inde:rein"} [] []
[2026-07-17T05:55:04.964378+00:00] main.INFO: {"feed":"stores","operation":"full reindex(legacy)","status":"Initialize","elapsed":"130 ms","pid":"1090702","caller":"bin\/magento inde:rein"} [] []
[2026-07-17T05:55:05.522959+00:00] main.INFO: {"feed":"stores","operation":"full reindex(legacy)","status":"Creating batch table `stores_data_exporter_index_batches`. Start position: 0","elapsed":"689 ms","pid":"1090702","caller":"bin\/magento inde:rein"} [] []
[2026-07-17T05:55:05.862482+00:00] main.INFO: {"feed":"stores","operation":"full reindex(legacy)","status":"Batch table `stores_data_exporter_index_batches` created. Total Items: 5, batches: ~0","elapsed":"00:00:00 28 ms","pid":"1090702","caller":"bin\/magento inde:rein"} [] []
[2026-07-17T05:55:05.863587+00:00] main.INFO: {"feed":"stores","operation":"full reindex(legacy)","status":"start processing `5` items in `1` threads with `100` batch size","elapsed":"00:00:00 29 ms","pid":"1090702","caller":"bin\/magento inde:rein"} [] []
[2026-07-17T05:55:05.926749+00:00] main.INFO: {"feed":"stores","operation":"full reindex(legacy)","status":"Progress 1\/1, processed 5, synced 5","elapsed":"00:00:01 92 ms","pid":"1090702","caller":"bin\/magento inde:rein"} [] []
[2026-07-17T05:55:05.946458+00:00] main.INFO: {"feed":"stores","operation":"full reindex(legacy)","status":"Complete","elapsed":"00:00:01 112 ms","pid":"1090702","caller":"bin\/magento inde:rein"} [] []
[2026-07-17T16:17:03.618070+00:00] main.INFO: {"feed":"salesOrders","operation":"full reindex(legacy)","status":"Initialize","elapsed":"28 ms","pid":"1228542","caller":"bin\/magento inde:rein"} [] []
[2026-07-17T16:17:04.513781+00:00] main.INFO: {"feed":"salesOrders","operation":"full reindex(legacy)","status":"Creating batch table `sales_data_exporter_orders_index_batches`. Start position: 0","elapsed":"923 ms","pid":"1228542","caller":"bin\/magento inde:rein"} [] []
[2026-07-17T16:17:04.963111+00:00] main.INFO: {"feed":"salesOrders","operation":"full reindex(legacy)","status":"Batch table `sales_data_exporter_orders_index_batches` created. Total Items: 3, batches: ~0","elapsed":"00:00:01 373 ms","pid":"1228542","caller":"bin\/magento inde:rein"} [] []
[2026-07-17T16:17:04.966905+00:00] main.INFO: {"feed":"salesOrders","operation":"full reindex(legacy)","status":"start processing `3` items in `1` threads with `100` batch size","elapsed":"00:00:01 377 ms","pid":"1228542","caller":"bin\/magento inde:rein"} [] []
[2026-07-17T16:17:05.040325+00:00] main.INFO: {"feed":"salesOrders","operation":"full reindex(legacy)","status":"Progress 1\/1, processed 3, synced 0","elapsed":"00:00:01 450 ms","pid":"1228542","caller":"bin\/magento inde:rein"} [] []
[2026-07-17T16:17:05.059808+00:00] main.INFO: {"feed":"salesOrders","operation":"full reindex(legacy)","status":"Complete","elapsed":"00:00:01 470 ms","pid":"1228542","caller":"bin\/magento inde:rein"} [] []
[2026-07-17T16:17:05.149874+00:00] main.INFO: {"feed":"salesOrderStatuses","operation":"full reindex(legacy)","status":"Initialize","elapsed":"00:00:00 91 ms","pid":"1228542","caller":"bin\/magento inde:rein"} [] []
[2026-07-17T16:17:05.671409+00:00] main.INFO: {"feed":"salesOrderStatuses","operation":"full reindex(legacy)","status":"Creating batch table `sales_data_exporter_order_statuses_index_batches`. Start position: ","elapsed":"00:00:01 613 ms","pid":"1228542","caller":"bin\/magento inde:rein"} [] []
[2026-07-17T16:17:05.920080+00:00] main.INFO: {"feed":"salesOrderStatuses","operation":"full reindex(legacy)","status":"Batch table `sales_data_exporter_order_statuses_index_batches` created. Total Items: 14, batches: ~0","elapsed":"00:00:01 862 ms","pid":"1228542","caller":"bin\/magento inde:rein"} [] []
[2026-07-17T16:17:05.920268+00:00] main.INFO: {"feed":"salesOrderStatuses","operation":"full reindex(legacy)","status":"start processing `14` items in `1` threads with `100` batch size","elapsed":"00:00:01 862 ms","pid":"1228542","caller":"bin\/magento inde:rein"} [] []
[2026-07-17T16:17:05.947111+00:00] main.INFO: {"feed":"salesOrderStatuses","operation":"full reindex(legacy)","status":"Progress 1\/1, processed 14, synced 14","elapsed":"00:00:01 889 ms","pid":"1228542","caller":"bin\/magento inde:rein"} [] []
[2026-07-17T16:17:05.966522+00:00] main.INFO: {"feed":"salesOrderStatuses","operation":"full reindex(legacy)","status":"Complete","elapsed":"00:00:01 908 ms","pid":"1228542","caller":"bin\/magento inde:rein"} [] []
[2026-07-17T16:17:06.016841+00:00] main.INFO: {"feed":"stores","operation":"full reindex(legacy)","status":"Initialize","elapsed":"825 ms","pid":"1228542","caller":"bin\/magento inde:rein"} [] []
[2026-07-17T16:17:06.468795+00:00] main.INFO: {"feed":"stores","operation":"full reindex(legacy)","status":"Creating batch table `stores_data_exporter_index_batches`. Start position: 0","elapsed":"00:00:00 277 ms","pid":"1228542","caller":"bin\/magento inde:rein"} [] []
[2026-07-17T16:17:06.783799+00:00] main.INFO: {"feed":"stores","operation":"full reindex(legacy)","status":"Batch table `stores_data_exporter_index_batches` created. Total Items: 5, batches: ~0","elapsed":"00:00:01 592 ms","pid":"1228542","caller":"bin\/magento inde:rein"} [] []
[2026-07-17T16:17:06.784809+00:00] main.INFO: {"feed":"stores","operation":"full reindex(legacy)","status":"start processing `5` items in `1` threads with `100` batch size","elapsed":"00:00:01 593 ms","pid":"1228542","caller":"bin\/magento inde:rein"} [] []
[2026-07-17T16:17:06.828569+00:00] main.INFO: {"feed":"stores","operation":"full reindex(legacy)","status":"Progress 1\/1, processed 5, synced 5","elapsed":"00:00:01 637 ms","pid":"1228542","caller":"bin\/magento inde:rein"} [] []
[2026-07-17T16:17:06.839582+00:00] main.INFO: {"feed":"stores","operation":"full reindex(legacy)","status":"Complete","elapsed":"00:00:01 648 ms","pid":"1228542","caller":"bin\/magento inde:rein"} [] []
[2026-07-17T18:15:44.898120+00:00] main.INFO: {"feed":"salesOrders","operation":"full reindex(legacy)","status":"Initialize","elapsed":"00:00:00 470 ms","pid":"1960263","caller":"bin\/magento inde:rein"} [] []
[2026-07-17T18:15:45.461694+00:00] main.INFO: {"feed":"salesOrders","operation":"full reindex(legacy)","status":"Creating batch table `sales_data_exporter_orders_index_batches`. Start position: 0","elapsed":"00:00:01 34 ms","pid":"1960263","caller":"bin\/magento inde:rein"} [] []
[2026-07-17T18:15:45.710735+00:00] main.INFO: {"feed":"salesOrders","operation":"full reindex(legacy)","status":"Batch table `sales_data_exporter_orders_index_batches` created. Total Items: 4, batches: ~0","elapsed":"00:00:01 283 ms","pid":"1960263","caller":"bin\/magento inde:rein"} [] []
[2026-07-17T18:15:45.711624+00:00] main.INFO: {"feed":"salesOrders","operation":"full reindex(legacy)","status":"start processing `4` items in `1` threads with `100` batch size","elapsed":"00:00:01 284 ms","pid":"1960263","caller":"bin\/magento inde:rein"} [] []
[2026-07-17T18:15:45.804566+00:00] main.INFO: {"feed":"salesOrders","operation":"full reindex(legacy)","status":"Progress 1\/1, processed 4, synced 0","elapsed":"00:00:01 377 ms","pid":"1960263","caller":"bin\/magento inde:rein"} [] []
[2026-07-17T18:15:45.822668+00:00] main.INFO: {"feed":"salesOrders","operation":"full reindex(legacy)","status":"Complete","elapsed":"00:00:01 395 ms","pid":"1960263","caller":"bin\/magento inde:rein"} [] []
[2026-07-17T18:15:45.921963+00:00] main.INFO: {"feed":"salesOrderStatuses","operation":"full reindex(legacy)","status":"Initialize","elapsed":"00:00:00 518 ms","pid":"1960263","caller":"bin\/magento inde:rein"} [] []
[2026-07-17T18:15:46.493368+00:00] main.INFO: {"feed":"salesOrderStatuses","operation":"full reindex(legacy)","status":"Creating batch table `sales_data_exporter_order_statuses_index_batches`. Start position: ","elapsed":"00:00:01 89 ms","pid":"1960263","caller":"bin\/magento inde:rein"} [] []
[2026-07-17T18:15:46.854237+00:00] main.INFO: {"feed":"salesOrderStatuses","operation":"full reindex(legacy)","status":"Batch table `sales_data_exporter_order_statuses_index_batches` created. Total Items: 14, batches: ~0","elapsed":"00:00:01 450 ms","pid":"1960263","caller":"bin\/magento inde:rein"} [] []
[2026-07-17T18:15:46.854487+00:00] main.INFO: {"feed":"salesOrderStatuses","operation":"full reindex(legacy)","status":"start processing `14` items in `1` threads with `100` batch size","elapsed":"00:00:01 450 ms","pid":"1960263","caller":"bin\/magento inde:rein"} [] []
[2026-07-17T18:15:46.896239+00:00] main.INFO: {"feed":"salesOrderStatuses","operation":"full reindex(legacy)","status":"Progress 1\/1, processed 14, synced 14","elapsed":"00:00:01 492 ms","pid":"1960263","caller":"bin\/magento inde:rein"} [] []
[2026-07-17T18:15:46.912566+00:00] main.INFO: {"feed":"salesOrderStatuses","operation":"full reindex(legacy)","status":"Complete","elapsed":"00:00:01 508 ms","pid":"1960263","caller":"bin\/magento inde:rein"} [] []
[2026-07-17T18:15:46.991217+00:00] main.INFO: {"feed":"stores","operation":"full reindex(legacy)","status":"Initialize","elapsed":"00:00:00 656 ms","pid":"1960263","caller":"bin\/magento inde:rein"} [] []
[2026-07-17T18:15:47.568855+00:00] main.INFO: {"feed":"stores","operation":"full reindex(legacy)","status":"Creating batch table `stores_data_exporter_index_batches`. Start position: 0","elapsed":"00:00:01 234 ms","pid":"1960263","caller":"bin\/magento inde:rein"} [] []
[2026-07-17T18:15:47.970277+00:00] main.INFO: {"feed":"stores","operation":"full reindex(legacy)","status":"Batch table `stores_data_exporter_index_batches` created. Total Items: 5, batches: ~0","elapsed":"00:00:01 635 ms","pid":"1960263","caller":"bin\/magento inde:rein"} [] []
[2026-07-17T18:15:47.971026+00:00] main.INFO: {"feed":"stores","operation":"full reindex(legacy)","status":"start processing `5` items in `1` threads with `100` batch size","elapsed":"00:00:01 636 ms","pid":"1960263","caller":"bin\/magento inde:rein"} [] []
[2026-07-17T18:15:48.023980+00:00] main.INFO: {"feed":"stores","operation":"full reindex(legacy)","status":"Progress 1\/1, processed 5, synced 5","elapsed":"00:00:01 689 ms","pid":"1960263","caller":"bin\/magento inde:rein"} [] []
[2026-07-17T18:15:48.040407+00:00] main.INFO: {"feed":"stores","operation":"full reindex(legacy)","status":"Complete","elapsed":"00:00:01 706 ms","pid":"1960263","caller":"bin\/magento inde:rein"} [] []
[2026-07-17T18:17:50.176011+00:00] main.INFO: {"feed":"salesOrders","operation":"full reindex(legacy)","status":"Initialize","elapsed":"26 ms","pid":"1970531","caller":"bin\/magento inde:rein"} [] []
[2026-07-17T18:17:50.795306+00:00] main.INFO: {"feed":"salesOrders","operation":"full reindex(legacy)","status":"Creating batch table `sales_data_exporter_orders_index_batches`. Start position: 0","elapsed":"645 ms","pid":"1970531","caller":"bin\/magento inde:rein"} [] []
[2026-07-17T18:17:50.993389+00:00] main.INFO: {"feed":"salesOrders","operation":"full reindex(legacy)","status":"Batch table `sales_data_exporter_orders_index_batches` created. Total Items: 4, batches: ~0","elapsed":"843 ms","pid":"1970531","caller":"bin\/magento inde:rein"} [] []
[2026-07-17T18:17:50.993713+00:00] main.INFO: {"feed":"salesOrders","operation":"full reindex(legacy)","status":"start processing `4` items in `1` threads with `100` batch size","elapsed":"844 ms","pid":"1970531","caller":"bin\/magento inde:rein"} [] []
[2026-07-17T18:17:51.022316+00:00] main.INFO: {"feed":"salesOrders","operation":"full reindex(legacy)","status":"Progress 1\/1, processed 4, synced 0","elapsed":"872 ms","pid":"1970531","caller":"bin\/magento inde:rein"} [] []
[2026-07-17T18:17:51.051398+00:00] main.INFO: {"feed":"salesOrders","operation":"full reindex(legacy)","status":"Complete","elapsed":"901 ms","pid":"1970531","caller":"bin\/magento inde:rein"} [] []
[2026-07-17T18:17:51.119025+00:00] main.INFO: {"feed":"salesOrderStatuses","operation":"full reindex(legacy)","status":"Initialize","elapsed":"00:00:00 912 ms","pid":"1970531","caller":"bin\/magento inde:rein"} [] []
[2026-07-17T18:17:51.469226+00:00] main.INFO: {"feed":"salesOrderStatuses","operation":"full reindex(legacy)","status":"Creating batch table `sales_data_exporter_order_statuses_index_batches`. Start position: ","elapsed":"00:00:01 262 ms","pid":"1970531","caller":"bin\/magento inde:rein"} [] []
[2026-07-17T18:17:51.737326+00:00] main.INFO: {"feed":"salesOrderStatuses","operation":"full reindex(legacy)","status":"Batch table `sales_data_exporter_order_statuses_index_batches` created. Total Items: 14, batches: ~0","elapsed":"00:00:01 530 ms","pid":"1970531","caller":"bin\/magento inde:rein"} [] []
[2026-07-17T18:17:51.737576+00:00] main.INFO: {"feed":"salesOrderStatuses","operation":"full reindex(legacy)","status":"start processing `14` items in `1` threads with `100` batch size","elapsed":"00:00:01 531 ms","pid":"1970531","caller":"bin\/magento inde:rein"} [] []
[2026-07-17T18:17:51.758981+00:00] main.INFO: {"feed":"salesOrderStatuses","operation":"full reindex(legacy)","status":"Progress 1\/1, processed 14, synced 14","elapsed":"00:00:01 552 ms","pid":"1970531","caller":"bin\/magento inde:rein"} [] []
[2026-07-17T18:17:51.767124+00:00] main.INFO: {"feed":"salesOrderStatuses","operation":"full reindex(legacy)","status":"Complete","elapsed":"00:00:01 560 ms","pid":"1970531","caller":"bin\/magento inde:rein"} [] []
[2026-07-17T18:17:51.844784+00:00] main.INFO: {"feed":"stores","operation":"full reindex(legacy)","status":"Initialize","elapsed":"00:00:00 364 ms","pid":"1970531","caller":"bin\/magento inde:rein"} [] []
[2026-07-17T18:17:52.435263+00:00] main.INFO: {"feed":"stores","operation":"full reindex(legacy)","status":"Creating batch table `stores_data_exporter_index_batches`. Start position: 0","elapsed":"00:00:01 954 ms","pid":"1970531","caller":"bin\/magento inde:rein"} [] []
[2026-07-17T18:17:52.619486+00:00] main.INFO: {"feed":"stores","operation":"full reindex(legacy)","status":"Batch table `stores_data_exporter_index_batches` created. Total Items: 5, batches: ~0","elapsed":"00:00:01 138 ms","pid":"1970531","caller":"bin\/magento inde:rein"} [] []
[2026-07-17T18:17:52.619734+00:00] main.INFO: {"feed":"stores","operation":"full reindex(legacy)","status":"start processing `5` items in `1` threads with `100` batch size","elapsed":"00:00:01 138 ms","pid":"1970531","caller":"bin\/magento inde:rein"} [] []
[2026-07-17T18:17:52.654109+00:00] main.INFO: {"feed":"stores","operation":"full reindex(legacy)","status":"Progress 1\/1, processed 5, synced 5","elapsed":"00:00:01 173 ms","pid":"1970531","caller":"bin\/magento inde:rein"} [] []
[2026-07-17T18:17:52.665779+00:00] main.INFO: {"feed":"stores","operation":"full reindex(legacy)","status":"Complete","elapsed":"00:00:01 185 ms","pid":"1970531","caller":"bin\/magento inde:rein"} [] []
[2026-07-17T19:56:00.131068+00:00] main.INFO: {"feed":"salesOrders","operation":"full reindex(legacy)","status":"Initialize","elapsed":"00:00:00 936 ms","pid":"2433710","caller":"bin\/magento inde:rein"} [] []
[2026-07-17T19:56:00.827842+00:00] main.INFO: {"feed":"salesOrders","operation":"full reindex(legacy)","status":"Creating batch table `sales_data_exporter_orders_index_batches`. Start position: 0","elapsed":"00:00:01 633 ms","pid":"2433710","caller":"bin\/magento inde:rein"} [] []
[2026-07-17T19:56:01.241285+00:00] main.INFO: {"feed":"salesOrders","operation":"full reindex(legacy)","status":"Batch table `sales_data_exporter_orders_index_batches` created. Total Items: 4, batches: ~0","elapsed":"00:00:02 46 ms","pid":"2433710","caller":"bin\/magento inde:rein"} [] []
[2026-07-17T19:56:01.241718+00:00] main.INFO: {"feed":"salesOrders","operation":"full reindex(legacy)","status":"start processing `4` items in `1` threads with `100` batch size","elapsed":"00:00:02 47 ms","pid":"2433710","caller":"bin\/magento inde:rein"} [] []
[2026-07-17T19:56:01.282832+00:00] main.INFO: {"feed":"salesOrders","operation":"full reindex(legacy)","status":"Progress 1\/1, processed 4, synced 0","elapsed":"00:00:02 88 ms","pid":"2433710","caller":"bin\/magento inde:rein"} [] []
[2026-07-17T19:56:01.293430+00:00] main.INFO: {"feed":"salesOrders","operation":"full reindex(legacy)","status":"Complete","elapsed":"00:00:02 98 ms","pid":"2433710","caller":"bin\/magento inde:rein"} [] []
[2026-07-17T19:56:01.362138+00:00] main.INFO: {"feed":"salesOrderStatuses","operation":"full reindex(legacy)","status":"Initialize","elapsed":"398 ms","pid":"2433710","caller":"bin\/magento inde:rein"} [] []
[2026-07-17T19:56:01.959339+00:00] main.INFO: {"feed":"salesOrderStatuses","operation":"full reindex(legacy)","status":"Creating batch table `sales_data_exporter_order_statuses_index_batches`. Start position: ","elapsed":"995 ms","pid":"2433710","caller":"bin\/magento inde:rein"} [] []
[2026-07-17T19:56:02.395598+00:00] main.INFO: {"feed":"salesOrderStatuses","operation":"full reindex(legacy)","status":"Batch table `sales_data_exporter_order_statuses_index_batches` created. Total Items: 14, batches: ~0","elapsed":"00:00:01 432 ms","pid":"2433710","caller":"bin\/magento inde:rein"} [] []
[2026-07-17T19:56:02.396628+00:00] main.INFO: {"feed":"salesOrderStatuses","operation":"full reindex(legacy)","status":"start processing `14` items in `1` threads with `100` batch size","elapsed":"00:00:01 433 ms","pid":"2433710","caller":"bin\/magento inde:rein"} [] []
[2026-07-17T19:56:02.453490+00:00] main.INFO: {"feed":"salesOrderStatuses","operation":"full reindex(legacy)","status":"Progress 1\/1, processed 14, synced 14","elapsed":"00:00:01 490 ms","pid":"2433710","caller":"bin\/magento inde:rein"} [] []
[2026-07-17T19:56:02.468323+00:00] main.INFO: {"feed":"salesOrderStatuses","operation":"full reindex(legacy)","status":"Complete","elapsed":"00:00:01 504 ms","pid":"2433710","caller":"bin\/magento inde:rein"} [] []
[2026-07-17T19:56:02.552851+00:00] main.INFO: {"feed":"stores","operation":"full reindex(legacy)","status":"Initialize","elapsed":"780 ms","pid":"2433710","caller":"bin\/magento inde:rein"} [] []
[2026-07-17T19:56:03.155631+00:00] main.INFO: {"feed":"stores","operation":"full reindex(legacy)","status":"Creating batch table `stores_data_exporter_index_batches`. Start position: 0","elapsed":"00:00:00 382 ms","pid":"2433710","caller":"bin\/magento inde:rein"} [] []
[2026-07-17T19:56:03.502951+00:00] main.INFO: {"feed":"stores","operation":"full reindex(legacy)","status":"Batch table `stores_data_exporter_index_batches` created. Total Items: 5, batches: ~0","elapsed":"00:00:01 730 ms","pid":"2433710","caller":"bin\/magento inde:rein"} [] []
[2026-07-17T19:56:03.503264+00:00] main.INFO: {"feed":"stores","operation":"full reindex(legacy)","status":"start processing `5` items in `1` threads with `100` batch size","elapsed":"00:00:01 730 ms","pid":"2433710","caller":"bin\/magento inde:rein"} [] []
[2026-07-17T19:56:03.541277+00:00] main.INFO: {"feed":"stores","operation":"full reindex(legacy)","status":"Progress 1\/1, processed 5, synced 5","elapsed":"00:00:01 768 ms","pid":"2433710","caller":"bin\/magento inde:rein"} [] []
[2026-07-17T19:56:03.551417+00:00] main.INFO: {"feed":"stores","operation":"full reindex(legacy)","status":"Complete","elapsed":"00:00:01 778 ms","pid":"2433710","caller":"bin\/magento inde:rein"} [] []
[2026-07-17T20:24:04.102819+00:00] main.INFO: {"feed":"salesOrders","operation":"full reindex(legacy)","status":"Initialize","elapsed":"00:00:00 880 ms","pid":"2561880","caller":"bin\/magento inde:rein"} [] []
[2026-07-17T20:24:04.598743+00:00] main.INFO: {"feed":"salesOrders","operation":"full reindex(legacy)","status":"Creating batch table `sales_data_exporter_orders_index_batches`. Start position: 0","elapsed":"00:00:01 375 ms","pid":"2561880","caller":"bin\/magento inde:rein"} [] []
[2026-07-17T20:24:04.946500+00:00] main.INFO: {"feed":"salesOrders","operation":"full reindex(legacy)","status":"Batch table `sales_data_exporter_orders_index_batches` created. Total Items: 4, batches: ~0","elapsed":"00:00:01 723 ms","pid":"2561880","caller":"bin\/magento inde:rein"} [] []
[2026-07-17T20:24:04.946816+00:00] main.INFO: {"feed":"salesOrders","operation":"full reindex(legacy)","status":"start processing `4` items in `1` threads with `100` batch size","elapsed":"00:00:01 724 ms","pid":"2561880","caller":"bin\/magento inde:rein"} [] []
[2026-07-17T20:24:04.987501+00:00] main.INFO: {"feed":"salesOrders","operation":"full reindex(legacy)","status":"Progress 1\/1, processed 4, synced 0","elapsed":"00:00:01 764 ms","pid":"2561880","caller":"bin\/magento inde:rein"} [] []
[2026-07-17T20:24:05.036203+00:00] main.INFO: {"feed":"salesOrders","operation":"full reindex(legacy)","status":"Complete","elapsed":"00:00:01 813 ms","pid":"2561880","caller":"bin\/magento inde:rein"} [] []
[2026-07-17T20:24:05.208777+00:00] main.INFO: {"feed":"salesOrderStatuses","operation":"full reindex(legacy)","status":"Initialize","elapsed":"92 ms","pid":"2561880","caller":"bin\/magento inde:rein"} [] []
[2026-07-17T20:24:05.945034+00:00] main.INFO: {"feed":"salesOrderStatuses","operation":"full reindex(legacy)","status":"Creating batch table `sales_data_exporter_order_statuses_index_batches`. Start position: ","elapsed":"828 ms","pid":"2561880","caller":"bin\/magento inde:rein"} [] []
[2026-07-17T20:24:06.274929+00:00] main.INFO: {"feed":"salesOrderStatuses","operation":"full reindex(legacy)","status":"Batch table `sales_data_exporter_order_statuses_index_batches` created. Total Items: 14, batches: ~0","elapsed":"00:00:01 158 ms","pid":"2561880","caller":"bin\/magento inde:rein"} [] []
[2026-07-17T20:24:06.275295+00:00] main.INFO: {"feed":"salesOrderStatuses","operation":"full reindex(legacy)","status":"start processing `14` items in `1` threads with `100` batch size","elapsed":"00:00:01 158 ms","pid":"2561880","caller":"bin\/magento inde:rein"} [] []
[2026-07-17T20:24:06.326838+00:00] main.INFO: {"feed":"salesOrderStatuses","operation":"full reindex(legacy)","status":"Progress 1\/1, processed 14, synced 14","elapsed":"00:00:01 210 ms","pid":"2561880","caller":"bin\/magento inde:rein"} [] []
[2026-07-17T20:24:06.350441+00:00] main.INFO: {"feed":"salesOrderStatuses","operation":"full reindex(legacy)","status":"Complete","elapsed":"00:00:01 233 ms","pid":"2561880","caller":"bin\/magento inde:rein"} [] []
[2026-07-17T20:24:06.440347+00:00] main.INFO: {"feed":"stores","operation":"full reindex(legacy)","status":"Initialize","elapsed":"555 ms","pid":"2561880","caller":"bin\/magento inde:rein"} [] []
[2026-07-17T20:24:07.038461+00:00] main.INFO: {"feed":"stores","operation":"full reindex(legacy)","status":"Creating batch table `stores_data_exporter_index_batches`. Start position: 0","elapsed":"00:00:00 153 ms","pid":"2561880","caller":"bin\/magento inde:rein"} [] []
[2026-07-17T20:24:07.379832+00:00] main.INFO: {"feed":"stores","operation":"full reindex(legacy)","status":"Batch table `stores_data_exporter_index_batches` created. Total Items: 5, batches: ~0","elapsed":"00:00:01 494 ms","pid":"2561880","caller":"bin\/magento inde:rein"} [] []
[2026-07-17T20:24:07.380144+00:00] main.INFO: {"feed":"stores","operation":"full reindex(legacy)","status":"start processing `5` items in `1` threads with `100` batch size","elapsed":"00:00:01 494 ms","pid":"2561880","caller":"bin\/magento inde:rein"} [] []
[2026-07-17T20:24:07.420021+00:00] main.INFO: {"feed":"stores","operation":"full reindex(legacy)","status":"Progress 1\/1, processed 5, synced 5","elapsed":"00:00:01 534 ms","pid":"2561880","caller":"bin\/magento inde:rein"} [] []
[2026-07-17T20:24:07.429833+00:00] main.INFO: {"feed":"stores","operation":"full reindex(legacy)","status":"Complete","elapsed":"00:00:01 544 ms","pid":"2561880","caller":"bin\/magento inde:rein"} [] []
[2026-07-17T20:26:16.395747+00:00] main.INFO: {"feed":"salesOrders","operation":"full reindex(legacy)","status":"Initialize","elapsed":"465 ms","pid":"2570429","caller":"bin\/magento inde:rein"} [] []
[2026-07-17T20:26:16.959772+00:00] main.INFO: {"feed":"salesOrders","operation":"full reindex(legacy)","status":"Creating batch table `sales_data_exporter_orders_index_batches`. Start position: 0","elapsed":"00:00:00 29 ms","pid":"2570429","caller":"bin\/magento inde:rein"} [] []
[2026-07-17T20:26:17.360432+00:00] main.INFO: {"feed":"salesOrders","operation":"full reindex(legacy)","status":"Batch table `sales_data_exporter_orders_index_batches` created. Total Items: 4, batches: ~0","elapsed":"00:00:01 430 ms","pid":"2570429","caller":"bin\/magento inde:rein"} [] []
[2026-07-17T20:26:17.361195+00:00] main.INFO: {"feed":"salesOrders","operation":"full reindex(legacy)","status":"start processing `4` items in `1` threads with `100` batch size","elapsed":"00:00:01 431 ms","pid":"2570429","caller":"bin\/magento inde:rein"} [] []
[2026-07-17T20:26:17.422925+00:00] main.INFO: {"feed":"salesOrders","operation":"full reindex(legacy)","status":"Progress 1\/1, processed 4, synced 0","elapsed":"00:00:01 493 ms","pid":"2570429","caller":"bin\/magento inde:rein"} [] []
[2026-07-17T20:26:17.450482+00:00] main.INFO: {"feed":"salesOrders","operation":"full reindex(legacy)","status":"Complete","elapsed":"00:00:01 520 ms","pid":"2570429","caller":"bin\/magento inde:rein"} [] []
[2026-07-17T20:26:17.599176+00:00] main.INFO: {"feed":"salesOrderStatuses","operation":"full reindex(legacy)","status":"Initialize","elapsed":"872 ms","pid":"2570429","caller":"bin\/magento inde:rein"} [] []
[2026-07-17T20:26:18.807141+00:00] main.INFO: {"feed":"salesOrderStatuses","operation":"full reindex(legacy)","status":"Creating batch table `sales_data_exporter_order_statuses_index_batches`. Start position: ","elapsed":"00:00:01 80 ms","pid":"2570429","caller":"bin\/magento inde:rein"} [] []
[2026-07-17T20:26:19.091271+00:00] main.INFO: {"feed":"salesOrderStatuses","operation":"full reindex(legacy)","status":"Batch table `sales_data_exporter_order_statuses_index_batches` created. Total Items: 14, batches: ~0","elapsed":"00:00:01 364 ms","pid":"2570429","caller":"bin\/magento inde:rein"} [] []
[2026-07-17T20:26:19.091988+00:00] main.INFO: {"feed":"salesOrderStatuses","operation":"full reindex(legacy)","status":"start processing `14` items in `1` threads with `100` batch size","elapsed":"00:00:01 365 ms","pid":"2570429","caller":"bin\/magento inde:rein"} [] []
[2026-07-17T20:26:19.120576+00:00] main.INFO: {"feed":"salesOrderStatuses","operation":"full reindex(legacy)","status":"Progress 1\/1, processed 14, synced 14","elapsed":"00:00:01 394 ms","pid":"2570429","caller":"bin\/magento inde:rein"} [] []
[2026-07-17T20:26:19.135977+00:00] main.INFO: {"feed":"salesOrderStatuses","operation":"full reindex(legacy)","status":"Complete","elapsed":"00:00:01 409 ms","pid":"2570429","caller":"bin\/magento inde:rein"} [] []
[2026-07-17T20:26:19.208526+00:00] main.INFO: {"feed":"stores","operation":"full reindex(legacy)","status":"Initialize","elapsed":"91 ms","pid":"2570429","caller":"bin\/magento inde:rein"} [] []
[2026-07-17T20:26:20.028238+00:00] main.INFO: {"feed":"stores","operation":"full reindex(legacy)","status":"Creating batch table `stores_data_exporter_index_batches`. Start position: 0","elapsed":"911 ms","pid":"2570429","caller":"bin\/magento inde:rein"} [] []
[2026-07-17T20:26:20.349454+00:00] main.INFO: {"feed":"stores","operation":"full reindex(legacy)","status":"Batch table `stores_data_exporter_index_batches` created. Total Items: 5, batches: ~0","elapsed":"00:00:01 232 ms","pid":"2570429","caller":"bin\/magento inde:rein"} [] []
[2026-07-17T20:26:20.349685+00:00] main.INFO: {"feed":"stores","operation":"full reindex(legacy)","status":"start processing `5` items in `1` threads with `100` batch size","elapsed":"00:00:01 232 ms","pid":"2570429","caller":"bin\/magento inde:rein"} [] []
[2026-07-17T20:26:20.396894+00:00] main.INFO: {"feed":"stores","operation":"full reindex(legacy)","status":"Progress 1\/1, processed 5, synced 5","elapsed":"00:00:01 279 ms","pid":"2570429","caller":"bin\/magento inde:rein"} [] []
[2026-07-17T20:26:20.413076+00:00] main.INFO: {"feed":"stores","operation":"full reindex(legacy)","status":"Complete","elapsed":"00:00:01 296 ms","pid":"2570429","caller":"bin\/magento inde:rein"} [] []
[2026-07-17T20:36:49.605733+00:00] main.INFO: {"feed":"salesOrders","operation":"full reindex(legacy)","status":"Initialize","elapsed":"885 ms","pid":"2621836","caller":"bin\/magento inde:rein"} [] []
[2026-07-17T20:36:50.167856+00:00] main.INFO: {"feed":"salesOrders","operation":"full reindex(legacy)","status":"Creating batch table `sales_data_exporter_orders_index_batches`. Start position: 0","elapsed":"00:00:01 448 ms","pid":"2621836","caller":"bin\/magento inde:rein"} [] []
[2026-07-17T20:36:50.359251+00:00] main.INFO: {"feed":"salesOrders","operation":"full reindex(legacy)","status":"Batch table `sales_data_exporter_orders_index_batches` created. Total Items: 4, batches: ~0","elapsed":"00:00:01 639 ms","pid":"2621836","caller":"bin\/magento inde:rein"} [] []
[2026-07-17T20:36:50.359568+00:00] main.INFO: {"feed":"salesOrders","operation":"full reindex(legacy)","status":"start processing `4` items in `1` threads with `100` batch size","elapsed":"00:00:01 639 ms","pid":"2621836","caller":"bin\/magento inde:rein"} [] []
[2026-07-17T20:36:50.378270+00:00] main.INFO: {"feed":"salesOrders","operation":"full reindex(legacy)","status":"Progress 1\/1, processed 4, synced 0","elapsed":"00:00:01 658 ms","pid":"2621836","caller":"bin\/magento inde:rein"} [] []
[2026-07-17T20:36:50.387937+00:00] main.INFO: {"feed":"salesOrders","operation":"full reindex(legacy)","status":"Complete","elapsed":"00:00:01 668 ms","pid":"2621836","caller":"bin\/magento inde:rein"} [] []
[2026-07-17T20:36:50.504239+00:00] main.INFO: {"feed":"salesOrderStatuses","operation":"full reindex(legacy)","status":"Initialize","elapsed":"682 ms","pid":"2621836","caller":"bin\/magento inde:rein"} [] []
[2026-07-17T20:36:50.886317+00:00] main.INFO: {"feed":"salesOrderStatuses","operation":"full reindex(legacy)","status":"Creating batch table `sales_data_exporter_order_statuses_index_batches`. Start position: ","elapsed":"00:00:00 64 ms","pid":"2621836","caller":"bin\/magento inde:rein"} [] []
[2026-07-17T20:36:51.121777+00:00] main.INFO: {"feed":"salesOrderStatuses","operation":"full reindex(legacy)","status":"Batch table `sales_data_exporter_order_statuses_index_batches` created. Total Items: 14, batches: ~0","elapsed":"00:00:00 300 ms","pid":"2621836","caller":"bin\/magento inde:rein"} [] []
[2026-07-17T20:36:51.122109+00:00] main.INFO: {"feed":"salesOrderStatuses","operation":"full reindex(legacy)","status":"start processing `14` items in `1` threads with `100` batch size","elapsed":"00:00:00 300 ms","pid":"2621836","caller":"bin\/magento inde:rein"} [] []
[2026-07-17T20:36:51.151691+00:00] main.INFO: {"feed":"salesOrderStatuses","operation":"full reindex(legacy)","status":"Progress 1\/1, processed 14, synced 14","elapsed":"00:00:00 330 ms","pid":"2621836","caller":"bin\/magento inde:rein"} [] []
[2026-07-17T20:36:51.166722+00:00] main.INFO: {"feed":"salesOrderStatuses","operation":"full reindex(legacy)","status":"Complete","elapsed":"00:00:01 345 ms","pid":"2621836","caller":"bin\/magento inde:rein"} [] []
[2026-07-17T20:36:51.223848+00:00] main.INFO: {"feed":"stores","operation":"full reindex(legacy)","status":"Initialize","elapsed":"122 ms","pid":"2621836","caller":"bin\/magento inde:rein"} [] []
[2026-07-17T20:36:51.536181+00:00] main.INFO: {"feed":"stores","operation":"full reindex(legacy)","status":"Creating batch table `stores_data_exporter_index_batches`. Start position: 0","elapsed":"434 ms","pid":"2621836","caller":"bin\/magento inde:rein"} [] []
[2026-07-17T20:36:51.745878+00:00] main.INFO: {"feed":"stores","operation":"full reindex(legacy)","status":"Batch table `stores_data_exporter_index_batches` created. Total Items: 5, batches: ~0","elapsed":"644 ms","pid":"2621836","caller":"bin\/magento inde:rein"} [] []
[2026-07-17T20:36:51.746198+00:00] main.INFO: {"feed":"stores","operation":"full reindex(legacy)","status":"start processing `5` items in `1` threads with `100` batch size","elapsed":"644 ms","pid":"2621836","caller":"bin\/magento inde:rein"} [] []
[2026-07-17T20:36:51.786876+00:00] main.INFO: {"feed":"stores","operation":"full reindex(legacy)","status":"Progress 1\/1, processed 5, synced 5","elapsed":"685 ms","pid":"2621836","caller":"bin\/magento inde:rein"} [] []
[2026-07-17T20:36:51.819458+00:00] main.INFO: {"feed":"stores","operation":"full reindex(legacy)","status":"Complete","elapsed":"717 ms","pid":"2621836","caller":"bin\/magento inde:rein"} [] []
[2026-07-17T20:45:19.745742+00:00] main.INFO: {"feed":"salesOrders","operation":"full reindex(legacy)","status":"Initialize","elapsed":"00:00:00 165 ms","pid":"2662922","caller":"bin\/magento inde:rein"} [] []
[2026-07-17T20:45:20.296812+00:00] main.INFO: {"feed":"salesOrders","operation":"full reindex(legacy)","status":"Creating batch table `sales_data_exporter_orders_index_batches`. Start position: 0","elapsed":"00:00:01 716 ms","pid":"2662922","caller":"bin\/magento inde:rein"} [] []
[2026-07-17T20:45:20.584144+00:00] main.INFO: {"feed":"salesOrders","operation":"full reindex(legacy)","status":"Batch table `sales_data_exporter_orders_index_batches` created. Total Items: 4, batches: ~0","elapsed":"00:00:01 4 ms","pid":"2662922","caller":"bin\/magento inde:rein"} [] []
[2026-07-17T20:45:20.584420+00:00] main.INFO: {"feed":"salesOrders","operation":"full reindex(legacy)","status":"start processing `4` items in `1` threads with `100` batch size","elapsed":"00:00:01 4 ms","pid":"2662922","caller":"bin\/magento inde:rein"} [] []
[2026-07-17T20:45:20.623615+00:00] main.INFO: {"feed":"salesOrders","operation":"full reindex(legacy)","status":"Progress 1\/1, processed 4, synced 0","elapsed":"00:00:01 43 ms","pid":"2662922","caller":"bin\/magento inde:rein"} [] []
[2026-07-17T20:45:20.644627+00:00] main.INFO: {"feed":"salesOrders","operation":"full reindex(legacy)","status":"Complete","elapsed":"00:00:01 64 ms","pid":"2662922","caller":"bin\/magento inde:rein"} [] []
[2026-07-17T20:45:20.756099+00:00] main.INFO: {"feed":"salesOrderStatuses","operation":"full reindex(legacy)","status":"Initialize","elapsed":"00:00:00 186 ms","pid":"2662922","caller":"bin\/magento inde:rein"} [] []
[2026-07-17T20:45:21.434348+00:00] main.INFO: {"feed":"salesOrderStatuses","operation":"full reindex(legacy)","status":"Creating batch table `sales_data_exporter_order_statuses_index_batches`. Start position: ","elapsed":"00:00:01 864 ms","pid":"2662922","caller":"bin\/magento inde:rein"} [] []
[2026-07-17T20:45:21.860382+00:00] main.INFO: {"feed":"salesOrderStatuses","operation":"full reindex(legacy)","status":"Batch table `sales_data_exporter_order_statuses_index_batches` created. Total Items: 14, batches: ~0","elapsed":"00:00:01 290 ms","pid":"2662922","caller":"bin\/magento inde:rein"} [] []
[2026-07-17T20:45:21.861462+00:00] main.INFO: {"feed":"salesOrderStatuses","operation":"full reindex(legacy)","status":"start processing `14` items in `1` threads with `100` batch size","elapsed":"00:00:01 291 ms","pid":"2662922","caller":"bin\/magento inde:rein"} [] []
[2026-07-17T20:45:21.908324+00:00] main.INFO: {"feed":"salesOrderStatuses","operation":"full reindex(legacy)","status":"Progress 1\/1, processed 14, synced 14","elapsed":"00:00:01 338 ms","pid":"2662922","caller":"bin\/magento inde:rein"} [] []
[2026-07-17T20:45:21.924639+00:00] main.INFO: {"feed":"salesOrderStatuses","operation":"full reindex(legacy)","status":"Complete","elapsed":"00:00:01 355 ms","pid":"2662922","caller":"bin\/magento inde:rein"} [] []
[2026-07-17T20:45:21.987759+00:00] main.INFO: {"feed":"stores","operation":"full reindex(legacy)","status":"Initialize","elapsed":"00:00:00 649 ms","pid":"2662922","caller":"bin\/magento inde:rein"} [] []
[2026-07-17T20:45:22.398480+00:00] main.INFO: {"feed":"stores","operation":"full reindex(legacy)","status":"Creating batch table `stores_data_exporter_index_batches`. Start position: 0","elapsed":"00:00:01 60 ms","pid":"2662922","caller":"bin\/magento inde:rein"} [] []
[2026-07-17T20:45:22.745904+00:00] main.INFO: {"feed":"stores","operation":"full reindex(legacy)","status":"Batch table `stores_data_exporter_index_batches` created. Total Items: 5, batches: ~0","elapsed":"00:00:01 408 ms","pid":"2662922","caller":"bin\/magento inde:rein"} [] []
[2026-07-17T20:45:22.746474+00:00] main.INFO: {"feed":"stores","operation":"full reindex(legacy)","status":"start processing `5` items in `1` threads with `100` batch size","elapsed":"00:00:01 408 ms","pid":"2662922","caller":"bin\/magento inde:rein"} [] []
[2026-07-17T20:45:22.802443+00:00] main.INFO: {"feed":"stores","operation":"full reindex(legacy)","status":"Progress 1\/1, processed 5, synced 5","elapsed":"00:00:01 464 ms","pid":"2662922","caller":"bin\/magento inde:rein"} [] []
[2026-07-17T20:45:22.825675+00:00] main.INFO: {"feed":"stores","operation":"full reindex(legacy)","status":"Complete","elapsed":"00:00:01 487 ms","pid":"2662922","caller":"bin\/magento inde:rein"} [] []
[2026-07-18T18:20:30.653016+00:00] main.INFO: {"feed":"salesOrders","operation":"full reindex(legacy)","status":"Initialize","elapsed":"00:00:00 194 ms","pid":"631712","caller":"bin\/magento inde:Rein"} [] []
[2026-07-18T18:20:31.332106+00:00] main.INFO: {"feed":"salesOrders","operation":"full reindex(legacy)","status":"Creating batch table `sales_data_exporter_orders_index_batches`. Start position: 0","elapsed":"00:00:01 873 ms","pid":"631712","caller":"bin\/magento inde:Rein"} [] []
[2026-07-18T18:20:31.764568+00:00] main.INFO: {"feed":"salesOrders","operation":"full reindex(legacy)","status":"Batch table `sales_data_exporter_orders_index_batches` created. Total Items: 4, batches: ~0","elapsed":"00:00:01 305 ms","pid":"631712","caller":"bin\/magento inde:Rein"} [] []
[2026-07-18T18:20:31.765472+00:00] main.INFO: {"feed":"salesOrders","operation":"full reindex(legacy)","status":"start processing `4` items in `1` threads with `100` batch size","elapsed":"00:00:01 306 ms","pid":"631712","caller":"bin\/magento inde:Rein"} [] []
[2026-07-18T18:20:31.927199+00:00] main.INFO: {"feed":"salesOrders","operation":"full reindex(legacy)","status":"Progress 1\/1, processed 4, synced 0","elapsed":"00:00:01 468 ms","pid":"631712","caller":"bin\/magento inde:Rein"} [] []
[2026-07-18T18:20:31.958376+00:00] main.INFO: {"feed":"salesOrders","operation":"full reindex(legacy)","status":"Complete","elapsed":"00:00:01 499 ms","pid":"631712","caller":"bin\/magento inde:Rein"} [] []
[2026-07-18T18:20:32.122767+00:00] main.INFO: {"feed":"salesOrderStatuses","operation":"full reindex(legacy)","status":"Initialize","elapsed":"133 ms","pid":"631712","caller":"bin\/magento inde:Rein"} [] []
[2026-07-18T18:20:32.722799+00:00] main.INFO: {"feed":"salesOrderStatuses","operation":"full reindex(legacy)","status":"Creating batch table `sales_data_exporter_order_statuses_index_batches`. Start position: ","elapsed":"734 ms","pid":"631712","caller":"bin\/magento inde:Rein"} [] []
[2026-07-18T18:20:33.103730+00:00] main.INFO: {"feed":"salesOrderStatuses","operation":"full reindex(legacy)","status":"Batch table `sales_data_exporter_order_statuses_index_batches` created. Total Items: 14, batches: ~0","elapsed":"00:00:01 114 ms","pid":"631712","caller":"bin\/magento inde:Rein"} [] []
[2026-07-18T18:20:33.104439+00:00] main.INFO: {"feed":"salesOrderStatuses","operation":"full reindex(legacy)","status":"start processing `14` items in `1` threads with `100` batch size","elapsed":"00:00:01 115 ms","pid":"631712","caller":"bin\/magento inde:Rein"} [] []
[2026-07-18T18:20:33.161666+00:00] main.INFO: {"feed":"salesOrderStatuses","operation":"full reindex(legacy)","status":"Progress 1\/1, processed 14, synced 14","elapsed":"00:00:01 172 ms","pid":"631712","caller":"bin\/magento inde:Rein"} [] []
[2026-07-18T18:20:33.188196+00:00] main.INFO: {"feed":"salesOrderStatuses","operation":"full reindex(legacy)","status":"Complete","elapsed":"00:00:01 199 ms","pid":"631712","caller":"bin\/magento inde:Rein"} [] []
[2026-07-18T18:20:33.296580+00:00] main.INFO: {"feed":"stores","operation":"full reindex(legacy)","status":"Initialize","elapsed":"481 ms","pid":"631712","caller":"bin\/magento inde:Rein"} [] []
[2026-07-18T18:20:34.025631+00:00] main.INFO: {"feed":"stores","operation":"full reindex(legacy)","status":"Creating batch table `stores_data_exporter_index_batches`. Start position: 0","elapsed":"00:00:00 210 ms","pid":"631712","caller":"bin\/magento inde:Rein"} [] []
[2026-07-18T18:20:34.363262+00:00] main.INFO: {"feed":"stores","operation":"full reindex(legacy)","status":"Batch table `stores_data_exporter_index_batches` created. Total Items: 5, batches: ~0","elapsed":"00:00:01 548 ms","pid":"631712","caller":"bin\/magento inde:Rein"} [] []
[2026-07-18T18:20:34.365438+00:00] main.INFO: {"feed":"stores","operation":"full reindex(legacy)","status":"start processing `5` items in `1` threads with `100` batch size","elapsed":"00:00:01 550 ms","pid":"631712","caller":"bin\/magento inde:Rein"} [] []
[2026-07-18T18:20:34.465266+00:00] main.INFO: {"feed":"stores","operation":"full reindex(legacy)","status":"Progress 1\/1, processed 5, synced 5","elapsed":"00:00:01 650 ms","pid":"631712","caller":"bin\/magento inde:Rein"} [] []
[2026-07-18T18:20:34.497506+00:00] main.INFO: {"feed":"stores","operation":"full reindex(legacy)","status":"Complete","elapsed":"00:00:01 682 ms","pid":"631712","caller":"bin\/magento inde:Rein"} [] []
[2026-07-18T18:46:42.276715+00:00] main.INFO: {"feed":"salesOrders","operation":"full reindex(legacy)","status":"Initialize","elapsed":"442 ms","pid":"759153","caller":"bin\/magento inde:Rein"} [] []
[2026-07-18T18:46:42.906442+00:00] main.INFO: {"feed":"salesOrders","operation":"full reindex(legacy)","status":"Creating batch table `sales_data_exporter_orders_index_batches`. Start position: 0","elapsed":"00:00:00 71 ms","pid":"759153","caller":"bin\/magento inde:Rein"} [] []
[2026-07-18T18:46:43.217033+00:00] main.INFO: {"feed":"salesOrders","operation":"full reindex(legacy)","status":"Batch table `sales_data_exporter_orders_index_batches` created. Total Items: 4, batches: ~0","elapsed":"00:00:01 382 ms","pid":"759153","caller":"bin\/magento inde:Rein"} [] []
[2026-07-18T18:46:43.217711+00:00] main.INFO: {"feed":"salesOrders","operation":"full reindex(legacy)","status":"start processing `4` items in `1` threads with `100` batch size","elapsed":"00:00:01 382 ms","pid":"759153","caller":"bin\/magento inde:Rein"} [] []
[2026-07-18T18:46:43.267211+00:00] main.INFO: {"feed":"salesOrders","operation":"full reindex(legacy)","status":"Progress 1\/1, processed 4, synced 0","elapsed":"00:00:01 432 ms","pid":"759153","caller":"bin\/magento inde:Rein"} [] []
[2026-07-18T18:46:43.289376+00:00] main.INFO: {"feed":"salesOrders","operation":"full reindex(legacy)","status":"Complete","elapsed":"00:00:01 454 ms","pid":"759153","caller":"bin\/magento inde:Rein"} [] []
[2026-07-18T18:46:43.368186+00:00] main.INFO: {"feed":"salesOrderStatuses","operation":"full reindex(legacy)","status":"Initialize","elapsed":"624 ms","pid":"759153","caller":"bin\/magento inde:Rein"} [] []
[2026-07-18T18:46:43.846004+00:00] main.INFO: {"feed":"salesOrderStatuses","operation":"full reindex(legacy)","status":"Creating batch table `sales_data_exporter_order_statuses_index_batches`. Start position: ","elapsed":"00:00:00 102 ms","pid":"759153","caller":"bin\/magento inde:Rein"} [] []
[2026-07-18T18:46:44.387644+00:00] main.INFO: {"feed":"salesOrderStatuses","operation":"full reindex(legacy)","status":"Batch table `sales_data_exporter_order_statuses_index_batches` created. Total Items: 14, batches: ~0","elapsed":"00:00:01 644 ms","pid":"759153","caller":"bin\/magento inde:Rein"} [] []
[2026-07-18T18:46:44.387850+00:00] main.INFO: {"feed":"salesOrderStatuses","operation":"full reindex(legacy)","status":"start processing `14` items in `1` threads with `100` batch size","elapsed":"00:00:01 644 ms","pid":"759153","caller":"bin\/magento inde:Rein"} [] []
[2026-07-18T18:46:44.452945+00:00] main.INFO: {"feed":"salesOrderStatuses","operation":"full reindex(legacy)","status":"Progress 1\/1, processed 14, synced 14","elapsed":"00:00:01 709 ms","pid":"759153","caller":"bin\/magento inde:Rein"} [] []
[2026-07-18T18:46:44.466524+00:00] main.INFO: {"feed":"salesOrderStatuses","operation":"full reindex(legacy)","status":"Complete","elapsed":"00:00:01 723 ms","pid":"759153","caller":"bin\/magento inde:Rein"} [] []
[2026-07-18T18:46:44.618643+00:00] main.INFO: {"feed":"stores","operation":"full reindex(legacy)","status":"Initialize","elapsed":"00:00:00 125 ms","pid":"759153","caller":"bin\/magento inde:Rein"} [] []
[2026-07-18T18:46:45.162883+00:00] main.INFO: {"feed":"stores","operation":"full reindex(legacy)","status":"Creating batch table `stores_data_exporter_index_batches`. Start position: 0","elapsed":"00:00:01 670 ms","pid":"759153","caller":"bin\/magento inde:Rein"} [] []
[2026-07-18T18:46:45.771268+00:00] main.INFO: {"feed":"stores","operation":"full reindex(legacy)","status":"Batch table `stores_data_exporter_index_batches` created. Total Items: 5, batches: ~0","elapsed":"00:00:01 278 ms","pid":"759153","caller":"bin\/magento inde:Rein"} [] []
[2026-07-18T18:46:45.772022+00:00] main.INFO: {"feed":"stores","operation":"full reindex(legacy)","status":"start processing `5` items in `1` threads with `100` batch size","elapsed":"00:00:01 279 ms","pid":"759153","caller":"bin\/magento inde:Rein"} [] []
[2026-07-18T18:46:45.821182+00:00] main.INFO: {"feed":"stores","operation":"full reindex(legacy)","status":"Progress 1\/1, processed 5, synced 5","elapsed":"00:00:01 328 ms","pid":"759153","caller":"bin\/magento inde:Rein"} [] []
[2026-07-18T18:46:45.863736+00:00] main.INFO: {"feed":"stores","operation":"full reindex(legacy)","status":"Complete","elapsed":"00:00:01 370 ms","pid":"759153","caller":"bin\/magento inde:Rein"} [] []
[2026-07-18T19:43:57.436440+00:00] main.INFO: {"feed":"salesOrders","operation":"full reindex(legacy)","status":"Initialize","elapsed":"761 ms","pid":"1047043","caller":"bin\/magento inde:Rein"} [] []
[2026-07-18T19:43:57.907822+00:00] main.INFO: {"feed":"salesOrders","operation":"full reindex(legacy)","status":"Creating batch table `sales_data_exporter_orders_index_batches`. Start position: 0","elapsed":"00:00:00 232 ms","pid":"1047043","caller":"bin\/magento inde:Rein"} [] []
[2026-07-18T19:43:58.147349+00:00] main.INFO: {"feed":"salesOrders","operation":"full reindex(legacy)","status":"Batch table `sales_data_exporter_orders_index_batches` created. Total Items: 4, batches: ~0","elapsed":"00:00:01 472 ms","pid":"1047043","caller":"bin\/magento inde:Rein"} [] []
[2026-07-18T19:43:58.147626+00:00] main.INFO: {"feed":"salesOrders","operation":"full reindex(legacy)","status":"start processing `4` items in `1` threads with `100` batch size","elapsed":"00:00:01 472 ms","pid":"1047043","caller":"bin\/magento inde:Rein"} [] []
[2026-07-18T19:43:58.184419+00:00] main.INFO: {"feed":"salesOrders","operation":"full reindex(legacy)","status":"Progress 1\/1, processed 4, synced 0","elapsed":"00:00:01 509 ms","pid":"1047043","caller":"bin\/magento inde:Rein"} [] []
[2026-07-18T19:43:58.204329+00:00] main.INFO: {"feed":"salesOrders","operation":"full reindex(legacy)","status":"Complete","elapsed":"00:00:01 529 ms","pid":"1047043","caller":"bin\/magento inde:Rein"} [] []
[2026-07-18T19:43:58.278828+00:00] main.INFO: {"feed":"salesOrderStatuses","operation":"full reindex(legacy)","status":"Initialize","elapsed":"446 ms","pid":"1047043","caller":"bin\/magento inde:Rein"} [] []
[2026-07-18T19:43:58.824276+00:00] main.INFO: {"feed":"salesOrderStatuses","operation":"full reindex(legacy)","status":"Creating batch table `sales_data_exporter_order_statuses_index_batches`. Start position: ","elapsed":"991 ms","pid":"1047043","caller":"bin\/magento inde:Rein"} [] []
[2026-07-18T19:43:59.111599+00:00] main.INFO: {"feed":"salesOrderStatuses","operation":"full reindex(legacy)","status":"Batch table `sales_data_exporter_order_statuses_index_batches` created. Total Items: 14, batches: ~0","elapsed":"00:00:01 278 ms","pid":"1047043","caller":"bin\/magento inde:Rein"} [] []
[2026-07-18T19:43:59.112190+00:00] main.INFO: {"feed":"salesOrderStatuses","operation":"full reindex(legacy)","status":"start processing `14` items in `1` threads with `100` batch size","elapsed":"00:00:01 279 ms","pid":"1047043","caller":"bin\/magento inde:Rein"} [] []
[2026-07-18T19:43:59.151868+00:00] main.INFO: {"feed":"salesOrderStatuses","operation":"full reindex(legacy)","status":"Progress 1\/1, processed 14, synced 14","elapsed":"00:00:01 319 ms","pid":"1047043","caller":"bin\/magento inde:Rein"} [] []
[2026-07-18T19:43:59.163314+00:00] main.INFO: {"feed":"salesOrderStatuses","operation":"full reindex(legacy)","status":"Complete","elapsed":"00:00:01 330 ms","pid":"1047043","caller":"bin\/magento inde:Rein"} [] []
[2026-07-18T19:43:59.247295+00:00] main.INFO: {"feed":"stores","operation":"full reindex(legacy)","status":"Initialize","elapsed":"383 ms","pid":"1047043","caller":"bin\/magento inde:Rein"} [] []
[2026-07-18T19:43:59.822146+00:00] main.INFO: {"feed":"stores","operation":"full reindex(legacy)","status":"Creating batch table `stores_data_exporter_index_batches`. Start position: 0","elapsed":"957 ms","pid":"1047043","caller":"bin\/magento inde:Rein"} [] []
[2026-07-18T19:44:00.122564+00:00] main.INFO: {"feed":"stores","operation":"full reindex(legacy)","status":"Batch table `stores_data_exporter_index_batches` created. Total Items: 5, batches: ~0","elapsed":"00:00:01 258 ms","pid":"1047043","caller":"bin\/magento inde:Rein"} [] []
[2026-07-18T19:44:00.122882+00:00] main.INFO: {"feed":"stores","operation":"full reindex(legacy)","status":"start processing `5` items in `1` threads with `100` batch size","elapsed":"00:00:01 258 ms","pid":"1047043","caller":"bin\/magento inde:Rein"} [] []
[2026-07-18T19:44:00.155808+00:00] main.INFO: {"feed":"stores","operation":"full reindex(legacy)","status":"Progress 1\/1, processed 5, synced 5","elapsed":"00:00:01 291 ms","pid":"1047043","caller":"bin\/magento inde:Rein"} [] []
[2026-07-18T19:44:00.164030+00:00] main.INFO: {"feed":"stores","operation":"full reindex(legacy)","status":"Complete","elapsed":"00:00:01 299 ms","pid":"1047043","caller":"bin\/magento inde:Rein"} [] []
