[2026-07-17T05:17:03.426389+00:00] main.ERROR: Unable to resolve the source file for 'adminhtml/Magento/backend/en_US/underscore-umd.js.map' [] []
[2026-07-17T05:17:03.427274+00:00] main.CRITICAL: Unable to resolve the source file for 'adminhtml/Magento/backend/en_US/underscore-umd.js.map' [] []
[2026-07-17T05:17:03.432806+00:00] main.ERROR: Unable to resolve the source file for 'adminhtml/Magento/backend/en_US/Magento_PageBuilder/js/stage-builder.js.map' [] []
[2026-07-17T05:17:03.434416+00:00] main.CRITICAL: Unable to resolve the source file for 'adminhtml/Magento/backend/en_US/Magento_PageBuilder/js/stage-builder.js.map' [] []
[2026-07-17T05:17:03.453377+00:00] main.ERROR: Unable to resolve the source file for 'adminhtml/Magento/backend/en_US/Magento_PageBuilder/js/content-type-collection.js.map' [] []
[2026-07-17T05:17:03.453919+00:00] main.CRITICAL: Unable to resolve the source file for 'adminhtml/Magento/backend/en_US/Magento_PageBuilder/js/content-type-collection.js.map' [] []
[2026-07-17T05:17:03.457905+00:00] main.ERROR: Unable to resolve the source file for 'adminhtml/Magento/backend/en_US/Magento_PageBuilder/js/config.js.map' [] []
[2026-07-17T05:17:03.458313+00:00] main.CRITICAL: Unable to resolve the source file for 'adminhtml/Magento/backend/en_US/Magento_PageBuilder/js/config.js.map' [] []
[2026-07-17T05:17:03.464529+00:00] main.ERROR: Unable to resolve the source file for 'adminhtml/Magento/backend/en_US/Magento_PageBuilder/js/content-type-factory.js.map' [] []
[2026-07-17T05:17:03.467126+00:00] main.CRITICAL: Unable to resolve the source file for 'adminhtml/Magento/backend/en_US/Magento_PageBuilder/js/content-type-factory.js.map' [] []
[2026-07-17T05:17:03.515642+00:00] main.ERROR: Unable to resolve the source file for 'adminhtml/Magento/backend/en_US/Magento_PageBuilder/js/utils/object.js.map' [] []
[2026-07-17T05:17:03.516180+00:00] main.CRITICAL: Unable to resolve the source file for 'adminhtml/Magento/backend/en_US/Magento_PageBuilder/js/utils/object.js.map' [] []
[2026-07-17T05:17:03.521941+00:00] main.ERROR: Unable to resolve the source file for 'adminhtml/Magento/backend/en_US/Magento_PageBuilder/js/master-format/validator.js.map' [] []
[2026-07-17T05:17:03.522297+00:00] main.CRITICAL: Unable to resolve the source file for 'adminhtml/Magento/backend/en_US/Magento_PageBuilder/js/master-format/validator.js.map' [] []
[2026-07-17T05:17:03.526212+00:00] main.ERROR: Unable to resolve the source file for 'adminhtml/Magento/backend/en_US/Magento_PageBuilder/js/content-type/appearance-config.js.map' [] []
[2026-07-17T05:17:03.526867+00:00] main.CRITICAL: Unable to resolve the source file for 'adminhtml/Magento/backend/en_US/Magento_PageBuilder/js/content-type/appearance-config.js.map' [] []
[2026-07-17T05:17:03.528066+00:00] main.ERROR: Unable to resolve the source file for 'adminhtml/Magento/backend/en_US/Magento_PageBuilder/js/content-type/style-registry.js.map' [] []
[2026-07-17T05:17:03.530765+00:00] main.CRITICAL: Unable to resolve the source file for 'adminhtml/Magento/backend/en_US/Magento_PageBuilder/js/content-type/style-registry.js.map' [] []
[2026-07-17T05:17:03.545930+00:00] main.ERROR: Unable to resolve the source file for 'adminhtml/Magento/backend/en_US/Magento_PageBuilder/js/utils/directives.js.map' [] []
[2026-07-17T05:17:03.549975+00:00] main.ERROR: Unable to resolve the source file for 'adminhtml/Magento/backend/en_US/Magento_PageBuilder/js/utils/loader.js.map' [] []
[2026-07-17T05:17:03.546300+00:00] main.CRITICAL: Unable to resolve the source file for 'adminhtml/Magento/backend/en_US/Magento_PageBuilder/js/utils/directives.js.map' [] []
[2026-07-17T05:17:03.552919+00:00] main.CRITICAL: Unable to resolve the source file for 'adminhtml/Magento/backend/en_US/Magento_PageBuilder/js/utils/loader.js.map' [] []
[2026-07-17T05:17:03.591814+00:00] main.ERROR: Unable to resolve the source file for 'adminhtml/Magento/backend/en_US/Magento_PageBuilder/js/collection.js.map' [] []
[2026-07-17T05:17:03.592134+00:00] main.CRITICAL: Unable to resolve the source file for 'adminhtml/Magento/backend/en_US/Magento_PageBuilder/js/collection.js.map' [] []
[2026-07-17T05:17:03.598314+00:00] main.ERROR: Unable to resolve the source file for 'adminhtml/Magento/backend/en_US/Magento_PageBuilder/js/content-type/master-factory.js.map' [] []
[2026-07-17T05:17:03.601863+00:00] main.CRITICAL: Unable to resolve the source file for 'adminhtml/Magento/backend/en_US/Magento_PageBuilder/js/content-type/master-factory.js.map' [] []
[2026-07-17T05:17:03.609708+00:00] main.ERROR: Unable to resolve the source file for 'adminhtml/Magento/backend/en_US/Magento_PageBuilder/js/content-type.js.map' [] []
[2026-07-17T05:17:03.610754+00:00] main.CRITICAL: Unable to resolve the source file for 'adminhtml/Magento/backend/en_US/Magento_PageBuilder/js/content-type.js.map' [] []
[2026-07-17T05:17:03.658412+00:00] main.ERROR: Unable to resolve the source file for 'adminhtml/Magento/backend/en_US/Magento_PageBuilder/js/content-type/converter-resolver.js.map' [] []
[2026-07-17T05:17:03.658787+00:00] main.CRITICAL: Unable to resolve the source file for 'adminhtml/Magento/backend/en_US/Magento_PageBuilder/js/content-type/converter-resolver.js.map' [] []
[2026-07-17T05:17:03.661702+00:00] main.ERROR: Unable to resolve the source file for 'adminhtml/Magento/backend/en_US/Magento_PageBuilder/js/data-store.js.map' [] []
[2026-07-17T05:17:03.662020+00:00] main.CRITICAL: Unable to resolve the source file for 'adminhtml/Magento/backend/en_US/Magento_PageBuilder/js/data-store.js.map' [] []
[2026-07-17T05:17:03.678022+00:00] main.ERROR: Unable to resolve the source file for 'adminhtml/Magento/backend/en_US/Magento_PageBuilder/js/content-type/observable-updater-factory.js.map' [] []
[2026-07-17T05:17:03.678336+00:00] main.CRITICAL: Unable to resolve the source file for 'adminhtml/Magento/backend/en_US/Magento_PageBuilder/js/content-type/observable-updater-factory.js.map' [] []
[2026-07-17T05:17:03.679559+00:00] main.ERROR: Unable to resolve the source file for 'adminhtml/Magento/backend/en_US/Magento_PageBuilder/js/utils/array.js.map' [] []
[2026-07-17T05:17:03.679902+00:00] main.CRITICAL: Unable to resolve the source file for 'adminhtml/Magento/backend/en_US/Magento_PageBuilder/js/utils/array.js.map' [] []
[2026-07-17T05:17:03.684178+00:00] main.ERROR: Unable to resolve the source file for 'adminhtml/Magento/backend/en_US/Magento_PageBuilder/js/content-type/preview-factory.js.map' [] []
[2026-07-17T05:17:03.688707+00:00] main.CRITICAL: Unable to resolve the source file for 'adminhtml/Magento/backend/en_US/Magento_PageBuilder/js/content-type/preview-factory.js.map' [] []
[2026-07-17T05:17:03.702171+00:00] main.ERROR: Unable to resolve the source file for 'adminhtml/Magento/backend/en_US/Magento_PageBuilder/js/utils/string.js.map' [] []
[2026-07-17T05:17:03.702488+00:00] main.CRITICAL: Unable to resolve the source file for 'adminhtml/Magento/backend/en_US/Magento_PageBuilder/js/utils/string.js.map' [] []
[2026-07-17T05:17:03.705817+00:00] main.ERROR: Unable to resolve the source file for 'adminhtml/Magento/backend/en_US/Magento_PageBuilder/js/content-type/preview-converter-resolver.js.map' [] []
[2026-07-17T05:17:03.706327+00:00] main.CRITICAL: Unable to resolve the source file for 'adminhtml/Magento/backend/en_US/Magento_PageBuilder/js/content-type/preview-converter-resolver.js.map' [] []
[2026-07-17T05:17:03.711051+00:00] main.ERROR: Unable to resolve the source file for 'adminhtml/Magento/backend/en_US/Magento_PageBuilder/js/converter/converter-pool-factory.js.map' [] []
[2026-07-17T05:17:03.711382+00:00] main.CRITICAL: Unable to resolve the source file for 'adminhtml/Magento/backend/en_US/Magento_PageBuilder/js/converter/converter-pool-factory.js.map' [] []
[2026-07-17T05:17:03.730766+00:00] main.ERROR: Unable to resolve the source file for 'adminhtml/Magento/backend/en_US/Magento_PageBuilder/js/mass-converter/converter-pool-factory.js.map' [] []
[2026-07-17T05:17:03.731083+00:00] main.CRITICAL: Unable to resolve the source file for 'adminhtml/Magento/backend/en_US/Magento_PageBuilder/js/mass-converter/converter-pool-factory.js.map' [] []
[2026-07-17T05:17:03.750936+00:00] main.ERROR: Unable to resolve the source file for 'adminhtml/Magento/backend/en_US/Magento_PageBuilder/js/mass-converter/converter-pool.js.map' [] []
[2026-07-17T05:17:03.751304+00:00] main.CRITICAL: Unable to resolve the source file for 'adminhtml/Magento/backend/en_US/Magento_PageBuilder/js/mass-converter/converter-pool.js.map' [] []
[2026-07-17T05:17:03.752200+00:00] main.ERROR: Unable to resolve the source file for 'adminhtml/Magento/backend/en_US/Magento_PageBuilder/js/converter/converter-pool.js.map' [] []
[2026-07-17T05:17:03.752529+00:00] main.CRITICAL: Unable to resolve the source file for 'adminhtml/Magento/backend/en_US/Magento_PageBuilder/js/converter/converter-pool.js.map' [] []
[2026-07-17T05:17:03.755387+00:00] main.ERROR: Unable to resolve the source file for 'adminhtml/Magento/backend/en_US/Magento_PageBuilder/js/content-type/observable-updater.js.map' [] []
[2026-07-17T05:17:03.755673+00:00] main.CRITICAL: Unable to resolve the source file for 'adminhtml/Magento/backend/en_US/Magento_PageBuilder/js/content-type/observable-updater.js.map' [] []
[2026-07-17T05:17:03.764411+00:00] main.ERROR: Unable to resolve the source file for 'adminhtml/Magento/backend/en_US/Magento_PageBuilder/js/content-type/observable-updater/attributes.js.map' [] []
[2026-07-17T05:17:03.764899+00:00] main.CRITICAL: Unable to resolve the source file for 'adminhtml/Magento/backend/en_US/Magento_PageBuilder/js/content-type/observable-updater/attributes.js.map' [] []
[2026-07-17T05:17:03.782648+00:00] main.ERROR: Unable to resolve the source file for 'adminhtml/Magento/backend/en_US/Magento_PageBuilder/js/content-type/observable-updater/css.js.map' [] []
[2026-07-17T05:17:03.782984+00:00] main.CRITICAL: Unable to resolve the source file for 'adminhtml/Magento/backend/en_US/Magento_PageBuilder/js/content-type/observable-updater/css.js.map' [] []
[2026-07-17T05:17:03.783387+00:00] main.ERROR: Unable to resolve the source file for 'adminhtml/Magento/backend/en_US/Magento_PageBuilder/js/content-type/observable-updater/html.js.map' [] []
[2026-07-17T05:17:03.783725+00:00] main.CRITICAL: Unable to resolve the source file for 'adminhtml/Magento/backend/en_US/Magento_PageBuilder/js/content-type/observable-updater/html.js.map' [] []
[2026-07-17T05:17:03.795982+00:00] main.ERROR: Unable to resolve the source file for 'adminhtml/Magento/backend/en_US/Magento_PageBuilder/js/content-type/observable-updater/style.js.map' [] []
[2026-07-17T05:17:03.796238+00:00] main.CRITICAL: Unable to resolve the source file for 'adminhtml/Magento/backend/en_US/Magento_PageBuilder/js/content-type/observable-updater/style.js.map' [] []
[2026-07-17T05:17:03.802008+00:00] main.ERROR: Unable to resolve the source file for 'adminhtml/Magento/backend/en_US/Magento_PageBuilder/js/utils/editor.js.map' [] []
[2026-07-17T05:17:03.802306+00:00] main.CRITICAL: Unable to resolve the source file for 'adminhtml/Magento/backend/en_US/Magento_PageBuilder/js/utils/editor.js.map' [] []
[2026-07-17T05:17:16.973357+00:00] main.ERROR: Unable to resolve the source file for 'adminhtml/Magento/backend/en_US/underscore-umd.js.map' [] []
[2026-07-17T05:17:16.974270+00:00] main.CRITICAL: Unable to resolve the source file for 'adminhtml/Magento/backend/en_US/underscore-umd.js.map' [] []
[2026-07-17T05:17:19.104541+00:00] main.ERROR: Unable to resolve the source file for 'adminhtml/Magento/backend/en_US/Magento_PageBuilder/js/stage-builder.js.map' [] []
[2026-07-17T05:17:19.104957+00:00] main.CRITICAL: Unable to resolve the source file for 'adminhtml/Magento/backend/en_US/Magento_PageBuilder/js/stage-builder.js.map' [] []
[2026-07-17T05:17:19.266802+00:00] main.ERROR: Unable to resolve the source file for 'adminhtml/Magento/backend/en_US/Magento_PageBuilder/js/content-type-collection.js.map' [] []
[2026-07-17T05:17:19.267439+00:00] main.CRITICAL: Unable to resolve the source file for 'adminhtml/Magento/backend/en_US/Magento_PageBuilder/js/content-type-collection.js.map' [] []
[2026-07-17T05:17:19.270796+00:00] main.ERROR: Unable to resolve the source file for 'adminhtml/Magento/backend/en_US/Magento_PageBuilder/js/config.js.map' [] []
[2026-07-17T05:17:19.272702+00:00] main.CRITICAL: Unable to resolve the source file for 'adminhtml/Magento/backend/en_US/Magento_PageBuilder/js/config.js.map' [] []
[2026-07-17T05:17:19.383766+00:00] main.ERROR: Unable to resolve the source file for 'adminhtml/Magento/backend/en_US/Magento_PageBuilder/js/utils/directives.js.map' [] []
[2026-07-17T05:17:19.384173+00:00] main.CRITICAL: Unable to resolve the source file for 'adminhtml/Magento/backend/en_US/Magento_PageBuilder/js/utils/directives.js.map' [] []
[2026-07-17T05:17:19.391939+00:00] main.ERROR: Unable to resolve the source file for 'adminhtml/Magento/backend/en_US/Magento_PageBuilder/js/content-type-factory.js.map' [] []
[2026-07-17T05:17:19.394267+00:00] main.CRITICAL: Unable to resolve the source file for 'adminhtml/Magento/backend/en_US/Magento_PageBuilder/js/content-type-factory.js.map' [] []
[2026-07-17T05:17:19.395664+00:00] main.ERROR: Unable to resolve the source file for 'adminhtml/Magento/backend/en_US/Magento_PageBuilder/js/content-type/style-registry.js.map' [] []
[2026-07-17T05:17:19.395978+00:00] main.CRITICAL: Unable to resolve the source file for 'adminhtml/Magento/backend/en_US/Magento_PageBuilder/js/content-type/style-registry.js.map' [] []
[2026-07-17T05:17:19.409720+00:00] main.ERROR: Unable to resolve the source file for 'adminhtml/Magento/backend/en_US/Magento_PageBuilder/js/content-type/appearance-config.js.map' [] []
[2026-07-17T05:17:19.410040+00:00] main.CRITICAL: Unable to resolve the source file for 'adminhtml/Magento/backend/en_US/Magento_PageBuilder/js/content-type/appearance-config.js.map' [] []
[2026-07-17T05:17:19.412752+00:00] main.ERROR: Unable to resolve the source file for 'adminhtml/Magento/backend/en_US/Magento_PageBuilder/js/master-format/validator.js.map' [] []
[2026-07-17T05:17:19.413264+00:00] main.CRITICAL: Unable to resolve the source file for 'adminhtml/Magento/backend/en_US/Magento_PageBuilder/js/master-format/validator.js.map' [] []
[2026-07-17T05:17:19.415618+00:00] main.ERROR: Unable to resolve the source file for 'adminhtml/Magento/backend/en_US/Magento_PageBuilder/js/utils/loader.js.map' [] []
[2026-07-17T05:17:19.415948+00:00] main.CRITICAL: Unable to resolve the source file for 'adminhtml/Magento/backend/en_US/Magento_PageBuilder/js/utils/loader.js.map' [] []
[2026-07-17T05:17:19.488779+00:00] main.ERROR: Unable to resolve the source file for 'adminhtml/Magento/backend/en_US/Magento_PageBuilder/js/collection.js.map' [] []
[2026-07-17T05:17:19.489133+00:00] main.CRITICAL: Unable to resolve the source file for 'adminhtml/Magento/backend/en_US/Magento_PageBuilder/js/collection.js.map' [] []
[2026-07-17T05:17:19.493743+00:00] main.ERROR: Unable to resolve the source file for 'adminhtml/Magento/backend/en_US/Magento_PageBuilder/js/content-type.js.map' [] []
[2026-07-17T05:17:19.494109+00:00] main.CRITICAL: Unable to resolve the source file for 'adminhtml/Magento/backend/en_US/Magento_PageBuilder/js/content-type.js.map' [] []
[2026-07-17T05:17:19.497326+00:00] main.ERROR: Unable to resolve the source file for 'adminhtml/Magento/backend/en_US/Magento_PageBuilder/js/utils/object.js.map' [] []
[2026-07-17T05:17:19.497893+00:00] main.CRITICAL: Unable to resolve the source file for 'adminhtml/Magento/backend/en_US/Magento_PageBuilder/js/utils/object.js.map' [] []
[2026-07-17T05:17:19.647043+00:00] main.ERROR: Unable to resolve the source file for 'adminhtml/Magento/backend/en_US/Magento_PageBuilder/js/content-type/master-factory.js.map' [] []
[2026-07-17T05:17:19.647533+00:00] main.CRITICAL: Unable to resolve the source file for 'adminhtml/Magento/backend/en_US/Magento_PageBuilder/js/content-type/master-factory.js.map' [] []
[2026-07-17T05:17:19.717603+00:00] main.ERROR: Unable to resolve the source file for 'adminhtml/Magento/backend/en_US/Magento_PageBuilder/js/content-type/preview-factory.js.map' [] []
[2026-07-17T05:17:19.719443+00:00] main.CRITICAL: Unable to resolve the source file for 'adminhtml/Magento/backend/en_US/Magento_PageBuilder/js/content-type/preview-factory.js.map' [] []
[2026-07-17T05:17:19.752014+00:00] main.ERROR: Unable to resolve the source file for 'adminhtml/Magento/backend/en_US/Magento_PageBuilder/js/utils/string.js.map' [] []
[2026-07-17T05:17:19.753571+00:00] main.CRITICAL: Unable to resolve the source file for 'adminhtml/Magento/backend/en_US/Magento_PageBuilder/js/utils/string.js.map' [] []
[2026-07-17T05:17:19.959847+00:00] main.ERROR: Unable to resolve the source file for 'adminhtml/Magento/backend/en_US/Magento_PageBuilder/js/data-store.js.map' [] []
[2026-07-17T05:17:19.960197+00:00] main.CRITICAL: Unable to resolve the source file for 'adminhtml/Magento/backend/en_US/Magento_PageBuilder/js/data-store.js.map' [] []
[2026-07-17T05:17:19.963247+00:00] main.ERROR: Unable to resolve the source file for 'adminhtml/Magento/backend/en_US/Magento_PageBuilder/js/utils/array.js.map' [] []
[2026-07-17T05:17:19.964572+00:00] main.CRITICAL: Unable to resolve the source file for 'adminhtml/Magento/backend/en_US/Magento_PageBuilder/js/utils/array.js.map' [] []
[2026-07-17T05:17:20.293816+00:00] main.ERROR: Unable to resolve the source file for 'adminhtml/Magento/backend/en_US/Magento_PageBuilder/js/content-type/converter-resolver.js.map' [] []
[2026-07-17T05:17:20.294152+00:00] main.CRITICAL: Unable to resolve the source file for 'adminhtml/Magento/backend/en_US/Magento_PageBuilder/js/content-type/converter-resolver.js.map' [] []
[2026-07-17T05:17:20.294636+00:00] main.ERROR: Unable to resolve the source file for 'adminhtml/Magento/backend/en_US/Magento_PageBuilder/js/content-type/observable-updater-factory.js.map' [] []
[2026-07-17T05:17:20.294909+00:00] main.CRITICAL: Unable to resolve the source file for 'adminhtml/Magento/backend/en_US/Magento_PageBuilder/js/content-type/observable-updater-factory.js.map' [] []
[2026-07-17T05:17:20.322428+00:00] main.ERROR: Unable to resolve the source file for 'adminhtml/Magento/backend/en_US/Magento_PageBuilder/js/content-type/preview-converter-resolver.js.map' [] []
[2026-07-17T05:17:20.323315+00:00] main.CRITICAL: Unable to resolve the source file for 'adminhtml/Magento/backend/en_US/Magento_PageBuilder/js/content-type/preview-converter-resolver.js.map' [] []
[2026-07-17T05:17:20.464031+00:00] main.ERROR: Unable to resolve the source file for 'adminhtml/Magento/backend/en_US/Magento_PageBuilder/js/converter/converter-pool-factory.js.map' [] []
[2026-07-17T05:17:20.464428+00:00] main.CRITICAL: Unable to resolve the source file for 'adminhtml/Magento/backend/en_US/Magento_PageBuilder/js/converter/converter-pool-factory.js.map' [] []
[2026-07-17T05:17:20.483782+00:00] main.ERROR: Unable to resolve the source file for 'adminhtml/Magento/backend/en_US/Magento_PageBuilder/js/mass-converter/converter-pool-factory.js.map' [] []
[2026-07-17T05:17:20.484137+00:00] main.CRITICAL: Unable to resolve the source file for 'adminhtml/Magento/backend/en_US/Magento_PageBuilder/js/mass-converter/converter-pool-factory.js.map' [] []
[2026-07-17T05:17:20.487786+00:00] main.ERROR: Unable to resolve the source file for 'adminhtml/Magento/backend/en_US/Magento_PageBuilder/js/content-type/observable-updater.js.map' [] []
[2026-07-17T05:17:20.490816+00:00] main.CRITICAL: Unable to resolve the source file for 'adminhtml/Magento/backend/en_US/Magento_PageBuilder/js/content-type/observable-updater.js.map' [] []
[2026-07-17T05:17:20.880552+00:00] main.ERROR: Unable to resolve the source file for 'adminhtml/Magento/backend/en_US/Magento_PageBuilder/js/converter/converter-pool.js.map' [] []
[2026-07-17T05:17:20.880882+00:00] main.CRITICAL: Unable to resolve the source file for 'adminhtml/Magento/backend/en_US/Magento_PageBuilder/js/converter/converter-pool.js.map' [] []
[2026-07-17T05:17:20.884012+00:00] main.ERROR: Unable to resolve the source file for 'adminhtml/Magento/backend/en_US/Magento_PageBuilder/js/content-type/observable-updater/attributes.js.map' [] []
[2026-07-17T05:17:20.884677+00:00] main.CRITICAL: Unable to resolve the source file for 'adminhtml/Magento/backend/en_US/Magento_PageBuilder/js/content-type/observable-updater/attributes.js.map' [] []
[2026-07-17T05:17:20.890896+00:00] main.ERROR: Unable to resolve the source file for 'adminhtml/Magento/backend/en_US/Magento_PageBuilder/js/mass-converter/converter-pool.js.map' [] []
[2026-07-17T05:17:20.891181+00:00] main.CRITICAL: Unable to resolve the source file for 'adminhtml/Magento/backend/en_US/Magento_PageBuilder/js/mass-converter/converter-pool.js.map' [] []
[2026-07-17T05:17:20.963067+00:00] main.ERROR: Unable to resolve the source file for 'adminhtml/Magento/backend/en_US/Magento_PageBuilder/js/content-type/observable-updater/html.js.map' [] []
[2026-07-17T05:17:20.964284+00:00] main.CRITICAL: Unable to resolve the source file for 'adminhtml/Magento/backend/en_US/Magento_PageBuilder/js/content-type/observable-updater/html.js.map' [] []
[2026-07-17T05:17:20.982031+00:00] main.ERROR: Unable to resolve the source file for 'adminhtml/Magento/backend/en_US/Magento_PageBuilder/js/content-type/observable-updater/css.js.map' [] []
[2026-07-17T05:17:20.982459+00:00] main.CRITICAL: Unable to resolve the source file for 'adminhtml/Magento/backend/en_US/Magento_PageBuilder/js/content-type/observable-updater/css.js.map' [] []
[2026-07-17T05:17:20.992809+00:00] main.ERROR: Unable to resolve the source file for 'adminhtml/Magento/backend/en_US/Magento_PageBuilder/js/content-type/observable-updater/style.js.map' [] []
[2026-07-17T05:17:20.993188+00:00] main.CRITICAL: Unable to resolve the source file for 'adminhtml/Magento/backend/en_US/Magento_PageBuilder/js/content-type/observable-updater/style.js.map' [] []
[2026-07-17T05:17:21.051258+00:00] main.ERROR: Unable to resolve the source file for 'adminhtml/Magento/backend/en_US/Magento_PageBuilder/js/utils/editor.js.map' [] []
[2026-07-17T05:17:21.051709+00:00] main.CRITICAL: Unable to resolve the source file for 'adminhtml/Magento/backend/en_US/Magento_PageBuilder/js/utils/editor.js.map' [] []
[2026-07-17T05:23:30.661293+00:00] main.ERROR: Unable to resolve the source file for 'adminhtml/Magento/backend/en_US/underscore-umd.js.map' [] []
[2026-07-17T05:23:30.661679+00:00] main.CRITICAL: Unable to resolve the source file for 'adminhtml/Magento/backend/en_US/underscore-umd.js.map' [] []
[2026-07-17T05:23:30.688768+00:00] main.ERROR: Unable to resolve the source file for 'adminhtml/Magento/backend/en_US/Magento_PageBuilder/js/stage-builder.js.map' [] []
[2026-07-17T05:23:30.689107+00:00] main.CRITICAL: Unable to resolve the source file for 'adminhtml/Magento/backend/en_US/Magento_PageBuilder/js/stage-builder.js.map' [] []
[2026-07-17T05:23:30.689859+00:00] main.ERROR: Unable to resolve the source file for 'adminhtml/Magento/backend/en_US/Magento_PageBuilder/js/content-type-factory.js.map' [] []
[2026-07-17T05:23:30.690127+00:00] main.CRITICAL: Unable to resolve the source file for 'adminhtml/Magento/backend/en_US/Magento_PageBuilder/js/content-type-factory.js.map' [] []
[2026-07-17T05:23:30.702305+00:00] main.ERROR: Unable to resolve the source file for 'adminhtml/Magento/backend/en_US/Magento_PageBuilder/js/content-type-collection.js.map' [] []
[2026-07-17T05:23:30.703744+00:00] main.CRITICAL: Unable to resolve the source file for 'adminhtml/Magento/backend/en_US/Magento_PageBuilder/js/content-type-collection.js.map' [] []
[2026-07-17T05:23:30.707598+00:00] main.ERROR: Unable to resolve the source file for 'adminhtml/Magento/backend/en_US/Magento_PageBuilder/js/content-type/style-registry.js.map' [] []
[2026-07-17T05:23:30.707863+00:00] main.CRITICAL: Unable to resolve the source file for 'adminhtml/Magento/backend/en_US/Magento_PageBuilder/js/content-type/style-registry.js.map' [] []
[2026-07-17T05:23:30.710741+00:00] main.ERROR: Unable to resolve the source file for 'adminhtml/Magento/backend/en_US/Magento_PageBuilder/js/content-type/appearance-config.js.map' [] []
[2026-07-17T05:23:30.711019+00:00] main.CRITICAL: Unable to resolve the source file for 'adminhtml/Magento/backend/en_US/Magento_PageBuilder/js/content-type/appearance-config.js.map' [] []
[2026-07-17T05:23:30.716111+00:00] main.ERROR: Unable to resolve the source file for 'adminhtml/Magento/backend/en_US/Magento_PageBuilder/js/config.js.map' [] []
[2026-07-17T05:23:30.718034+00:00] main.CRITICAL: Unable to resolve the source file for 'adminhtml/Magento/backend/en_US/Magento_PageBuilder/js/config.js.map' [] []
[2026-07-17T05:23:30.746646+00:00] main.ERROR: Unable to resolve the source file for 'adminhtml/Magento/backend/en_US/Magento_PageBuilder/js/master-format/validator.js.map' [] []
[2026-07-17T05:23:30.746892+00:00] main.CRITICAL: Unable to resolve the source file for 'adminhtml/Magento/backend/en_US/Magento_PageBuilder/js/master-format/validator.js.map' [] []
[2026-07-17T05:23:30.759100+00:00] main.ERROR: Unable to resolve the source file for 'adminhtml/Magento/backend/en_US/Magento_PageBuilder/js/utils/directives.js.map' [] []
[2026-07-17T05:23:30.759067+00:00] main.ERROR: Unable to resolve the source file for 'adminhtml/Magento/backend/en_US/Magento_PageBuilder/js/collection.js.map' [] []
[2026-07-17T05:23:30.759342+00:00] main.CRITICAL: Unable to resolve the source file for 'adminhtml/Magento/backend/en_US/Magento_PageBuilder/js/collection.js.map' [] []
[2026-07-17T05:23:30.760813+00:00] main.CRITICAL: Unable to resolve the source file for 'adminhtml/Magento/backend/en_US/Magento_PageBuilder/js/utils/directives.js.map' [] []
[2026-07-17T05:23:30.766515+00:00] main.ERROR: Unable to resolve the source file for 'adminhtml/Magento/backend/en_US/Magento_PageBuilder/js/utils/loader.js.map' [] []
[2026-07-17T05:23:30.767698+00:00] main.ERROR: Unable to resolve the source file for 'adminhtml/Magento/backend/en_US/Magento_PageBuilder/js/utils/object.js.map' [] []
[2026-07-17T05:23:30.767929+00:00] main.CRITICAL: Unable to resolve the source file for 'adminhtml/Magento/backend/en_US/Magento_PageBuilder/js/utils/object.js.map' [] []
[2026-07-17T05:23:30.770397+00:00] main.CRITICAL: Unable to resolve the source file for 'adminhtml/Magento/backend/en_US/Magento_PageBuilder/js/utils/loader.js.map' [] []
[2026-07-17T05:23:30.775364+00:00] main.ERROR: Unable to resolve the source file for 'adminhtml/Magento/backend/en_US/Magento_PageBuilder/js/content-type.js.map' [] []
[2026-07-17T05:23:30.775657+00:00] main.CRITICAL: Unable to resolve the source file for 'adminhtml/Magento/backend/en_US/Magento_PageBuilder/js/content-type.js.map' [] []
[2026-07-17T05:23:30.795192+00:00] main.ERROR: Unable to resolve the source file for 'adminhtml/Magento/backend/en_US/Magento_PageBuilder/js/content-type/master-factory.js.map' [] []
[2026-07-17T05:23:30.796951+00:00] main.ERROR: Unable to resolve the source file for 'adminhtml/Magento/backend/en_US/Magento_PageBuilder/js/utils/string.js.map' [] []
[2026-07-17T05:23:30.797269+00:00] main.CRITICAL: Unable to resolve the source file for 'adminhtml/Magento/backend/en_US/Magento_PageBuilder/js/utils/string.js.map' [] []
[2026-07-17T05:23:30.803855+00:00] main.CRITICAL: Unable to resolve the source file for 'adminhtml/Magento/backend/en_US/Magento_PageBuilder/js/content-type/master-factory.js.map' [] []
[2026-07-17T05:23:30.820491+00:00] main.ERROR: Unable to resolve the source file for 'adminhtml/Magento/backend/en_US/Magento_PageBuilder/js/content-type/preview-factory.js.map' [] []
[2026-07-17T05:23:30.820887+00:00] main.CRITICAL: Unable to resolve the source file for 'adminhtml/Magento/backend/en_US/Magento_PageBuilder/js/content-type/preview-factory.js.map' [] []
[2026-07-17T05:23:30.822588+00:00] main.ERROR: Unable to resolve the source file for 'adminhtml/Magento/backend/en_US/Magento_PageBuilder/js/content-type/converter-resolver.js.map' [] []
[2026-07-17T05:23:30.822882+00:00] main.CRITICAL: Unable to resolve the source file for 'adminhtml/Magento/backend/en_US/Magento_PageBuilder/js/content-type/converter-resolver.js.map' [] []
[2026-07-17T05:23:30.831650+00:00] main.ERROR: Unable to resolve the source file for 'adminhtml/Magento/backend/en_US/Magento_PageBuilder/js/content-type/observable-updater-factory.js.map' [] []
[2026-07-17T05:23:30.831965+00:00] main.CRITICAL: Unable to resolve the source file for 'adminhtml/Magento/backend/en_US/Magento_PageBuilder/js/content-type/observable-updater-factory.js.map' [] []
[2026-07-17T05:23:30.833423+00:00] main.ERROR: Unable to resolve the source file for 'adminhtml/Magento/backend/en_US/Magento_PageBuilder/js/data-store.js.map' [] []
[2026-07-17T05:23:30.833694+00:00] main.CRITICAL: Unable to resolve the source file for 'adminhtml/Magento/backend/en_US/Magento_PageBuilder/js/data-store.js.map' [] []
[2026-07-17T05:23:30.843017+00:00] main.ERROR: Unable to resolve the source file for 'adminhtml/Magento/backend/en_US/Magento_PageBuilder/js/utils/array.js.map' [] []
[2026-07-17T05:23:30.845383+00:00] main.CRITICAL: Unable to resolve the source file for 'adminhtml/Magento/backend/en_US/Magento_PageBuilder/js/utils/array.js.map' [] []
[2026-07-17T05:23:30.849820+00:00] main.ERROR: Unable to resolve the source file for 'adminhtml/Magento/backend/en_US/Magento_PageBuilder/js/content-type/preview-converter-resolver.js.map' [] []
[2026-07-17T05:23:30.850215+00:00] main.CRITICAL: Unable to resolve the source file for 'adminhtml/Magento/backend/en_US/Magento_PageBuilder/js/content-type/preview-converter-resolver.js.map' [] []
[2026-07-17T05:23:30.857818+00:00] main.ERROR: Unable to resolve the source file for 'adminhtml/Magento/backend/en_US/Magento_PageBuilder/js/converter/converter-pool.js.map' [] []
[2026-07-17T05:23:30.858214+00:00] main.CRITICAL: Unable to resolve the source file for 'adminhtml/Magento/backend/en_US/Magento_PageBuilder/js/converter/converter-pool.js.map' [] []
[2026-07-17T05:23:30.858204+00:00] main.ERROR: Unable to resolve the source file for 'adminhtml/Magento/backend/en_US/Magento_PageBuilder/js/content-type/observable-updater.js.map' [] []
[2026-07-17T05:23:30.858406+00:00] main.CRITICAL: Unable to resolve the source file for 'adminhtml/Magento/backend/en_US/Magento_PageBuilder/js/content-type/observable-updater.js.map' [] []
[2026-07-17T05:23:30.858889+00:00] main.ERROR: Unable to resolve the source file for 'adminhtml/Magento/backend/en_US/Magento_PageBuilder/js/converter/converter-pool-factory.js.map' [] []
[2026-07-17T05:23:30.859112+00:00] main.CRITICAL: Unable to resolve the source file for 'adminhtml/Magento/backend/en_US/Magento_PageBuilder/js/converter/converter-pool-factory.js.map' [] []
[2026-07-17T05:23:30.865708+00:00] main.ERROR: Unable to resolve the source file for 'adminhtml/Magento/backend/en_US/Magento_PageBuilder/js/mass-converter/converter-pool-factory.js.map' [] []
[2026-07-17T05:23:30.866116+00:00] main.CRITICAL: Unable to resolve the source file for 'adminhtml/Magento/backend/en_US/Magento_PageBuilder/js/mass-converter/converter-pool-factory.js.map' [] []
[2026-07-17T05:23:30.886451+00:00] main.ERROR: Unable to resolve the source file for 'adminhtml/Magento/backend/en_US/Magento_PageBuilder/js/content-type/observable-updater/attributes.js.map' [] []
[2026-07-17T05:23:30.886722+00:00] main.CRITICAL: Unable to resolve the source file for 'adminhtml/Magento/backend/en_US/Magento_PageBuilder/js/content-type/observable-updater/attributes.js.map' [] []
[2026-07-17T05:23:30.892674+00:00] main.ERROR: Unable to resolve the source file for 'adminhtml/Magento/backend/en_US/Magento_PageBuilder/js/content-type/observable-updater/html.js.map' [] []
[2026-07-17T05:23:30.892940+00:00] main.CRITICAL: Unable to resolve the source file for 'adminhtml/Magento/backend/en_US/Magento_PageBuilder/js/content-type/observable-updater/html.js.map' [] []
[2026-07-17T05:23:30.895849+00:00] main.ERROR: Unable to resolve the source file for 'adminhtml/Magento/backend/en_US/Magento_PageBuilder/js/content-type/observable-updater/css.js.map' [] []
[2026-07-17T05:23:30.896107+00:00] main.CRITICAL: Unable to resolve the source file for 'adminhtml/Magento/backend/en_US/Magento_PageBuilder/js/content-type/observable-updater/css.js.map' [] []
[2026-07-17T05:23:30.898017+00:00] main.ERROR: Unable to resolve the source file for 'adminhtml/Magento/backend/en_US/Magento_PageBuilder/js/mass-converter/converter-pool.js.map' [] []
[2026-07-17T05:23:30.898301+00:00] main.CRITICAL: Unable to resolve the source file for 'adminhtml/Magento/backend/en_US/Magento_PageBuilder/js/mass-converter/converter-pool.js.map' [] []
[2026-07-17T05:23:30.900781+00:00] main.ERROR: Unable to resolve the source file for 'adminhtml/Magento/backend/en_US/Magento_PageBuilder/js/content-type/observable-updater/style.js.map' [] []
[2026-07-17T05:23:30.901059+00:00] main.CRITICAL: Unable to resolve the source file for 'adminhtml/Magento/backend/en_US/Magento_PageBuilder/js/content-type/observable-updater/style.js.map' [] []
[2026-07-17T05:23:30.902806+00:00] main.ERROR: Unable to resolve the source file for 'adminhtml/Magento/backend/en_US/Magento_PageBuilder/js/utils/editor.js.map' [] []
[2026-07-17T05:23:30.902980+00:00] main.CRITICAL: Unable to resolve the source file for 'adminhtml/Magento/backend/en_US/Magento_PageBuilder/js/utils/editor.js.map' [] []
[2026-07-17T05:23:55.973768+00:00] main.ERROR: Unable to resolve the source file for 'adminhtml/Magento/backend/en_US/underscore-umd.js.map' [] []
[2026-07-17T05:23:55.974065+00:00] main.CRITICAL: Unable to resolve the source file for 'adminhtml/Magento/backend/en_US/underscore-umd.js.map' [] []
[2026-07-17T05:23:57.535964+00:00] main.ERROR: Unable to resolve the source file for 'adminhtml/Magento/backend/en_US/Magento_PageBuilder/js/stage-builder.js.map' [] []
[2026-07-17T05:23:57.536145+00:00] main.CRITICAL: Unable to resolve the source file for 'adminhtml/Magento/backend/en_US/Magento_PageBuilder/js/stage-builder.js.map' [] []
[2026-07-17T05:23:57.554593+00:00] main.ERROR: Unable to resolve the source file for 'adminhtml/Magento/backend/en_US/Magento_PageBuilder/js/config.js.map' [] []
[2026-07-17T05:23:57.555056+00:00] main.CRITICAL: Unable to resolve the source file for 'adminhtml/Magento/backend/en_US/Magento_PageBuilder/js/config.js.map' [] []
[2026-07-17T05:23:57.735036+00:00] main.ERROR: Unable to resolve the source file for 'adminhtml/Magento/backend/en_US/Magento_PageBuilder/js/content-type-collection.js.map' [] []
[2026-07-17T05:23:57.736547+00:00] main.CRITICAL: Unable to resolve the source file for 'adminhtml/Magento/backend/en_US/Magento_PageBuilder/js/content-type-collection.js.map' [] []
[2026-07-17T05:23:57.737150+00:00] main.ERROR: Unable to resolve the source file for 'adminhtml/Magento/backend/en_US/Magento_PageBuilder/js/content-type-factory.js.map' [] []
[2026-07-17T05:23:57.737469+00:00] main.CRITICAL: Unable to resolve the source file for 'adminhtml/Magento/backend/en_US/Magento_PageBuilder/js/content-type-factory.js.map' [] []
[2026-07-17T05:23:57.743686+00:00] main.ERROR: Unable to resolve the source file for 'adminhtml/Magento/backend/en_US/Magento_PageBuilder/js/content-type/appearance-config.js.map' [] []
[2026-07-17T05:23:57.743953+00:00] main.CRITICAL: Unable to resolve the source file for 'adminhtml/Magento/backend/en_US/Magento_PageBuilder/js/content-type/appearance-config.js.map' [] []
[2026-07-17T05:23:57.820867+00:00] main.ERROR: Unable to resolve the source file for 'adminhtml/Magento/backend/en_US/Magento_PageBuilder/js/content-type/style-registry.js.map' [] []
[2026-07-17T05:23:57.821173+00:00] main.CRITICAL: Unable to resolve the source file for 'adminhtml/Magento/backend/en_US/Magento_PageBuilder/js/content-type/style-registry.js.map' [] []
[2026-07-17T05:23:57.830261+00:00] main.ERROR: Unable to resolve the source file for 'adminhtml/Magento/backend/en_US/Magento_PageBuilder/js/master-format/validator.js.map' [] []
[2026-07-17T05:23:57.833119+00:00] main.CRITICAL: Unable to resolve the source file for 'adminhtml/Magento/backend/en_US/Magento_PageBuilder/js/master-format/validator.js.map' [] []
[2026-07-17T05:23:57.833232+00:00] main.ERROR: Unable to resolve the source file for 'adminhtml/Magento/backend/en_US/Magento_PageBuilder/js/utils/directives.js.map' [] []
[2026-07-17T05:23:57.833446+00:00] main.CRITICAL: Unable to resolve the source file for 'adminhtml/Magento/backend/en_US/Magento_PageBuilder/js/utils/directives.js.map' [] []
[2026-07-17T05:23:57.833652+00:00] main.ERROR: Unable to resolve the source file for 'adminhtml/Magento/backend/en_US/Magento_PageBuilder/js/utils/object.js.map' [] []
[2026-07-17T05:23:57.833878+00:00] main.CRITICAL: Unable to resolve the source file for 'adminhtml/Magento/backend/en_US/Magento_PageBuilder/js/utils/object.js.map' [] []
[2026-07-17T05:23:57.846345+00:00] main.ERROR: Unable to resolve the source file for 'adminhtml/Magento/backend/en_US/Magento_PageBuilder/js/collection.js.map' [] []
[2026-07-17T05:23:57.846621+00:00] main.CRITICAL: Unable to resolve the source file for 'adminhtml/Magento/backend/en_US/Magento_PageBuilder/js/collection.js.map' [] []
[2026-07-17T05:23:57.848313+00:00] main.ERROR: Unable to resolve the source file for 'adminhtml/Magento/backend/en_US/Magento_PageBuilder/js/utils/loader.js.map' [] []
[2026-07-17T05:23:57.850578+00:00] main.CRITICAL: Unable to resolve the source file for 'adminhtml/Magento/backend/en_US/Magento_PageBuilder/js/utils/loader.js.map' [] []
[2026-07-17T05:23:57.947268+00:00] main.ERROR: Unable to resolve the source file for 'adminhtml/Magento/backend/en_US/Magento_PageBuilder/js/content-type.js.map' [] []
[2026-07-17T05:23:57.949185+00:00] main.CRITICAL: Unable to resolve the source file for 'adminhtml/Magento/backend/en_US/Magento_PageBuilder/js/content-type.js.map' [] []
[2026-07-17T05:23:57.958557+00:00] main.ERROR: Unable to resolve the source file for 'adminhtml/Magento/backend/en_US/Magento_PageBuilder/js/content-type/master-factory.js.map' [] []
[2026-07-17T05:23:57.958819+00:00] main.CRITICAL: Unable to resolve the source file for 'adminhtml/Magento/backend/en_US/Magento_PageBuilder/js/content-type/master-factory.js.map' [] []
[2026-07-17T05:23:57.970728+00:00] main.ERROR: Unable to resolve the source file for 'adminhtml/Magento/backend/en_US/Magento_PageBuilder/js/content-type/preview-factory.js.map' [] []
[2026-07-17T05:23:57.971135+00:00] main.CRITICAL: Unable to resolve the source file for 'adminhtml/Magento/backend/en_US/Magento_PageBuilder/js/content-type/preview-factory.js.map' [] []
[2026-07-17T05:23:58.061616+00:00] main.ERROR: Unable to resolve the source file for 'adminhtml/Magento/backend/en_US/Magento_PageBuilder/js/utils/string.js.map' [] []
[2026-07-17T05:23:58.061890+00:00] main.CRITICAL: Unable to resolve the source file for 'adminhtml/Magento/backend/en_US/Magento_PageBuilder/js/utils/string.js.map' [] []
[2026-07-17T05:23:58.090074+00:00] main.ERROR: Unable to resolve the source file for 'adminhtml/Magento/backend/en_US/Magento_PageBuilder/js/utils/array.js.map' [] []
[2026-07-17T05:23:58.090390+00:00] main.CRITICAL: Unable to resolve the source file for 'adminhtml/Magento/backend/en_US/Magento_PageBuilder/js/utils/array.js.map' [] []
[2026-07-17T05:23:58.264699+00:00] main.ERROR: Unable to resolve the source file for 'adminhtml/Magento/backend/en_US/Magento_PageBuilder/js/data-store.js.map' [] []
[2026-07-17T05:23:58.265840+00:00] main.CRITICAL: Unable to resolve the source file for 'adminhtml/Magento/backend/en_US/Magento_PageBuilder/js/data-store.js.map' [] []
[2026-07-17T05:23:58.304649+00:00] main.ERROR: Unable to resolve the source file for 'adminhtml/Magento/backend/en_US/Magento_PageBuilder/js/content-type/observable-updater-factory.js.map' [] []
[2026-07-17T05:23:58.305845+00:00] main.CRITICAL: Unable to resolve the source file for 'adminhtml/Magento/backend/en_US/Magento_PageBuilder/js/content-type/observable-updater-factory.js.map' [] []
[2026-07-17T05:23:58.317123+00:00] main.ERROR: Unable to resolve the source file for 'adminhtml/Magento/backend/en_US/Magento_PageBuilder/js/content-type/converter-resolver.js.map' [] []
[2026-07-17T05:23:58.317398+00:00] main.CRITICAL: Unable to resolve the source file for 'adminhtml/Magento/backend/en_US/Magento_PageBuilder/js/content-type/converter-resolver.js.map' [] []
[2026-07-17T05:23:58.325119+00:00] main.ERROR: Unable to resolve the source file for 'adminhtml/Magento/backend/en_US/Magento_PageBuilder/js/content-type/preview-converter-resolver.js.map' [] []
[2026-07-17T05:23:58.325400+00:00] main.CRITICAL: Unable to resolve the source file for 'adminhtml/Magento/backend/en_US/Magento_PageBuilder/js/content-type/preview-converter-resolver.js.map' [] []
[2026-07-17T05:23:58.498221+00:00] main.ERROR: Unable to resolve the source file for 'adminhtml/Magento/backend/en_US/Magento_PageBuilder/js/converter/converter-pool-factory.js.map' [] []
[2026-07-17T05:23:58.498545+00:00] main.CRITICAL: Unable to resolve the source file for 'adminhtml/Magento/backend/en_US/Magento_PageBuilder/js/converter/converter-pool-factory.js.map' [] []
[2026-07-17T05:23:58.505395+00:00] main.ERROR: Unable to resolve the source file for 'adminhtml/Magento/backend/en_US/Magento_PageBuilder/js/content-type/observable-updater.js.map' [] []
[2026-07-17T05:23:58.506336+00:00] main.CRITICAL: Unable to resolve the source file for 'adminhtml/Magento/backend/en_US/Magento_PageBuilder/js/content-type/observable-updater.js.map' [] []
[2026-07-17T05:23:58.513801+00:00] main.ERROR: Unable to resolve the source file for 'adminhtml/Magento/backend/en_US/Magento_PageBuilder/js/mass-converter/converter-pool-factory.js.map' [] []
[2026-07-17T05:23:58.514025+00:00] main.CRITICAL: Unable to resolve the source file for 'adminhtml/Magento/backend/en_US/Magento_PageBuilder/js/mass-converter/converter-pool-factory.js.map' [] []
[2026-07-17T05:23:58.693370+00:00] main.ERROR: Unable to resolve the source file for 'adminhtml/Magento/backend/en_US/Magento_PageBuilder/js/converter/converter-pool.js.map' [] []
[2026-07-17T05:23:58.693635+00:00] main.CRITICAL: Unable to resolve the source file for 'adminhtml/Magento/backend/en_US/Magento_PageBuilder/js/converter/converter-pool.js.map' [] []
[2026-07-17T05:23:58.706739+00:00] main.ERROR: Unable to resolve the source file for 'adminhtml/Magento/backend/en_US/Magento_PageBuilder/js/mass-converter/converter-pool.js.map' [] []
[2026-07-17T05:23:58.707434+00:00] main.CRITICAL: Unable to resolve the source file for 'adminhtml/Magento/backend/en_US/Magento_PageBuilder/js/mass-converter/converter-pool.js.map' [] []
[2026-07-17T05:23:58.717685+00:00] main.ERROR: Unable to resolve the source file for 'adminhtml/Magento/backend/en_US/Magento_PageBuilder/js/content-type/observable-updater/attributes.js.map' [] []
[2026-07-17T05:23:58.717950+00:00] main.CRITICAL: Unable to resolve the source file for 'adminhtml/Magento/backend/en_US/Magento_PageBuilder/js/content-type/observable-updater/attributes.js.map' [] []
[2026-07-17T05:23:58.744924+00:00] main.ERROR: Unable to resolve the source file for 'adminhtml/Magento/backend/en_US/Magento_PageBuilder/js/content-type/observable-updater/html.js.map' [] []
[2026-07-17T05:23:58.745867+00:00] main.CRITICAL: Unable to resolve the source file for 'adminhtml/Magento/backend/en_US/Magento_PageBuilder/js/content-type/observable-updater/html.js.map' [] []
[2026-07-17T05:23:58.750175+00:00] main.ERROR: Unable to resolve the source file for 'adminhtml/Magento/backend/en_US/Magento_PageBuilder/js/content-type/observable-updater/css.js.map' [] []
[2026-07-17T05:23:58.751196+00:00] main.ERROR: Unable to resolve the source file for 'adminhtml/Magento/backend/en_US/Magento_PageBuilder/js/content-type/observable-updater/style.js.map' [] []
[2026-07-17T05:23:58.751380+00:00] main.CRITICAL: Unable to resolve the source file for 'adminhtml/Magento/backend/en_US/Magento_PageBuilder/js/content-type/observable-updater/css.js.map' [] []
[2026-07-17T05:23:58.752299+00:00] main.CRITICAL: Unable to resolve the source file for 'adminhtml/Magento/backend/en_US/Magento_PageBuilder/js/content-type/observable-updater/style.js.map' [] []
[2026-07-17T05:23:58.809114+00:00] main.ERROR: Unable to resolve the source file for 'adminhtml/Magento/backend/en_US/Magento_PageBuilder/js/utils/editor.js.map' [] []
[2026-07-17T05:23:58.809579+00:00] main.CRITICAL: Unable to resolve the source file for 'adminhtml/Magento/backend/en_US/Magento_PageBuilder/js/utils/editor.js.map' [] []
[2026-07-17T05:32:16.575354+00:00] main.ERROR: Unable to resolve the source file for 'adminhtml/Magento/backend/en_US/underscore-umd.js.map' [] []
[2026-07-17T05:32:16.575639+00:00] main.CRITICAL: Unable to resolve the source file for 'adminhtml/Magento/backend/en_US/underscore-umd.js.map' [] []
[2026-07-17T05:32:16.590125+00:00] main.ERROR: Unable to resolve the source file for 'adminhtml/Magento/backend/en_US/Magento_PageBuilder/js/stage-builder.js.map' [] []
[2026-07-17T05:32:16.590432+00:00] main.CRITICAL: Unable to resolve the source file for 'adminhtml/Magento/backend/en_US/Magento_PageBuilder/js/stage-builder.js.map' [] []
[2026-07-17T05:32:16.605678+00:00] main.ERROR: Unable to resolve the source file for 'adminhtml/Magento/backend/en_US/Magento_PageBuilder/js/content-type-collection.js.map' [] []
[2026-07-17T05:32:16.606124+00:00] main.CRITICAL: Unable to resolve the source file for 'adminhtml/Magento/backend/en_US/Magento_PageBuilder/js/content-type-collection.js.map' [] []
[2026-07-17T05:32:16.622661+00:00] main.ERROR: Unable to resolve the source file for 'adminhtml/Magento/backend/en_US/Magento_PageBuilder/js/config.js.map' [] []
[2026-07-17T05:32:16.622926+00:00] main.CRITICAL: Unable to resolve the source file for 'adminhtml/Magento/backend/en_US/Magento_PageBuilder/js/config.js.map' [] []
[2026-07-17T05:32:16.625005+00:00] main.ERROR: Unable to resolve the source file for 'adminhtml/Magento/backend/en_US/Magento_PageBuilder/js/master-format/validator.js.map' [] []
[2026-07-17T05:32:16.625240+00:00] main.CRITICAL: Unable to resolve the source file for 'adminhtml/Magento/backend/en_US/Magento_PageBuilder/js/master-format/validator.js.map' [] []
[2026-07-17T05:32:16.630422+00:00] main.ERROR: Unable to resolve the source file for 'adminhtml/Magento/backend/en_US/Magento_PageBuilder/js/content-type/appearance-config.js.map' [] []
[2026-07-17T05:32:16.630681+00:00] main.CRITICAL: Unable to resolve the source file for 'adminhtml/Magento/backend/en_US/Magento_PageBuilder/js/content-type/appearance-config.js.map' [] []
[2026-07-17T05:32:16.633154+00:00] main.ERROR: Unable to resolve the source file for 'adminhtml/Magento/backend/en_US/Magento_PageBuilder/js/content-type-factory.js.map' [] []
[2026-07-17T05:32:16.633406+00:00] main.CRITICAL: Unable to resolve the source file for 'adminhtml/Magento/backend/en_US/Magento_PageBuilder/js/content-type-factory.js.map' [] []
[2026-07-17T05:32:16.636017+00:00] main.ERROR: Unable to resolve the source file for 'adminhtml/Magento/backend/en_US/Magento_PageBuilder/js/content-type/style-registry.js.map' [] []
[2026-07-17T05:32:16.636273+00:00] main.CRITICAL: Unable to resolve the source file for 'adminhtml/Magento/backend/en_US/Magento_PageBuilder/js/content-type/style-registry.js.map' [] []
[2026-07-17T05:32:16.641024+00:00] main.ERROR: Unable to resolve the source file for 'adminhtml/Magento/backend/en_US/Magento_PageBuilder/js/utils/directives.js.map' [] []
[2026-07-17T05:32:16.641456+00:00] main.CRITICAL: Unable to resolve the source file for 'adminhtml/Magento/backend/en_US/Magento_PageBuilder/js/utils/directives.js.map' [] []
[2026-07-17T05:32:16.679005+00:00] main.ERROR: Unable to resolve the source file for 'adminhtml/Magento/backend/en_US/Magento_PageBuilder/js/utils/loader.js.map' [] []
[2026-07-17T05:32:16.679255+00:00] main.CRITICAL: Unable to resolve the source file for 'adminhtml/Magento/backend/en_US/Magento_PageBuilder/js/utils/loader.js.map' [] []
[2026-07-17T05:32:16.689392+00:00] main.ERROR: Unable to resolve the source file for 'adminhtml/Magento/backend/en_US/Magento_PageBuilder/js/content-type.js.map' [] []
[2026-07-17T05:32:16.691938+00:00] main.ERROR: Unable to resolve the source file for 'adminhtml/Magento/backend/en_US/Magento_PageBuilder/js/content-type/master-factory.js.map' [] []
[2026-07-17T05:32:16.692346+00:00] main.ERROR: Unable to resolve the source file for 'adminhtml/Magento/backend/en_US/Magento_PageBuilder/js/utils/object.js.map' [] []
[2026-07-17T05:32:16.692630+00:00] main.CRITICAL: Unable to resolve the source file for 'adminhtml/Magento/backend/en_US/Magento_PageBuilder/js/utils/object.js.map' [] []
[2026-07-17T05:32:16.692854+00:00] main.CRITICAL: Unable to resolve the source file for 'adminhtml/Magento/backend/en_US/Magento_PageBuilder/js/content-type.js.map' [] []
[2026-07-17T05:32:16.694630+00:00] main.CRITICAL: Unable to resolve the source file for 'adminhtml/Magento/backend/en_US/Magento_PageBuilder/js/content-type/master-factory.js.map' [] []
[2026-07-17T05:32:16.698966+00:00] main.ERROR: Unable to resolve the source file for 'adminhtml/Magento/backend/en_US/Magento_PageBuilder/js/content-type/preview-factory.js.map' [] []
[2026-07-17T05:32:16.699229+00:00] main.CRITICAL: Unable to resolve the source file for 'adminhtml/Magento/backend/en_US/Magento_PageBuilder/js/content-type/preview-factory.js.map' [] []
[2026-07-17T05:32:16.704971+00:00] main.ERROR: Unable to resolve the source file for 'adminhtml/Magento/backend/en_US/Magento_PageBuilder/js/collection.js.map' [] []
[2026-07-17T05:32:16.705377+00:00] main.CRITICAL: Unable to resolve the source file for 'adminhtml/Magento/backend/en_US/Magento_PageBuilder/js/collection.js.map' [] []
[2026-07-17T05:32:16.721106+00:00] main.ERROR: Unable to resolve the source file for 'adminhtml/Magento/backend/en_US/Magento_PageBuilder/js/utils/array.js.map' [] []
[2026-07-17T05:32:16.721495+00:00] main.CRITICAL: Unable to resolve the source file for 'adminhtml/Magento/backend/en_US/Magento_PageBuilder/js/utils/array.js.map' [] []
[2026-07-17T05:32:16.723983+00:00] main.ERROR: Unable to resolve the source file for 'adminhtml/Magento/backend/en_US/Magento_PageBuilder/js/utils/string.js.map' [] []
[2026-07-17T05:32:16.727624+00:00] main.CRITICAL: Unable to resolve the source file for 'adminhtml/Magento/backend/en_US/Magento_PageBuilder/js/utils/string.js.map' [] []
[2026-07-17T05:32:16.743417+00:00] main.ERROR: Unable to resolve the source file for 'adminhtml/Magento/backend/en_US/Magento_PageBuilder/js/converter/converter-pool-factory.js.map' [] []
[2026-07-17T05:32:16.743803+00:00] main.CRITICAL: Unable to resolve the source file for 'adminhtml/Magento/backend/en_US/Magento_PageBuilder/js/converter/converter-pool-factory.js.map' [] []
[2026-07-17T05:32:16.750479+00:00] main.ERROR: Unable to resolve the source file for 'adminhtml/Magento/backend/en_US/Magento_PageBuilder/js/content-type/observable-updater-factory.js.map' [] []
[2026-07-17T05:32:16.753526+00:00] main.CRITICAL: Unable to resolve the source file for 'adminhtml/Magento/backend/en_US/Magento_PageBuilder/js/content-type/observable-updater-factory.js.map' [] []
[2026-07-17T05:32:16.756159+00:00] main.ERROR: Unable to resolve the source file for 'adminhtml/Magento/backend/en_US/Magento_PageBuilder/js/data-store.js.map' [] []
[2026-07-17T05:32:16.757259+00:00] main.ERROR: Unable to resolve the source file for 'adminhtml/Magento/backend/en_US/Magento_PageBuilder/js/content-type/preview-converter-resolver.js.map' [] []
[2026-07-17T05:32:16.757529+00:00] main.CRITICAL: Unable to resolve the source file for 'adminhtml/Magento/backend/en_US/Magento_PageBuilder/js/content-type/preview-converter-resolver.js.map' [] []
[2026-07-17T05:32:16.758701+00:00] main.CRITICAL: Unable to resolve the source file for 'adminhtml/Magento/backend/en_US/Magento_PageBuilder/js/data-store.js.map' [] []
[2026-07-17T05:32:16.766976+00:00] main.ERROR: Unable to resolve the source file for 'adminhtml/Magento/backend/en_US/Magento_PageBuilder/js/content-type/observable-updater.js.map' [] []
[2026-07-17T05:32:16.767600+00:00] main.CRITICAL: Unable to resolve the source file for 'adminhtml/Magento/backend/en_US/Magento_PageBuilder/js/content-type/observable-updater.js.map' [] []
[2026-07-17T05:32:16.769673+00:00] main.ERROR: Unable to resolve the source file for 'adminhtml/Magento/backend/en_US/Magento_PageBuilder/js/content-type/converter-resolver.js.map' [] []
[2026-07-17T05:32:16.770621+00:00] main.CRITICAL: Unable to resolve the source file for 'adminhtml/Magento/backend/en_US/Magento_PageBuilder/js/content-type/converter-resolver.js.map' [] []
[2026-07-17T05:32:16.778767+00:00] main.ERROR: Unable to resolve the source file for 'adminhtml/Magento/backend/en_US/Magento_PageBuilder/js/mass-converter/converter-pool-factory.js.map' [] []
[2026-07-17T05:32:16.779154+00:00] main.CRITICAL: Unable to resolve the source file for 'adminhtml/Magento/backend/en_US/Magento_PageBuilder/js/mass-converter/converter-pool-factory.js.map' [] []
[2026-07-17T05:32:16.794098+00:00] main.ERROR: Unable to resolve the source file for 'adminhtml/Magento/backend/en_US/Magento_PageBuilder/js/content-type/observable-updater/attributes.js.map' [] []
[2026-07-17T05:32:16.794383+00:00] main.CRITICAL: Unable to resolve the source file for 'adminhtml/Magento/backend/en_US/Magento_PageBuilder/js/content-type/observable-updater/attributes.js.map' [] []
[2026-07-17T05:32:16.817075+00:00] main.ERROR: Unable to resolve the source file for 'adminhtml/Magento/backend/en_US/Magento_PageBuilder/js/converter/converter-pool.js.map' [] []
[2026-07-17T05:32:16.822526+00:00] main.ERROR: Unable to resolve the source file for 'adminhtml/Magento/backend/en_US/Magento_PageBuilder/js/utils/editor.js.map' [] []
[2026-07-17T05:32:16.822839+00:00] main.CRITICAL: Unable to resolve the source file for 'adminhtml/Magento/backend/en_US/Magento_PageBuilder/js/utils/editor.js.map' [] []
[2026-07-17T05:32:16.827706+00:00] main.ERROR: Unable to resolve the source file for 'adminhtml/Magento/backend/en_US/Magento_PageBuilder/js/content-type/observable-updater/style.js.map' [] []
[2026-07-17T05:32:16.827977+00:00] main.CRITICAL: Unable to resolve the source file for 'adminhtml/Magento/backend/en_US/Magento_PageBuilder/js/content-type/observable-updater/style.js.map' [] []
[2026-07-17T05:32:16.828754+00:00] main.ERROR: Unable to resolve the source file for 'adminhtml/Magento/backend/en_US/Magento_PageBuilder/js/mass-converter/converter-pool.js.map' [] []
[2026-07-17T05:32:16.828992+00:00] main.CRITICAL: Unable to resolve the source file for 'adminhtml/Magento/backend/en_US/Magento_PageBuilder/js/converter/converter-pool.js.map' [] []
[2026-07-17T05:32:16.830930+00:00] main.CRITICAL: Unable to resolve the source file for 'adminhtml/Magento/backend/en_US/Magento_PageBuilder/js/mass-converter/converter-pool.js.map' [] []
[2026-07-17T05:32:16.832711+00:00] main.ERROR: Unable to resolve the source file for 'adminhtml/Magento/backend/en_US/Magento_PageBuilder/js/content-type/observable-updater/css.js.map' [] []
[2026-07-17T05:32:16.833121+00:00] main.CRITICAL: Unable to resolve the source file for 'adminhtml/Magento/backend/en_US/Magento_PageBuilder/js/content-type/observable-updater/css.js.map' [] []
[2026-07-17T05:32:16.840393+00:00] main.ERROR: Unable to resolve the source file for 'adminhtml/Magento/backend/en_US/Magento_PageBuilder/js/content-type/observable-updater/html.js.map' [] []
[2026-07-17T05:32:16.840691+00:00] main.CRITICAL: Unable to resolve the source file for 'adminhtml/Magento/backend/en_US/Magento_PageBuilder/js/content-type/observable-updater/html.js.map' [] []
[2026-07-17T05:32:39.145146+00:00] main.ERROR: Unable to resolve the source file for 'adminhtml/Magento/backend/en_US/underscore-umd.js.map' [] []
[2026-07-17T05:32:39.145530+00:00] main.CRITICAL: Unable to resolve the source file for 'adminhtml/Magento/backend/en_US/underscore-umd.js.map' [] []
[2026-07-17T05:32:40.586593+00:00] main.ERROR: Unable to resolve the source file for 'adminhtml/Magento/backend/en_US/Magento_PageBuilder/js/stage-builder.js.map' [] []
[2026-07-17T05:32:40.586875+00:00] main.CRITICAL: Unable to resolve the source file for 'adminhtml/Magento/backend/en_US/Magento_PageBuilder/js/stage-builder.js.map' [] []
[2026-07-17T05:32:40.683288+00:00] main.ERROR: Unable to resolve the source file for 'adminhtml/Magento/backend/en_US/Magento_PageBuilder/js/config.js.map' [] []
[2026-07-17T05:32:40.683565+00:00] main.CRITICAL: Unable to resolve the source file for 'adminhtml/Magento/backend/en_US/Magento_PageBuilder/js/config.js.map' [] []
[2026-07-17T05:32:40.702680+00:00] main.ERROR: Unable to resolve the source file for 'adminhtml/Magento/backend/en_US/Magento_PageBuilder/js/content-type-collection.js.map' [] []
[2026-07-17T05:32:40.702960+00:00] main.CRITICAL: Unable to resolve the source file for 'adminhtml/Magento/backend/en_US/Magento_PageBuilder/js/content-type-collection.js.map' [] []
[2026-07-17T05:32:40.706596+00:00] main.ERROR: Unable to resolve the source file for 'adminhtml/Magento/backend/en_US/Magento_PageBuilder/js/content-type-factory.js.map' [] []
[2026-07-17T05:32:40.707028+00:00] main.CRITICAL: Unable to resolve the source file for 'adminhtml/Magento/backend/en_US/Magento_PageBuilder/js/content-type-factory.js.map' [] []
[2026-07-17T05:32:40.741921+00:00] main.ERROR: Unable to resolve the source file for 'adminhtml/Magento/backend/en_US/Magento_PageBuilder/js/master-format/validator.js.map' [] []
[2026-07-17T05:32:40.742186+00:00] main.CRITICAL: Unable to resolve the source file for 'adminhtml/Magento/backend/en_US/Magento_PageBuilder/js/master-format/validator.js.map' [] []
[2026-07-17T05:32:40.751867+00:00] main.ERROR: Unable to resolve the source file for 'adminhtml/Magento/backend/en_US/Magento_PageBuilder/js/content-type/appearance-config.js.map' [] []
[2026-07-17T05:32:40.752518+00:00] main.CRITICAL: Unable to resolve the source file for 'adminhtml/Magento/backend/en_US/Magento_PageBuilder/js/content-type/appearance-config.js.map' [] []
[2026-07-17T05:32:40.760477+00:00] main.ERROR: Unable to resolve the source file for 'adminhtml/Magento/backend/en_US/Magento_PageBuilder/js/content-type/style-registry.js.map' [] []
[2026-07-17T05:32:40.760745+00:00] main.CRITICAL: Unable to resolve the source file for 'adminhtml/Magento/backend/en_US/Magento_PageBuilder/js/content-type/style-registry.js.map' [] []
[2026-07-17T05:32:40.765979+00:00] main.ERROR: Unable to resolve the source file for 'adminhtml/Magento/backend/en_US/Magento_PageBuilder/js/utils/directives.js.map' [] []
[2026-07-17T05:32:40.766546+00:00] main.CRITICAL: Unable to resolve the source file for 'adminhtml/Magento/backend/en_US/Magento_PageBuilder/js/utils/directives.js.map' [] []
[2026-07-17T05:32:40.832570+00:00] main.ERROR: Unable to resolve the source file for 'adminhtml/Magento/backend/en_US/Magento_PageBuilder/js/utils/loader.js.map' [] []
[2026-07-17T05:32:40.832967+00:00] main.CRITICAL: Unable to resolve the source file for 'adminhtml/Magento/backend/en_US/Magento_PageBuilder/js/utils/loader.js.map' [] []
[2026-07-17T05:32:40.838910+00:00] main.ERROR: Unable to resolve the source file for 'adminhtml/Magento/backend/en_US/Magento_PageBuilder/js/utils/object.js.map' [] []
[2026-07-17T05:32:40.839177+00:00] main.CRITICAL: Unable to resolve the source file for 'adminhtml/Magento/backend/en_US/Magento_PageBuilder/js/utils/object.js.map' [] []
[2026-07-17T05:32:40.847782+00:00] main.ERROR: Unable to resolve the source file for 'adminhtml/Magento/backend/en_US/Magento_PageBuilder/js/content-type.js.map' [] []
[2026-07-17T05:32:40.848146+00:00] main.CRITICAL: Unable to resolve the source file for 'adminhtml/Magento/backend/en_US/Magento_PageBuilder/js/content-type.js.map' [] []
[2026-07-17T05:32:40.859120+00:00] main.ERROR: Unable to resolve the source file for 'adminhtml/Magento/backend/en_US/Magento_PageBuilder/js/collection.js.map' [] []
[2026-07-17T05:32:40.859477+00:00] main.CRITICAL: Unable to resolve the source file for 'adminhtml/Magento/backend/en_US/Magento_PageBuilder/js/collection.js.map' [] []
[2026-07-17T05:32:40.910792+00:00] main.ERROR: Unable to resolve the source file for 'adminhtml/Magento/backend/en_US/Magento_PageBuilder/js/content-type/master-factory.js.map' [] []
[2026-07-17T05:32:40.911281+00:00] main.CRITICAL: Unable to resolve the source file for 'adminhtml/Magento/backend/en_US/Magento_PageBuilder/js/content-type/master-factory.js.map' [] []
[2026-07-17T05:32:41.000108+00:00] main.ERROR: Unable to resolve the source file for 'adminhtml/Magento/backend/en_US/Magento_PageBuilder/js/content-type/preview-factory.js.map' [] []
[2026-07-17T05:32:41.002525+00:00] main.CRITICAL: Unable to resolve the source file for 'adminhtml/Magento/backend/en_US/Magento_PageBuilder/js/content-type/preview-factory.js.map' [] []
[2026-07-17T05:32:41.004552+00:00] main.ERROR: Unable to resolve the source file for 'adminhtml/Magento/backend/en_US/Magento_PageBuilder/js/utils/string.js.map' [] []
[2026-07-17T05:32:41.004860+00:00] main.CRITICAL: Unable to resolve the source file for 'adminhtml/Magento/backend/en_US/Magento_PageBuilder/js/utils/string.js.map' [] []
[2026-07-17T05:32:41.319247+00:00] main.ERROR: Unable to resolve the source file for 'adminhtml/Magento/backend/en_US/Magento_PageBuilder/js/utils/array.js.map' [] []
[2026-07-17T05:32:41.319540+00:00] main.CRITICAL: Unable to resolve the source file for 'adminhtml/Magento/backend/en_US/Magento_PageBuilder/js/utils/array.js.map' [] []
[2026-07-17T05:32:41.345273+00:00] main.ERROR: Unable to resolve the source file for 'adminhtml/Magento/backend/en_US/Magento_PageBuilder/js/data-store.js.map' [] []
[2026-07-17T05:32:41.345565+00:00] main.CRITICAL: Unable to resolve the source file for 'adminhtml/Magento/backend/en_US/Magento_PageBuilder/js/data-store.js.map' [] []
[2026-07-17T05:32:41.391123+00:00] main.ERROR: Unable to resolve the source file for 'adminhtml/Magento/backend/en_US/Magento_PageBuilder/js/content-type/observable-updater-factory.js.map' [] []
[2026-07-17T05:32:41.391602+00:00] main.CRITICAL: Unable to resolve the source file for 'adminhtml/Magento/backend/en_US/Magento_PageBuilder/js/content-type/observable-updater-factory.js.map' [] []
[2026-07-17T05:32:41.429205+00:00] main.ERROR: Unable to resolve the source file for 'adminhtml/Magento/backend/en_US/Magento_PageBuilder/js/content-type/converter-resolver.js.map' [] []
[2026-07-17T05:32:41.429472+00:00] main.CRITICAL: Unable to resolve the source file for 'adminhtml/Magento/backend/en_US/Magento_PageBuilder/js/content-type/converter-resolver.js.map' [] []
[2026-07-17T05:32:41.443178+00:00] main.ERROR: Unable to resolve the source file for 'adminhtml/Magento/backend/en_US/Magento_PageBuilder/js/content-type/preview-converter-resolver.js.map' [] []
[2026-07-17T05:32:41.443516+00:00] main.CRITICAL: Unable to resolve the source file for 'adminhtml/Magento/backend/en_US/Magento_PageBuilder/js/content-type/preview-converter-resolver.js.map' [] []
[2026-07-17T05:32:41.637209+00:00] main.ERROR: Unable to resolve the source file for 'adminhtml/Magento/backend/en_US/Magento_PageBuilder/js/content-type/observable-updater.js.map' [] []
[2026-07-17T05:32:41.637659+00:00] main.CRITICAL: Unable to resolve the source file for 'adminhtml/Magento/backend/en_US/Magento_PageBuilder/js/content-type/observable-updater.js.map' [] []
[2026-07-17T05:32:41.644505+00:00] main.ERROR: Unable to resolve the source file for 'adminhtml/Magento/backend/en_US/Magento_PageBuilder/js/converter/converter-pool-factory.js.map' [] []
[2026-07-17T05:32:41.644899+00:00] main.CRITICAL: Unable to resolve the source file for 'adminhtml/Magento/backend/en_US/Magento_PageBuilder/js/converter/converter-pool-factory.js.map' [] []
[2026-07-17T05:32:41.650050+00:00] main.ERROR: Unable to resolve the source file for 'adminhtml/Magento/backend/en_US/Magento_PageBuilder/js/mass-converter/converter-pool-factory.js.map' [] []
[2026-07-17T05:32:41.650504+00:00] main.CRITICAL: Unable to resolve the source file for 'adminhtml/Magento/backend/en_US/Magento_PageBuilder/js/mass-converter/converter-pool-factory.js.map' [] []
[2026-07-17T05:32:41.716056+00:00] main.ERROR: Unable to resolve the source file for 'adminhtml/Magento/backend/en_US/Magento_PageBuilder/js/content-type/observable-updater/html.js.map' [] []
[2026-07-17T05:32:41.716499+00:00] main.CRITICAL: Unable to resolve the source file for 'adminhtml/Magento/backend/en_US/Magento_PageBuilder/js/content-type/observable-updater/html.js.map' [] []
[2026-07-17T05:32:41.721022+00:00] main.ERROR: Unable to resolve the source file for 'adminhtml/Magento/backend/en_US/Magento_PageBuilder/js/converter/converter-pool.js.map' [] []
[2026-07-17T05:32:41.725605+00:00] main.CRITICAL: Unable to resolve the source file for 'adminhtml/Magento/backend/en_US/Magento_PageBuilder/js/converter/converter-pool.js.map' [] []
[2026-07-17T05:32:41.737617+00:00] main.ERROR: Unable to resolve the source file for 'adminhtml/Magento/backend/en_US/Magento_PageBuilder/js/content-type/observable-updater/attributes.js.map' [] []
[2026-07-17T05:32:41.737896+00:00] main.CRITICAL: Unable to resolve the source file for 'adminhtml/Magento/backend/en_US/Magento_PageBuilder/js/content-type/observable-updater/attributes.js.map' [] []
[2026-07-17T05:32:41.747438+00:00] main.ERROR: Unable to resolve the source file for 'adminhtml/Magento/backend/en_US/Magento_PageBuilder/js/mass-converter/converter-pool.js.map' [] []
[2026-07-17T05:32:41.747726+00:00] main.CRITICAL: Unable to resolve the source file for 'adminhtml/Magento/backend/en_US/Magento_PageBuilder/js/mass-converter/converter-pool.js.map' [] []
[2026-07-17T05:32:41.747309+00:00] main.ERROR: Unable to resolve the source file for 'adminhtml/Magento/backend/en_US/Magento_PageBuilder/js/content-type/observable-updater/style.js.map' [] []
[2026-07-17T05:32:41.749629+00:00] main.CRITICAL: Unable to resolve the source file for 'adminhtml/Magento/backend/en_US/Magento_PageBuilder/js/content-type/observable-updater/style.js.map' [] []
[2026-07-17T05:32:41.752791+00:00] main.ERROR: Unable to resolve the source file for 'adminhtml/Magento/backend/en_US/Magento_PageBuilder/js/content-type/observable-updater/css.js.map' [] []
[2026-07-17T05:32:41.753061+00:00] main.CRITICAL: Unable to resolve the source file for 'adminhtml/Magento/backend/en_US/Magento_PageBuilder/js/content-type/observable-updater/css.js.map' [] []
[2026-07-17T05:32:41.814589+00:00] main.ERROR: Unable to resolve the source file for 'adminhtml/Magento/backend/en_US/Magento_PageBuilder/js/utils/editor.js.map' [] []
[2026-07-17T05:32:41.815279+00:00] main.CRITICAL: Unable to resolve the source file for 'adminhtml/Magento/backend/en_US/Magento_PageBuilder/js/utils/editor.js.map' [] []
[2026-07-17T05:54:50.802407+00:00] main.WARNING: Memory size allocated for the temporary table is more than 20% of innodb_buffer_pool_size. Please update innodb_buffer_pool_size or decrease batch size value (which decreases memory usages for the temporary table). Current batch size: 100000; Allocated memory size: 200000000 bytes; InnoDB buffer pool size: 134217728 bytes. [] []
[2026-07-17T05:54:50.868123+00:00] main.WARNING: Memory size allocated for the temporary table is more than 20% of innodb_buffer_pool_size. Please update innodb_buffer_pool_size or decrease batch size value (which decreases memory usages for the temporary table). Current batch size: 100000; Allocated memory size: 200000000 bytes; InnoDB buffer pool size: 134217728 bytes. [] []
[2026-07-17T05:54:50.892282+00:00] main.WARNING: Memory size allocated for the temporary table is more than 20% of innodb_buffer_pool_size. Please update innodb_buffer_pool_size or decrease batch size value (which decreases memory usages for the temporary table). Current batch size: 100000; Allocated memory size: 200000000 bytes; InnoDB buffer pool size: 134217728 bytes. [] []
[2026-07-17T05:54:50.906332+00:00] main.WARNING: Memory size allocated for the temporary table is more than 20% of innodb_buffer_pool_size. Please update innodb_buffer_pool_size or decrease batch size value (which decreases memory usages for the temporary table). Current batch size: 100000; Allocated memory size: 200000000 bytes; InnoDB buffer pool size: 134217728 bytes. [] []
[2026-07-17T05:54:50.920678+00:00] main.WARNING: Memory size allocated for the temporary table is more than 20% of innodb_buffer_pool_size. Please update innodb_buffer_pool_size or decrease batch size value (which decreases memory usages for the temporary table). Current batch size: 100000; Allocated memory size: 200000000 bytes; InnoDB buffer pool size: 134217728 bytes. [] []
[2026-07-17T05:54:50.924590+00:00] main.WARNING: Memory size allocated for the temporary table is more than 20% of innodb_buffer_pool_size. Please update innodb_buffer_pool_size or decrease batch size value (which decreases memory usages for the temporary table). Current batch size: 100000; Allocated memory size: 200000000 bytes; InnoDB buffer pool size: 134217728 bytes. [] []
[2026-07-17T05:54:50.929739+00:00] main.WARNING: Memory size allocated for the temporary table is more than 20% of innodb_buffer_pool_size. Please update innodb_buffer_pool_size or decrease batch size value (which decreases memory usages for the temporary table). Current batch size: 100000; Allocated memory size: 200000000 bytes; InnoDB buffer pool size: 134217728 bytes. [] []
[2026-07-17T05:54:50.943253+00:00] main.WARNING: Memory size allocated for the temporary table is more than 20% of innodb_buffer_pool_size. Please update innodb_buffer_pool_size or decrease batch size value (which decreases memory usages for the temporary table). Current batch size: 100000; Allocated memory size: 200000000 bytes; InnoDB buffer pool size: 134217728 bytes. [] []
[2026-07-17T05:54:50.954104+00:00] main.WARNING: Memory size allocated for the temporary table is more than 20% of innodb_buffer_pool_size. Please update innodb_buffer_pool_size or decrease batch size value (which decreases memory usages for the temporary table). Current batch size: 100000; Allocated memory size: 200000000 bytes; InnoDB buffer pool size: 134217728 bytes. [] []
[2026-07-17T05:54:50.959174+00:00] main.WARNING: Memory size allocated for the temporary table is more than 20% of innodb_buffer_pool_size. Please update innodb_buffer_pool_size or decrease batch size value (which decreases memory usages for the temporary table). Current batch size: 100000; Allocated memory size: 200000000 bytes; InnoDB buffer pool size: 134217728 bytes. [] []
[2026-07-17T05:54:50.973180+00:00] main.WARNING: Memory size allocated for the temporary table is more than 20% of innodb_buffer_pool_size. Please update innodb_buffer_pool_size or decrease batch size value (which decreases memory usages for the temporary table). Current batch size: 100000; Allocated memory size: 200000000 bytes; InnoDB buffer pool size: 134217728 bytes. [] []
[2026-07-17T05:54:50.977461+00:00] main.WARNING: Memory size allocated for the temporary table is more than 20% of innodb_buffer_pool_size. Please update innodb_buffer_pool_size or decrease batch size value (which decreases memory usages for the temporary table). Current batch size: 100000; Allocated memory size: 200000000 bytes; InnoDB buffer pool size: 134217728 bytes. [] []
[2026-07-17T05:54:50.983211+00:00] main.WARNING: Memory size allocated for the temporary table is more than 20% of innodb_buffer_pool_size. Please update innodb_buffer_pool_size or decrease batch size value (which decreases memory usages for the temporary table). Current batch size: 100000; Allocated memory size: 200000000 bytes; InnoDB buffer pool size: 134217728 bytes. [] []
[2026-07-17T05:54:50.997183+00:00] main.WARNING: Memory size allocated for the temporary table is more than 20% of innodb_buffer_pool_size. Please update innodb_buffer_pool_size or decrease batch size value (which decreases memory usages for the temporary table). Current batch size: 100000; Allocated memory size: 200000000 bytes; InnoDB buffer pool size: 134217728 bytes. [] []
[2026-07-17T05:54:51.000696+00:00] main.WARNING: Memory size allocated for the temporary table is more than 20% of innodb_buffer_pool_size. Please update innodb_buffer_pool_size or decrease batch size value (which decreases memory usages for the temporary table). Current batch size: 100000; Allocated memory size: 200000000 bytes; InnoDB buffer pool size: 134217728 bytes. [] []
[2026-07-17T05:54:55.109534+00:00] main.WARNING: Memory size allocated for the temporary table is more than 20% of innodb_buffer_pool_size. Please update innodb_buffer_pool_size or decrease batch size value (which decreases memory usages for the temporary table). Current batch size: 1000; Allocated memory size: 30000000 bytes; InnoDB buffer pool size: 134217728 bytes. [] []
[2026-07-17T05:56:57.618381+00:00] main.NOTICE: magento_import returns empty result by path css/source/_email.less for theme Utility/HyvaChild [] []
[2026-07-17T05:56:57.808665+00:00] main.NOTICE: magento_import returns empty result by path css/source/_email.less for theme Utility/HyvaChild [] []
[2026-07-17T05:56:58.099371+00:00] main.NOTICE: magento_import returns empty result by path css/source/_email.less for theme Utility/HyvaChild [] []
[2026-07-17T05:56:58.367174+00:00] main.ERROR: Transport error while sending email: Process failed with exit code 127: sh: 1: /usr/sbin/sendmail: not found
 [] []
[2026-07-17T05:56:58.367616+00:00] main.ERROR: Transport error: Unable to send mail at this time. [] []
[2026-07-17T15:52:21.087743+00:00] main.INFO: FAQ Display Check {"category_id":"54","store_id":"1","global_enabled":true,"category_enabled":false,"has_faq_content":false,"faq_content_length":0,"should_display":false} []
[2026-07-17T16:16:50.889538+00:00] main.WARNING: Memory size allocated for the temporary table is more than 20% of innodb_buffer_pool_size. Please update innodb_buffer_pool_size or decrease batch size value (which decreases memory usages for the temporary table). Current batch size: 100000; Allocated memory size: 200000000 bytes; InnoDB buffer pool size: 134217728 bytes. [] []
[2026-07-17T16:16:50.999042+00:00] main.WARNING: Memory size allocated for the temporary table is more than 20% of innodb_buffer_pool_size. Please update innodb_buffer_pool_size or decrease batch size value (which decreases memory usages for the temporary table). Current batch size: 100000; Allocated memory size: 200000000 bytes; InnoDB buffer pool size: 134217728 bytes. [] []
[2026-07-17T16:16:51.013935+00:00] main.WARNING: Memory size allocated for the temporary table is more than 20% of innodb_buffer_pool_size. Please update innodb_buffer_pool_size or decrease batch size value (which decreases memory usages for the temporary table). Current batch size: 100000; Allocated memory size: 200000000 bytes; InnoDB buffer pool size: 134217728 bytes. [] []
[2026-07-17T16:16:51.036926+00:00] main.WARNING: Memory size allocated for the temporary table is more than 20% of innodb_buffer_pool_size. Please update innodb_buffer_pool_size or decrease batch size value (which decreases memory usages for the temporary table). Current batch size: 100000; Allocated memory size: 200000000 bytes; InnoDB buffer pool size: 134217728 bytes. [] []
[2026-07-17T16:16:51.053233+00:00] main.WARNING: Memory size allocated for the temporary table is more than 20% of innodb_buffer_pool_size. Please update innodb_buffer_pool_size or decrease batch size value (which decreases memory usages for the temporary table). Current batch size: 100000; Allocated memory size: 200000000 bytes; InnoDB buffer pool size: 134217728 bytes. [] []
[2026-07-17T16:16:51.057151+00:00] main.WARNING: Memory size allocated for the temporary table is more than 20% of innodb_buffer_pool_size. Please update innodb_buffer_pool_size or decrease batch size value (which decreases memory usages for the temporary table). Current batch size: 100000; Allocated memory size: 200000000 bytes; InnoDB buffer pool size: 134217728 bytes. [] []
[2026-07-17T16:16:51.063553+00:00] main.WARNING: Memory size allocated for the temporary table is more than 20% of innodb_buffer_pool_size. Please update innodb_buffer_pool_size or decrease batch size value (which decreases memory usages for the temporary table). Current batch size: 100000; Allocated memory size: 200000000 bytes; InnoDB buffer pool size: 134217728 bytes. [] []
[2026-07-17T16:16:51.078279+00:00] main.WARNING: Memory size allocated for the temporary table is more than 20% of innodb_buffer_pool_size. Please update innodb_buffer_pool_size or decrease batch size value (which decreases memory usages for the temporary table). Current batch size: 100000; Allocated memory size: 200000000 bytes; InnoDB buffer pool size: 134217728 bytes. [] []
[2026-07-17T16:16:51.082150+00:00] main.WARNING: Memory size allocated for the temporary table is more than 20% of innodb_buffer_pool_size. Please update innodb_buffer_pool_size or decrease batch size value (which decreases memory usages for the temporary table). Current batch size: 100000; Allocated memory size: 200000000 bytes; InnoDB buffer pool size: 134217728 bytes. [] []
[2026-07-17T16:16:51.097707+00:00] main.WARNING: Memory size allocated for the temporary table is more than 20% of innodb_buffer_pool_size. Please update innodb_buffer_pool_size or decrease batch size value (which decreases memory usages for the temporary table). Current batch size: 100000; Allocated memory size: 200000000 bytes; InnoDB buffer pool size: 134217728 bytes. [] []
[2026-07-17T16:16:51.130506+00:00] main.WARNING: Memory size allocated for the temporary table is more than 20% of innodb_buffer_pool_size. Please update innodb_buffer_pool_size or decrease batch size value (which decreases memory usages for the temporary table). Current batch size: 100000; Allocated memory size: 200000000 bytes; InnoDB buffer pool size: 134217728 bytes. [] []
[2026-07-17T16:16:51.144114+00:00] main.WARNING: Memory size allocated for the temporary table is more than 20% of innodb_buffer_pool_size. Please update innodb_buffer_pool_size or decrease batch size value (which decreases memory usages for the temporary table). Current batch size: 100000; Allocated memory size: 200000000 bytes; InnoDB buffer pool size: 134217728 bytes. [] []
[2026-07-17T16:16:51.159209+00:00] main.WARNING: Memory size allocated for the temporary table is more than 20% of innodb_buffer_pool_size. Please update innodb_buffer_pool_size or decrease batch size value (which decreases memory usages for the temporary table). Current batch size: 100000; Allocated memory size: 200000000 bytes; InnoDB buffer pool size: 134217728 bytes. [] []
[2026-07-17T16:16:51.185612+00:00] main.WARNING: Memory size allocated for the temporary table is more than 20% of innodb_buffer_pool_size. Please update innodb_buffer_pool_size or decrease batch size value (which decreases memory usages for the temporary table). Current batch size: 100000; Allocated memory size: 200000000 bytes; InnoDB buffer pool size: 134217728 bytes. [] []
[2026-07-17T16:16:51.191767+00:00] main.WARNING: Memory size allocated for the temporary table is more than 20% of innodb_buffer_pool_size. Please update innodb_buffer_pool_size or decrease batch size value (which decreases memory usages for the temporary table). Current batch size: 100000; Allocated memory size: 200000000 bytes; InnoDB buffer pool size: 134217728 bytes. [] []
[2026-07-17T16:16:55.057984+00:00] main.WARNING: Memory size allocated for the temporary table is more than 20% of innodb_buffer_pool_size. Please update innodb_buffer_pool_size or decrease batch size value (which decreases memory usages for the temporary table). Current batch size: 1000; Allocated memory size: 30000000 bytes; InnoDB buffer pool size: 134217728 bytes. [] []
[2026-07-17T16:20:00.674674+00:00] main.ERROR: Unable to resolve the source file for 'frontend/Magento/luma/en_GB/underscore-umd.js.map' [] []
[2026-07-17T16:20:00.675325+00:00] main.CRITICAL: Unable to resolve the source file for 'frontend/Magento/luma/en_GB/underscore-umd.js.map' [] []
[2026-07-17T16:20:16.994156+00:00] main.NOTICE: magento_import returns empty result by path css/source/_email.less for theme Utility/HyvaChild [] []
[2026-07-17T16:20:17.533496+00:00] main.NOTICE: magento_import returns empty result by path css/source/_email.less for theme Utility/HyvaChild [] []
[2026-07-17T16:20:17.878256+00:00] main.NOTICE: magento_import returns empty result by path css/source/_email.less for theme Utility/HyvaChild [] []
[2026-07-17T16:20:18.267252+00:00] main.ERROR: Transport error while sending email: Unable to write bytes on the wire. [] []
[2026-07-17T16:20:18.267756+00:00] main.ERROR: Transport error: Unable to send mail at this time. [] []
[2026-07-17T18:15:36.324320+00:00] main.WARNING: Memory size allocated for the temporary table is more than 20% of innodb_buffer_pool_size. Please update innodb_buffer_pool_size or decrease batch size value (which decreases memory usages for the temporary table). Current batch size: 100000; Allocated memory size: 200000000 bytes; InnoDB buffer pool size: 134217728 bytes. [] []
[2026-07-17T18:15:36.412159+00:00] main.WARNING: Memory size allocated for the temporary table is more than 20% of innodb_buffer_pool_size. Please update innodb_buffer_pool_size or decrease batch size value (which decreases memory usages for the temporary table). Current batch size: 100000; Allocated memory size: 200000000 bytes; InnoDB buffer pool size: 134217728 bytes. [] []
[2026-07-17T18:15:36.446092+00:00] main.WARNING: Memory size allocated for the temporary table is more than 20% of innodb_buffer_pool_size. Please update innodb_buffer_pool_size or decrease batch size value (which decreases memory usages for the temporary table). Current batch size: 100000; Allocated memory size: 200000000 bytes; InnoDB buffer pool size: 134217728 bytes. [] []
[2026-07-17T18:15:36.495514+00:00] main.WARNING: Memory size allocated for the temporary table is more than 20% of innodb_buffer_pool_size. Please update innodb_buffer_pool_size or decrease batch size value (which decreases memory usages for the temporary table). Current batch size: 100000; Allocated memory size: 200000000 bytes; InnoDB buffer pool size: 134217728 bytes. [] []
[2026-07-17T18:15:36.515784+00:00] main.WARNING: Memory size allocated for the temporary table is more than 20% of innodb_buffer_pool_size. Please update innodb_buffer_pool_size or decrease batch size value (which decreases memory usages for the temporary table). Current batch size: 100000; Allocated memory size: 200000000 bytes; InnoDB buffer pool size: 134217728 bytes. [] []
[2026-07-17T18:15:36.520480+00:00] main.WARNING: Memory size allocated for the temporary table is more than 20% of innodb_buffer_pool_size. Please update innodb_buffer_pool_size or decrease batch size value (which decreases memory usages for the temporary table). Current batch size: 100000; Allocated memory size: 200000000 bytes; InnoDB buffer pool size: 134217728 bytes. [] []
[2026-07-17T18:15:36.527254+00:00] main.WARNING: Memory size allocated for the temporary table is more than 20% of innodb_buffer_pool_size. Please update innodb_buffer_pool_size or decrease batch size value (which decreases memory usages for the temporary table). Current batch size: 100000; Allocated memory size: 200000000 bytes; InnoDB buffer pool size: 134217728 bytes. [] []
[2026-07-17T18:15:36.545529+00:00] main.WARNING: Memory size allocated for the temporary table is more than 20% of innodb_buffer_pool_size. Please update innodb_buffer_pool_size or decrease batch size value (which decreases memory usages for the temporary table). Current batch size: 100000; Allocated memory size: 200000000 bytes; InnoDB buffer pool size: 134217728 bytes. [] []
[2026-07-17T18:15:36.549792+00:00] main.WARNING: Memory size allocated for the temporary table is more than 20% of innodb_buffer_pool_size. Please update innodb_buffer_pool_size or decrease batch size value (which decreases memory usages for the temporary table). Current batch size: 100000; Allocated memory size: 200000000 bytes; InnoDB buffer pool size: 134217728 bytes. [] []
[2026-07-17T18:15:36.556595+00:00] main.WARNING: Memory size allocated for the temporary table is more than 20% of innodb_buffer_pool_size. Please update innodb_buffer_pool_size or decrease batch size value (which decreases memory usages for the temporary table). Current batch size: 100000; Allocated memory size: 200000000 bytes; InnoDB buffer pool size: 134217728 bytes. [] []
[2026-07-17T18:15:36.573438+00:00] main.WARNING: Memory size allocated for the temporary table is more than 20% of innodb_buffer_pool_size. Please update innodb_buffer_pool_size or decrease batch size value (which decreases memory usages for the temporary table). Current batch size: 100000; Allocated memory size: 200000000 bytes; InnoDB buffer pool size: 134217728 bytes. [] []
[2026-07-17T18:15:36.576849+00:00] main.WARNING: Memory size allocated for the temporary table is more than 20% of innodb_buffer_pool_size. Please update innodb_buffer_pool_size or decrease batch size value (which decreases memory usages for the temporary table). Current batch size: 100000; Allocated memory size: 200000000 bytes; InnoDB buffer pool size: 134217728 bytes. [] []
[2026-07-17T18:15:36.582699+00:00] main.WARNING: Memory size allocated for the temporary table is more than 20% of innodb_buffer_pool_size. Please update innodb_buffer_pool_size or decrease batch size value (which decreases memory usages for the temporary table). Current batch size: 100000; Allocated memory size: 200000000 bytes; InnoDB buffer pool size: 134217728 bytes. [] []
[2026-07-17T18:15:36.597098+00:00] main.WARNING: Memory size allocated for the temporary table is more than 20% of innodb_buffer_pool_size. Please update innodb_buffer_pool_size or decrease batch size value (which decreases memory usages for the temporary table). Current batch size: 100000; Allocated memory size: 200000000 bytes; InnoDB buffer pool size: 134217728 bytes. [] []
[2026-07-17T18:15:36.600889+00:00] main.WARNING: Memory size allocated for the temporary table is more than 20% of innodb_buffer_pool_size. Please update innodb_buffer_pool_size or decrease batch size value (which decreases memory usages for the temporary table). Current batch size: 100000; Allocated memory size: 200000000 bytes; InnoDB buffer pool size: 134217728 bytes. [] []
[2026-07-17T18:15:41.397092+00:00] main.WARNING: Memory size allocated for the temporary table is more than 20% of innodb_buffer_pool_size. Please update innodb_buffer_pool_size or decrease batch size value (which decreases memory usages for the temporary table). Current batch size: 1000; Allocated memory size: 30000000 bytes; InnoDB buffer pool size: 134217728 bytes. [] []
[2026-07-17T18:15:44.693069+00:00] main.CRITICAL: Could not ping search engine: No alive nodes found in your cluster [] []
[2026-07-17T18:17:37.713303+00:00] main.WARNING: Memory size allocated for the temporary table is more than 20% of innodb_buffer_pool_size. Please update innodb_buffer_pool_size or decrease batch size value (which decreases memory usages for the temporary table). Current batch size: 100000; Allocated memory size: 200000000 bytes; InnoDB buffer pool size: 134217728 bytes. [] []
[2026-07-17T18:17:37.785921+00:00] main.WARNING: Memory size allocated for the temporary table is more than 20% of innodb_buffer_pool_size. Please update innodb_buffer_pool_size or decrease batch size value (which decreases memory usages for the temporary table). Current batch size: 100000; Allocated memory size: 200000000 bytes; InnoDB buffer pool size: 134217728 bytes. [] []
[2026-07-17T18:17:37.843314+00:00] main.WARNING: Memory size allocated for the temporary table is more than 20% of innodb_buffer_pool_size. Please update innodb_buffer_pool_size or decrease batch size value (which decreases memory usages for the temporary table). Current batch size: 100000; Allocated memory size: 200000000 bytes; InnoDB buffer pool size: 134217728 bytes. [] []
[2026-07-17T18:17:37.906610+00:00] main.WARNING: Memory size allocated for the temporary table is more than 20% of innodb_buffer_pool_size. Please update innodb_buffer_pool_size or decrease batch size value (which decreases memory usages for the temporary table). Current batch size: 100000; Allocated memory size: 200000000 bytes; InnoDB buffer pool size: 134217728 bytes. [] []
[2026-07-17T18:17:37.957065+00:00] main.WARNING: Memory size allocated for the temporary table is more than 20% of innodb_buffer_pool_size. Please update innodb_buffer_pool_size or decrease batch size value (which decreases memory usages for the temporary table). Current batch size: 100000; Allocated memory size: 200000000 bytes; InnoDB buffer pool size: 134217728 bytes. [] []
[2026-07-17T18:17:37.965197+00:00] main.WARNING: Memory size allocated for the temporary table is more than 20% of innodb_buffer_pool_size. Please update innodb_buffer_pool_size or decrease batch size value (which decreases memory usages for the temporary table). Current batch size: 100000; Allocated memory size: 200000000 bytes; InnoDB buffer pool size: 134217728 bytes. [] []
[2026-07-17T18:17:37.972619+00:00] main.WARNING: Memory size allocated for the temporary table is more than 20% of innodb_buffer_pool_size. Please update innodb_buffer_pool_size or decrease batch size value (which decreases memory usages for the temporary table). Current batch size: 100000; Allocated memory size: 200000000 bytes; InnoDB buffer pool size: 134217728 bytes. [] []
[2026-07-17T18:17:37.991527+00:00] main.WARNING: Memory size allocated for the temporary table is more than 20% of innodb_buffer_pool_size. Please update innodb_buffer_pool_size or decrease batch size value (which decreases memory usages for the temporary table). Current batch size: 100000; Allocated memory size: 200000000 bytes; InnoDB buffer pool size: 134217728 bytes. [] []
[2026-07-17T18:17:37.995668+00:00] main.WARNING: Memory size allocated for the temporary table is more than 20% of innodb_buffer_pool_size. Please update innodb_buffer_pool_size or decrease batch size value (which decreases memory usages for the temporary table). Current batch size: 100000; Allocated memory size: 200000000 bytes; InnoDB buffer pool size: 134217728 bytes. [] []
[2026-07-17T18:17:38.000451+00:00] main.WARNING: Memory size allocated for the temporary table is more than 20% of innodb_buffer_pool_size. Please update innodb_buffer_pool_size or decrease batch size value (which decreases memory usages for the temporary table). Current batch size: 100000; Allocated memory size: 200000000 bytes; InnoDB buffer pool size: 134217728 bytes. [] []
[2026-07-17T18:17:38.017227+00:00] main.WARNING: Memory size allocated for the temporary table is more than 20% of innodb_buffer_pool_size. Please update innodb_buffer_pool_size or decrease batch size value (which decreases memory usages for the temporary table). Current batch size: 100000; Allocated memory size: 200000000 bytes; InnoDB buffer pool size: 134217728 bytes. [] []
[2026-07-17T18:17:38.021289+00:00] main.WARNING: Memory size allocated for the temporary table is more than 20% of innodb_buffer_pool_size. Please update innodb_buffer_pool_size or decrease batch size value (which decreases memory usages for the temporary table). Current batch size: 100000; Allocated memory size: 200000000 bytes; InnoDB buffer pool size: 134217728 bytes. [] []
[2026-07-17T18:17:38.026289+00:00] main.WARNING: Memory size allocated for the temporary table is more than 20% of innodb_buffer_pool_size. Please update innodb_buffer_pool_size or decrease batch size value (which decreases memory usages for the temporary table). Current batch size: 100000; Allocated memory size: 200000000 bytes; InnoDB buffer pool size: 134217728 bytes. [] []
[2026-07-17T18:17:38.050251+00:00] main.WARNING: Memory size allocated for the temporary table is more than 20% of innodb_buffer_pool_size. Please update innodb_buffer_pool_size or decrease batch size value (which decreases memory usages for the temporary table). Current batch size: 100000; Allocated memory size: 200000000 bytes; InnoDB buffer pool size: 134217728 bytes. [] []
[2026-07-17T18:17:38.056151+00:00] main.WARNING: Memory size allocated for the temporary table is more than 20% of innodb_buffer_pool_size. Please update innodb_buffer_pool_size or decrease batch size value (which decreases memory usages for the temporary table). Current batch size: 100000; Allocated memory size: 200000000 bytes; InnoDB buffer pool size: 134217728 bytes. [] []
[2026-07-17T18:17:42.320377+00:00] main.WARNING: Memory size allocated for the temporary table is more than 20% of innodb_buffer_pool_size. Please update innodb_buffer_pool_size or decrease batch size value (which decreases memory usages for the temporary table). Current batch size: 1000; Allocated memory size: 30000000 bytes; InnoDB buffer pool size: 134217728 bytes. [] []
[2026-07-17T18:22:24.598270+00:00] main.CRITICAL: Can't create directory /var/www/html/magento2-store/generated/code/Magento/Framework/App/ResourceConnection/.
Class Magento\Framework\App\ResourceConnection\Proxy generation error: The requested class did not generate properly, because the 'generated' directory permission is read-only. If --- after running the 'bin/magento setup:di:compile' CLI command when the 'generated' directory permission is set to write --- the requested class did not generate properly, then you must add the generated class object to the signature of the related construct method, only. [] []
[2026-07-17T18:22:26.361509+00:00] main.CRITICAL: Can't create directory /var/www/html/magento2-store/generated/code/Magento/Framework/App/ResourceConnection/.
Class Magento\Framework\App\ResourceConnection\Proxy generation error: The requested class did not generate properly, because the 'generated' directory permission is read-only. If --- after running the 'bin/magento setup:di:compile' CLI command when the 'generated' directory permission is set to write --- the requested class did not generate properly, then you must add the generated class object to the signature of the related construct method, only. [] []
[2026-07-17T18:22:37.600400+00:00] main.CRITICAL: Can't create directory /var/www/html/magento2-store/generated/code/Magento/RemoteStorage/Driver/Adapter/.
Class Magento\RemoteStorage\Driver\Adapter\MetadataProviderInterfaceFactory generation error: The requested class did not generate properly, because the 'generated' directory permission is read-only. If --- after running the 'bin/magento setup:di:compile' CLI command when the 'generated' directory permission is set to write --- the requested class did not generate properly, then you must add the generated class object to the signature of the related construct method, only. [] []
[2026-07-17T19:06:53.404516+00:00] main.INFO: Category Save Before Observer - Request Data {"category_id":null,"has_enable_faq":false,"has_category_faq":false,"all_keys":["form_key","entity","behavior","validation_strategy","allowed_error_count","_import_field_separator","_import_multiple_value_separator","_import_empty_attribute_value_constant","import_images_file_dir","_import_ids","_import_history_id"]} []
[2026-07-17T19:06:53.404978+00:00] main.WARNING: category_faq not in request data {"data_keys":["form_key","entity","behavior","validation_strategy","allowed_error_count","_import_field_separator","_import_multiple_value_separator","_import_empty_attribute_value_constant","import_images_file_dir","_import_ids","_import_history_id"]} []
[2026-07-17T19:06:53.579728+00:00] main.INFO: Category Save Before Observer - Request Data {"category_id":null,"has_enable_faq":false,"has_category_faq":false,"all_keys":["form_key","entity","behavior","validation_strategy","allowed_error_count","_import_field_separator","_import_multiple_value_separator","_import_empty_attribute_value_constant","import_images_file_dir","_import_ids","_import_history_id"]} []
[2026-07-17T19:06:53.580042+00:00] main.WARNING: category_faq not in request data {"data_keys":["form_key","entity","behavior","validation_strategy","allowed_error_count","_import_field_separator","_import_multiple_value_separator","_import_empty_attribute_value_constant","import_images_file_dir","_import_ids","_import_history_id"]} []
[2026-07-17T19:06:53.676465+00:00] main.INFO: Category Save Before Observer - Request Data {"category_id":null,"has_enable_faq":false,"has_category_faq":false,"all_keys":["form_key","entity","behavior","validation_strategy","allowed_error_count","_import_field_separator","_import_multiple_value_separator","_import_empty_attribute_value_constant","import_images_file_dir","_import_ids","_import_history_id"]} []
[2026-07-17T19:06:53.676699+00:00] main.WARNING: category_faq not in request data {"data_keys":["form_key","entity","behavior","validation_strategy","allowed_error_count","_import_field_separator","_import_multiple_value_separator","_import_empty_attribute_value_constant","import_images_file_dir","_import_ids","_import_history_id"]} []
[2026-07-17T19:06:53.915941+00:00] main.INFO: Category Save After - Saving FAQ attributes {"category_id":"75","has_enable_faq":false,"has_category_faq":false} []
[2026-07-17T19:06:53.916227+00:00] main.INFO: Attempting direct DB save {"category_id":"75","store_id":0,"entity_type_id":"3"} []
[2026-07-17T19:06:53.917408+00:00] main.INFO: Attribute IDs found {"enable_faq_attr_id":"139","category_faq_attr_id":"140"} []
[2026-07-17T19:06:54.023037+00:00] main.INFO: Category Save Before Observer - Request Data {"category_id":null,"has_enable_faq":false,"has_category_faq":false,"all_keys":["form_key","entity","behavior","validation_strategy","allowed_error_count","_import_field_separator","_import_multiple_value_separator","_import_empty_attribute_value_constant","import_images_file_dir","_import_ids","_import_history_id"]} []
[2026-07-17T19:06:54.023221+00:00] main.WARNING: category_faq not in request data {"data_keys":["form_key","entity","behavior","validation_strategy","allowed_error_count","_import_field_separator","_import_multiple_value_separator","_import_empty_attribute_value_constant","import_images_file_dir","_import_ids","_import_history_id"]} []
[2026-07-17T19:06:54.089284+00:00] main.INFO: Category Save After - Saving FAQ attributes {"category_id":"76","has_enable_faq":false,"has_category_faq":false} []
[2026-07-17T19:06:54.089498+00:00] main.INFO: Attempting direct DB save {"category_id":"76","store_id":0,"entity_type_id":"3"} []
[2026-07-17T19:06:54.090512+00:00] main.INFO: Attribute IDs found {"enable_faq_attr_id":"139","category_faq_attr_id":"140"} []
[2026-07-17T19:06:54.255857+00:00] main.INFO: Category Save Before Observer - Request Data {"category_id":null,"has_enable_faq":false,"has_category_faq":false,"all_keys":["form_key","entity","behavior","validation_strategy","allowed_error_count","_import_field_separator","_import_multiple_value_separator","_import_empty_attribute_value_constant","import_images_file_dir","_import_ids","_import_history_id"]} []
[2026-07-17T19:06:54.256680+00:00] main.WARNING: category_faq not in request data {"data_keys":["form_key","entity","behavior","validation_strategy","allowed_error_count","_import_field_separator","_import_multiple_value_separator","_import_empty_attribute_value_constant","import_images_file_dir","_import_ids","_import_history_id"]} []
[2026-07-17T19:06:54.365792+00:00] main.INFO: Category Save Before Observer - Request Data {"category_id":null,"has_enable_faq":false,"has_category_faq":false,"all_keys":["form_key","entity","behavior","validation_strategy","allowed_error_count","_import_field_separator","_import_multiple_value_separator","_import_empty_attribute_value_constant","import_images_file_dir","_import_ids","_import_history_id"]} []
[2026-07-17T19:06:54.366063+00:00] main.WARNING: category_faq not in request data {"data_keys":["form_key","entity","behavior","validation_strategy","allowed_error_count","_import_field_separator","_import_multiple_value_separator","_import_empty_attribute_value_constant","import_images_file_dir","_import_ids","_import_history_id"]} []
[2026-07-17T19:06:54.466502+00:00] main.INFO: Category Save Before Observer - Request Data {"category_id":null,"has_enable_faq":false,"has_category_faq":false,"all_keys":["form_key","entity","behavior","validation_strategy","allowed_error_count","_import_field_separator","_import_multiple_value_separator","_import_empty_attribute_value_constant","import_images_file_dir","_import_ids","_import_history_id"]} []
[2026-07-17T19:06:54.466693+00:00] main.WARNING: category_faq not in request data {"data_keys":["form_key","entity","behavior","validation_strategy","allowed_error_count","_import_field_separator","_import_multiple_value_separator","_import_empty_attribute_value_constant","import_images_file_dir","_import_ids","_import_history_id"]} []
[2026-07-17T19:06:54.543910+00:00] main.INFO: Category Save Before Observer - Request Data {"category_id":null,"has_enable_faq":false,"has_category_faq":false,"all_keys":["form_key","entity","behavior","validation_strategy","allowed_error_count","_import_field_separator","_import_multiple_value_separator","_import_empty_attribute_value_constant","import_images_file_dir","_import_ids","_import_history_id"]} []
[2026-07-17T19:06:54.544202+00:00] main.WARNING: category_faq not in request data {"data_keys":["form_key","entity","behavior","validation_strategy","allowed_error_count","_import_field_separator","_import_multiple_value_separator","_import_empty_attribute_value_constant","import_images_file_dir","_import_ids","_import_history_id"]} []
[2026-07-17T19:06:54.618452+00:00] main.INFO: Category Save Before Observer - Request Data {"category_id":null,"has_enable_faq":false,"has_category_faq":false,"all_keys":["form_key","entity","behavior","validation_strategy","allowed_error_count","_import_field_separator","_import_multiple_value_separator","_import_empty_attribute_value_constant","import_images_file_dir","_import_ids","_import_history_id"]} []
[2026-07-17T19:06:54.618778+00:00] main.WARNING: category_faq not in request data {"data_keys":["form_key","entity","behavior","validation_strategy","allowed_error_count","_import_field_separator","_import_multiple_value_separator","_import_empty_attribute_value_constant","import_images_file_dir","_import_ids","_import_history_id"]} []
[2026-07-17T19:06:54.693247+00:00] main.INFO: Category Save Before Observer - Request Data {"category_id":null,"has_enable_faq":false,"has_category_faq":false,"all_keys":["form_key","entity","behavior","validation_strategy","allowed_error_count","_import_field_separator","_import_multiple_value_separator","_import_empty_attribute_value_constant","import_images_file_dir","_import_ids","_import_history_id"]} []
[2026-07-17T19:06:54.693477+00:00] main.WARNING: category_faq not in request data {"data_keys":["form_key","entity","behavior","validation_strategy","allowed_error_count","_import_field_separator","_import_multiple_value_separator","_import_empty_attribute_value_constant","import_images_file_dir","_import_ids","_import_history_id"]} []
[2026-07-17T19:06:54.789838+00:00] main.INFO: Category Save Before Observer - Request Data {"category_id":null,"has_enable_faq":false,"has_category_faq":false,"all_keys":["form_key","entity","behavior","validation_strategy","allowed_error_count","_import_field_separator","_import_multiple_value_separator","_import_empty_attribute_value_constant","import_images_file_dir","_import_ids","_import_history_id"]} []
[2026-07-17T19:06:54.790076+00:00] main.WARNING: category_faq not in request data {"data_keys":["form_key","entity","behavior","validation_strategy","allowed_error_count","_import_field_separator","_import_multiple_value_separator","_import_empty_attribute_value_constant","import_images_file_dir","_import_ids","_import_history_id"]} []
[2026-07-17T19:06:54.891344+00:00] main.INFO: Category Save Before Observer - Request Data {"category_id":null,"has_enable_faq":false,"has_category_faq":false,"all_keys":["form_key","entity","behavior","validation_strategy","allowed_error_count","_import_field_separator","_import_multiple_value_separator","_import_empty_attribute_value_constant","import_images_file_dir","_import_ids","_import_history_id"]} []
[2026-07-17T19:06:54.891641+00:00] main.WARNING: category_faq not in request data {"data_keys":["form_key","entity","behavior","validation_strategy","allowed_error_count","_import_field_separator","_import_multiple_value_separator","_import_empty_attribute_value_constant","import_images_file_dir","_import_ids","_import_history_id"]} []
[2026-07-17T19:06:54.993718+00:00] main.INFO: Category Save Before Observer - Request Data {"category_id":null,"has_enable_faq":false,"has_category_faq":false,"all_keys":["form_key","entity","behavior","validation_strategy","allowed_error_count","_import_field_separator","_import_multiple_value_separator","_import_empty_attribute_value_constant","import_images_file_dir","_import_ids","_import_history_id"]} []
[2026-07-17T19:06:54.994105+00:00] main.WARNING: category_faq not in request data {"data_keys":["form_key","entity","behavior","validation_strategy","allowed_error_count","_import_field_separator","_import_multiple_value_separator","_import_empty_attribute_value_constant","import_images_file_dir","_import_ids","_import_history_id"]} []
[2026-07-17T19:06:55.131874+00:00] main.INFO: Category Save Before Observer - Request Data {"category_id":null,"has_enable_faq":false,"has_category_faq":false,"all_keys":["form_key","entity","behavior","validation_strategy","allowed_error_count","_import_field_separator","_import_multiple_value_separator","_import_empty_attribute_value_constant","import_images_file_dir","_import_ids","_import_history_id"]} []
[2026-07-17T19:06:55.132164+00:00] main.WARNING: category_faq not in request data {"data_keys":["form_key","entity","behavior","validation_strategy","allowed_error_count","_import_field_separator","_import_multiple_value_separator","_import_empty_attribute_value_constant","import_images_file_dir","_import_ids","_import_history_id"]} []
[2026-07-17T19:06:55.225722+00:00] main.INFO: Category Save Before Observer - Request Data {"category_id":null,"has_enable_faq":false,"has_category_faq":false,"all_keys":["form_key","entity","behavior","validation_strategy","allowed_error_count","_import_field_separator","_import_multiple_value_separator","_import_empty_attribute_value_constant","import_images_file_dir","_import_ids","_import_history_id"]} []
[2026-07-17T19:06:55.225981+00:00] main.WARNING: category_faq not in request data {"data_keys":["form_key","entity","behavior","validation_strategy","allowed_error_count","_import_field_separator","_import_multiple_value_separator","_import_empty_attribute_value_constant","import_images_file_dir","_import_ids","_import_history_id"]} []
[2026-07-17T19:06:55.315440+00:00] main.INFO: Category Save Before Observer - Request Data {"category_id":null,"has_enable_faq":false,"has_category_faq":false,"all_keys":["form_key","entity","behavior","validation_strategy","allowed_error_count","_import_field_separator","_import_multiple_value_separator","_import_empty_attribute_value_constant","import_images_file_dir","_import_ids","_import_history_id"]} []
[2026-07-17T19:06:55.315681+00:00] main.WARNING: category_faq not in request data {"data_keys":["form_key","entity","behavior","validation_strategy","allowed_error_count","_import_field_separator","_import_multiple_value_separator","_import_empty_attribute_value_constant","import_images_file_dir","_import_ids","_import_history_id"]} []
[2026-07-17T19:06:55.409145+00:00] main.INFO: Category Save Before Observer - Request Data {"category_id":null,"has_enable_faq":false,"has_category_faq":false,"all_keys":["form_key","entity","behavior","validation_strategy","allowed_error_count","_import_field_separator","_import_multiple_value_separator","_import_empty_attribute_value_constant","import_images_file_dir","_import_ids","_import_history_id"]} []
[2026-07-17T19:06:55.409446+00:00] main.WARNING: category_faq not in request data {"data_keys":["form_key","entity","behavior","validation_strategy","allowed_error_count","_import_field_separator","_import_multiple_value_separator","_import_empty_attribute_value_constant","import_images_file_dir","_import_ids","_import_history_id"]} []
[2026-07-17T19:06:55.480742+00:00] main.INFO: Category Save Before Observer - Request Data {"category_id":null,"has_enable_faq":false,"has_category_faq":false,"all_keys":["form_key","entity","behavior","validation_strategy","allowed_error_count","_import_field_separator","_import_multiple_value_separator","_import_empty_attribute_value_constant","import_images_file_dir","_import_ids","_import_history_id"]} []
[2026-07-17T19:06:55.480972+00:00] main.WARNING: category_faq not in request data {"data_keys":["form_key","entity","behavior","validation_strategy","allowed_error_count","_import_field_separator","_import_multiple_value_separator","_import_empty_attribute_value_constant","import_images_file_dir","_import_ids","_import_history_id"]} []
[2026-07-17T19:06:55.596362+00:00] main.INFO: Category Save Before Observer - Request Data {"category_id":null,"has_enable_faq":false,"has_category_faq":false,"all_keys":["form_key","entity","behavior","validation_strategy","allowed_error_count","_import_field_separator","_import_multiple_value_separator","_import_empty_attribute_value_constant","import_images_file_dir","_import_ids","_import_history_id"]} []
[2026-07-17T19:06:55.597025+00:00] main.WARNING: category_faq not in request data {"data_keys":["form_key","entity","behavior","validation_strategy","allowed_error_count","_import_field_separator","_import_multiple_value_separator","_import_empty_attribute_value_constant","import_images_file_dir","_import_ids","_import_history_id"]} []
[2026-07-17T19:06:55.708080+00:00] main.INFO: Category Save Before Observer - Request Data {"category_id":null,"has_enable_faq":false,"has_category_faq":false,"all_keys":["form_key","entity","behavior","validation_strategy","allowed_error_count","_import_field_separator","_import_multiple_value_separator","_import_empty_attribute_value_constant","import_images_file_dir","_import_ids","_import_history_id"]} []
[2026-07-17T19:06:55.708405+00:00] main.WARNING: category_faq not in request data {"data_keys":["form_key","entity","behavior","validation_strategy","allowed_error_count","_import_field_separator","_import_multiple_value_separator","_import_empty_attribute_value_constant","import_images_file_dir","_import_ids","_import_history_id"]} []
[2026-07-17T19:06:55.825723+00:00] main.INFO: Category Save Before Observer - Request Data {"category_id":null,"has_enable_faq":false,"has_category_faq":false,"all_keys":["form_key","entity","behavior","validation_strategy","allowed_error_count","_import_field_separator","_import_multiple_value_separator","_import_empty_attribute_value_constant","import_images_file_dir","_import_ids","_import_history_id"]} []
[2026-07-17T19:06:55.825910+00:00] main.WARNING: category_faq not in request data {"data_keys":["form_key","entity","behavior","validation_strategy","allowed_error_count","_import_field_separator","_import_multiple_value_separator","_import_empty_attribute_value_constant","import_images_file_dir","_import_ids","_import_history_id"]} []
[2026-07-17T19:06:55.896381+00:00] main.INFO: Category Save Before Observer - Request Data {"category_id":null,"has_enable_faq":false,"has_category_faq":false,"all_keys":["form_key","entity","behavior","validation_strategy","allowed_error_count","_import_field_separator","_import_multiple_value_separator","_import_empty_attribute_value_constant","import_images_file_dir","_import_ids","_import_history_id"]} []
[2026-07-17T19:06:55.896602+00:00] main.WARNING: category_faq not in request data {"data_keys":["form_key","entity","behavior","validation_strategy","allowed_error_count","_import_field_separator","_import_multiple_value_separator","_import_empty_attribute_value_constant","import_images_file_dir","_import_ids","_import_history_id"]} []
[2026-07-17T19:06:55.959033+00:00] main.INFO: Category Save Before Observer - Request Data {"category_id":null,"has_enable_faq":false,"has_category_faq":false,"all_keys":["form_key","entity","behavior","validation_strategy","allowed_error_count","_import_field_separator","_import_multiple_value_separator","_import_empty_attribute_value_constant","import_images_file_dir","_import_ids","_import_history_id"]} []
[2026-07-17T19:06:55.959273+00:00] main.WARNING: category_faq not in request data {"data_keys":["form_key","entity","behavior","validation_strategy","allowed_error_count","_import_field_separator","_import_multiple_value_separator","_import_empty_attribute_value_constant","import_images_file_dir","_import_ids","_import_history_id"]} []
[2026-07-17T19:06:56.027584+00:00] main.INFO: Category Save Before Observer - Request Data {"category_id":null,"has_enable_faq":false,"has_category_faq":false,"all_keys":["form_key","entity","behavior","validation_strategy","allowed_error_count","_import_field_separator","_import_multiple_value_separator","_import_empty_attribute_value_constant","import_images_file_dir","_import_ids","_import_history_id"]} []
[2026-07-17T19:06:56.027854+00:00] main.WARNING: category_faq not in request data {"data_keys":["form_key","entity","behavior","validation_strategy","allowed_error_count","_import_field_separator","_import_multiple_value_separator","_import_empty_attribute_value_constant","import_images_file_dir","_import_ids","_import_history_id"]} []
[2026-07-17T19:06:56.125408+00:00] main.INFO: Category Save Before Observer - Request Data {"category_id":null,"has_enable_faq":false,"has_category_faq":false,"all_keys":["form_key","entity","behavior","validation_strategy","allowed_error_count","_import_field_separator","_import_multiple_value_separator","_import_empty_attribute_value_constant","import_images_file_dir","_import_ids","_import_history_id"]} []
[2026-07-17T19:06:56.125659+00:00] main.WARNING: category_faq not in request data {"data_keys":["form_key","entity","behavior","validation_strategy","allowed_error_count","_import_field_separator","_import_multiple_value_separator","_import_empty_attribute_value_constant","import_images_file_dir","_import_ids","_import_history_id"]} []
[2026-07-17T19:06:56.199585+00:00] main.INFO: Category Save Before Observer - Request Data {"category_id":null,"has_enable_faq":false,"has_category_faq":false,"all_keys":["form_key","entity","behavior","validation_strategy","allowed_error_count","_import_field_separator","_import_multiple_value_separator","_import_empty_attribute_value_constant","import_images_file_dir","_import_ids","_import_history_id"]} []
[2026-07-17T19:06:56.199834+00:00] main.WARNING: category_faq not in request data {"data_keys":["form_key","entity","behavior","validation_strategy","allowed_error_count","_import_field_separator","_import_multiple_value_separator","_import_empty_attribute_value_constant","import_images_file_dir","_import_ids","_import_history_id"]} []
[2026-07-17T19:06:56.296906+00:00] main.INFO: Category Save Before Observer - Request Data {"category_id":null,"has_enable_faq":false,"has_category_faq":false,"all_keys":["form_key","entity","behavior","validation_strategy","allowed_error_count","_import_field_separator","_import_multiple_value_separator","_import_empty_attribute_value_constant","import_images_file_dir","_import_ids","_import_history_id"]} []
[2026-07-17T19:06:56.297181+00:00] main.WARNING: category_faq not in request data {"data_keys":["form_key","entity","behavior","validation_strategy","allowed_error_count","_import_field_separator","_import_multiple_value_separator","_import_empty_attribute_value_constant","import_images_file_dir","_import_ids","_import_history_id"]} []
[2026-07-17T19:18:45.204907+00:00] main.INFO: Category Save Before Observer - Request Data {"category_id":null,"has_enable_faq":false,"has_category_faq":false,"all_keys":["form_key","entity","behavior","validation_strategy","allowed_error_count","_import_field_separator","_import_multiple_value_separator","_import_empty_attribute_value_constant","import_images_file_dir","_import_ids","_import_history_id"]} []
[2026-07-17T19:18:45.205535+00:00] main.WARNING: category_faq not in request data {"data_keys":["form_key","entity","behavior","validation_strategy","allowed_error_count","_import_field_separator","_import_multiple_value_separator","_import_empty_attribute_value_constant","import_images_file_dir","_import_ids","_import_history_id"]} []
[2026-07-17T19:18:45.318893+00:00] main.INFO: Category Save Before Observer - Request Data {"category_id":null,"has_enable_faq":false,"has_category_faq":false,"all_keys":["form_key","entity","behavior","validation_strategy","allowed_error_count","_import_field_separator","_import_multiple_value_separator","_import_empty_attribute_value_constant","import_images_file_dir","_import_ids","_import_history_id"]} []
[2026-07-17T19:18:45.319179+00:00] main.WARNING: category_faq not in request data {"data_keys":["form_key","entity","behavior","validation_strategy","allowed_error_count","_import_field_separator","_import_multiple_value_separator","_import_empty_attribute_value_constant","import_images_file_dir","_import_ids","_import_history_id"]} []
[2026-07-17T19:18:45.402145+00:00] main.INFO: Category Save Before Observer - Request Data {"category_id":null,"has_enable_faq":false,"has_category_faq":false,"all_keys":["form_key","entity","behavior","validation_strategy","allowed_error_count","_import_field_separator","_import_multiple_value_separator","_import_empty_attribute_value_constant","import_images_file_dir","_import_ids","_import_history_id"]} []
[2026-07-17T19:18:45.402374+00:00] main.WARNING: category_faq not in request data {"data_keys":["form_key","entity","behavior","validation_strategy","allowed_error_count","_import_field_separator","_import_multiple_value_separator","_import_empty_attribute_value_constant","import_images_file_dir","_import_ids","_import_history_id"]} []
[2026-07-17T19:18:45.492855+00:00] main.INFO: Category Save Before Observer - Request Data {"category_id":null,"has_enable_faq":false,"has_category_faq":false,"all_keys":["form_key","entity","behavior","validation_strategy","allowed_error_count","_import_field_separator","_import_multiple_value_separator","_import_empty_attribute_value_constant","import_images_file_dir","_import_ids","_import_history_id"]} []
[2026-07-17T19:18:45.493091+00:00] main.WARNING: category_faq not in request data {"data_keys":["form_key","entity","behavior","validation_strategy","allowed_error_count","_import_field_separator","_import_multiple_value_separator","_import_empty_attribute_value_constant","import_images_file_dir","_import_ids","_import_history_id"]} []
[2026-07-17T19:18:45.578358+00:00] main.INFO: Category Save Before Observer - Request Data {"category_id":null,"has_enable_faq":false,"has_category_faq":false,"all_keys":["form_key","entity","behavior","validation_strategy","allowed_error_count","_import_field_separator","_import_multiple_value_separator","_import_empty_attribute_value_constant","import_images_file_dir","_import_ids","_import_history_id"]} []
[2026-07-17T19:18:45.578547+00:00] main.WARNING: category_faq not in request data {"data_keys":["form_key","entity","behavior","validation_strategy","allowed_error_count","_import_field_separator","_import_multiple_value_separator","_import_empty_attribute_value_constant","import_images_file_dir","_import_ids","_import_history_id"]} []
[2026-07-17T19:18:45.686886+00:00] main.INFO: Category Save Before Observer - Request Data {"category_id":null,"has_enable_faq":false,"has_category_faq":false,"all_keys":["form_key","entity","behavior","validation_strategy","allowed_error_count","_import_field_separator","_import_multiple_value_separator","_import_empty_attribute_value_constant","import_images_file_dir","_import_ids","_import_history_id"]} []
[2026-07-17T19:18:45.687221+00:00] main.WARNING: category_faq not in request data {"data_keys":["form_key","entity","behavior","validation_strategy","allowed_error_count","_import_field_separator","_import_multiple_value_separator","_import_empty_attribute_value_constant","import_images_file_dir","_import_ids","_import_history_id"]} []
[2026-07-17T19:18:45.757368+00:00] main.INFO: Category Save Before Observer - Request Data {"category_id":null,"has_enable_faq":false,"has_category_faq":false,"all_keys":["form_key","entity","behavior","validation_strategy","allowed_error_count","_import_field_separator","_import_multiple_value_separator","_import_empty_attribute_value_constant","import_images_file_dir","_import_ids","_import_history_id"]} []
[2026-07-17T19:18:45.757564+00:00] main.WARNING: category_faq not in request data {"data_keys":["form_key","entity","behavior","validation_strategy","allowed_error_count","_import_field_separator","_import_multiple_value_separator","_import_empty_attribute_value_constant","import_images_file_dir","_import_ids","_import_history_id"]} []
[2026-07-17T19:18:45.835289+00:00] main.INFO: Category Save Before Observer - Request Data {"category_id":null,"has_enable_faq":false,"has_category_faq":false,"all_keys":["form_key","entity","behavior","validation_strategy","allowed_error_count","_import_field_separator","_import_multiple_value_separator","_import_empty_attribute_value_constant","import_images_file_dir","_import_ids","_import_history_id"]} []
[2026-07-17T19:18:45.835481+00:00] main.WARNING: category_faq not in request data {"data_keys":["form_key","entity","behavior","validation_strategy","allowed_error_count","_import_field_separator","_import_multiple_value_separator","_import_empty_attribute_value_constant","import_images_file_dir","_import_ids","_import_history_id"]} []
[2026-07-17T19:18:45.988778+00:00] main.INFO: Category Save Before Observer - Request Data {"category_id":null,"has_enable_faq":false,"has_category_faq":false,"all_keys":["form_key","entity","behavior","validation_strategy","allowed_error_count","_import_field_separator","_import_multiple_value_separator","_import_empty_attribute_value_constant","import_images_file_dir","_import_ids","_import_history_id"]} []
[2026-07-17T19:18:45.989535+00:00] main.WARNING: category_faq not in request data {"data_keys":["form_key","entity","behavior","validation_strategy","allowed_error_count","_import_field_separator","_import_multiple_value_separator","_import_empty_attribute_value_constant","import_images_file_dir","_import_ids","_import_history_id"]} []
[2026-07-17T19:18:46.091709+00:00] main.INFO: Category Save Before Observer - Request Data {"category_id":null,"has_enable_faq":false,"has_category_faq":false,"all_keys":["form_key","entity","behavior","validation_strategy","allowed_error_count","_import_field_separator","_import_multiple_value_separator","_import_empty_attribute_value_constant","import_images_file_dir","_import_ids","_import_history_id"]} []
[2026-07-17T19:18:46.091906+00:00] main.WARNING: category_faq not in request data {"data_keys":["form_key","entity","behavior","validation_strategy","allowed_error_count","_import_field_separator","_import_multiple_value_separator","_import_empty_attribute_value_constant","import_images_file_dir","_import_ids","_import_history_id"]} []
[2026-07-17T19:18:46.161152+00:00] main.INFO: Category Save Before Observer - Request Data {"category_id":null,"has_enable_faq":false,"has_category_faq":false,"all_keys":["form_key","entity","behavior","validation_strategy","allowed_error_count","_import_field_separator","_import_multiple_value_separator","_import_empty_attribute_value_constant","import_images_file_dir","_import_ids","_import_history_id"]} []
[2026-07-17T19:18:46.161629+00:00] main.WARNING: category_faq not in request data {"data_keys":["form_key","entity","behavior","validation_strategy","allowed_error_count","_import_field_separator","_import_multiple_value_separator","_import_empty_attribute_value_constant","import_images_file_dir","_import_ids","_import_history_id"]} []
[2026-07-17T19:18:46.259724+00:00] main.INFO: Category Save Before Observer - Request Data {"category_id":null,"has_enable_faq":false,"has_category_faq":false,"all_keys":["form_key","entity","behavior","validation_strategy","allowed_error_count","_import_field_separator","_import_multiple_value_separator","_import_empty_attribute_value_constant","import_images_file_dir","_import_ids","_import_history_id"]} []
[2026-07-17T19:18:46.260130+00:00] main.WARNING: category_faq not in request data {"data_keys":["form_key","entity","behavior","validation_strategy","allowed_error_count","_import_field_separator","_import_multiple_value_separator","_import_empty_attribute_value_constant","import_images_file_dir","_import_ids","_import_history_id"]} []
[2026-07-17T19:18:46.359673+00:00] main.INFO: Category Save Before Observer - Request Data {"category_id":null,"has_enable_faq":false,"has_category_faq":false,"all_keys":["form_key","entity","behavior","validation_strategy","allowed_error_count","_import_field_separator","_import_multiple_value_separator","_import_empty_attribute_value_constant","import_images_file_dir","_import_ids","_import_history_id"]} []
[2026-07-17T19:18:46.360062+00:00] main.WARNING: category_faq not in request data {"data_keys":["form_key","entity","behavior","validation_strategy","allowed_error_count","_import_field_separator","_import_multiple_value_separator","_import_empty_attribute_value_constant","import_images_file_dir","_import_ids","_import_history_id"]} []
[2026-07-17T19:18:46.483475+00:00] main.INFO: Category Save Before Observer - Request Data {"category_id":null,"has_enable_faq":false,"has_category_faq":false,"all_keys":["form_key","entity","behavior","validation_strategy","allowed_error_count","_import_field_separator","_import_multiple_value_separator","_import_empty_attribute_value_constant","import_images_file_dir","_import_ids","_import_history_id"]} []
[2026-07-17T19:18:46.483742+00:00] main.WARNING: category_faq not in request data {"data_keys":["form_key","entity","behavior","validation_strategy","allowed_error_count","_import_field_separator","_import_multiple_value_separator","_import_empty_attribute_value_constant","import_images_file_dir","_import_ids","_import_history_id"]} []
[2026-07-17T19:18:46.570478+00:00] main.INFO: Category Save Before Observer - Request Data {"category_id":null,"has_enable_faq":false,"has_category_faq":false,"all_keys":["form_key","entity","behavior","validation_strategy","allowed_error_count","_import_field_separator","_import_multiple_value_separator","_import_empty_attribute_value_constant","import_images_file_dir","_import_ids","_import_history_id"]} []
[2026-07-17T19:18:46.570812+00:00] main.WARNING: category_faq not in request data {"data_keys":["form_key","entity","behavior","validation_strategy","allowed_error_count","_import_field_separator","_import_multiple_value_separator","_import_empty_attribute_value_constant","import_images_file_dir","_import_ids","_import_history_id"]} []
[2026-07-17T19:18:46.672954+00:00] main.INFO: Category Save Before Observer - Request Data {"category_id":null,"has_enable_faq":false,"has_category_faq":false,"all_keys":["form_key","entity","behavior","validation_strategy","allowed_error_count","_import_field_separator","_import_multiple_value_separator","_import_empty_attribute_value_constant","import_images_file_dir","_import_ids","_import_history_id"]} []
[2026-07-17T19:18:46.673189+00:00] main.WARNING: category_faq not in request data {"data_keys":["form_key","entity","behavior","validation_strategy","allowed_error_count","_import_field_separator","_import_multiple_value_separator","_import_empty_attribute_value_constant","import_images_file_dir","_import_ids","_import_history_id"]} []
[2026-07-17T19:18:46.824204+00:00] main.INFO: Category Save Before Observer - Request Data {"category_id":null,"has_enable_faq":false,"has_category_faq":false,"all_keys":["form_key","entity","behavior","validation_strategy","allowed_error_count","_import_field_separator","_import_multiple_value_separator","_import_empty_attribute_value_constant","import_images_file_dir","_import_ids","_import_history_id"]} []
[2026-07-17T19:18:46.824581+00:00] main.WARNING: category_faq not in request data {"data_keys":["form_key","entity","behavior","validation_strategy","allowed_error_count","_import_field_separator","_import_multiple_value_separator","_import_empty_attribute_value_constant","import_images_file_dir","_import_ids","_import_history_id"]} []
[2026-07-17T19:18:46.971645+00:00] main.INFO: Category Save Before Observer - Request Data {"category_id":null,"has_enable_faq":false,"has_category_faq":false,"all_keys":["form_key","entity","behavior","validation_strategy","allowed_error_count","_import_field_separator","_import_multiple_value_separator","_import_empty_attribute_value_constant","import_images_file_dir","_import_ids","_import_history_id"]} []
[2026-07-17T19:18:46.972064+00:00] main.WARNING: category_faq not in request data {"data_keys":["form_key","entity","behavior","validation_strategy","allowed_error_count","_import_field_separator","_import_multiple_value_separator","_import_empty_attribute_value_constant","import_images_file_dir","_import_ids","_import_history_id"]} []
[2026-07-17T19:18:47.061098+00:00] main.INFO: Category Save Before Observer - Request Data {"category_id":null,"has_enable_faq":false,"has_category_faq":false,"all_keys":["form_key","entity","behavior","validation_strategy","allowed_error_count","_import_field_separator","_import_multiple_value_separator","_import_empty_attribute_value_constant","import_images_file_dir","_import_ids","_import_history_id"]} []
[2026-07-17T19:18:47.061472+00:00] main.WARNING: category_faq not in request data {"data_keys":["form_key","entity","behavior","validation_strategy","allowed_error_count","_import_field_separator","_import_multiple_value_separator","_import_empty_attribute_value_constant","import_images_file_dir","_import_ids","_import_history_id"]} []
[2026-07-17T19:18:47.137104+00:00] main.INFO: Category Save Before Observer - Request Data {"category_id":null,"has_enable_faq":false,"has_category_faq":false,"all_keys":["form_key","entity","behavior","validation_strategy","allowed_error_count","_import_field_separator","_import_multiple_value_separator","_import_empty_attribute_value_constant","import_images_file_dir","_import_ids","_import_history_id"]} []
[2026-07-17T19:18:47.137455+00:00] main.WARNING: category_faq not in request data {"data_keys":["form_key","entity","behavior","validation_strategy","allowed_error_count","_import_field_separator","_import_multiple_value_separator","_import_empty_attribute_value_constant","import_images_file_dir","_import_ids","_import_history_id"]} []
[2026-07-17T19:18:47.212436+00:00] main.INFO: Category Save Before Observer - Request Data {"category_id":null,"has_enable_faq":false,"has_category_faq":false,"all_keys":["form_key","entity","behavior","validation_strategy","allowed_error_count","_import_field_separator","_import_multiple_value_separator","_import_empty_attribute_value_constant","import_images_file_dir","_import_ids","_import_history_id"]} []
[2026-07-17T19:18:47.212677+00:00] main.WARNING: category_faq not in request data {"data_keys":["form_key","entity","behavior","validation_strategy","allowed_error_count","_import_field_separator","_import_multiple_value_separator","_import_empty_attribute_value_constant","import_images_file_dir","_import_ids","_import_history_id"]} []
[2026-07-17T19:18:47.303445+00:00] main.INFO: Category Save Before Observer - Request Data {"category_id":null,"has_enable_faq":false,"has_category_faq":false,"all_keys":["form_key","entity","behavior","validation_strategy","allowed_error_count","_import_field_separator","_import_multiple_value_separator","_import_empty_attribute_value_constant","import_images_file_dir","_import_ids","_import_history_id"]} []
[2026-07-17T19:18:47.303786+00:00] main.WARNING: category_faq not in request data {"data_keys":["form_key","entity","behavior","validation_strategy","allowed_error_count","_import_field_separator","_import_multiple_value_separator","_import_empty_attribute_value_constant","import_images_file_dir","_import_ids","_import_history_id"]} []
[2026-07-17T19:18:47.385733+00:00] main.INFO: Category Save Before Observer - Request Data {"category_id":null,"has_enable_faq":false,"has_category_faq":false,"all_keys":["form_key","entity","behavior","validation_strategy","allowed_error_count","_import_field_separator","_import_multiple_value_separator","_import_empty_attribute_value_constant","import_images_file_dir","_import_ids","_import_history_id"]} []
[2026-07-17T19:18:47.385967+00:00] main.WARNING: category_faq not in request data {"data_keys":["form_key","entity","behavior","validation_strategy","allowed_error_count","_import_field_separator","_import_multiple_value_separator","_import_empty_attribute_value_constant","import_images_file_dir","_import_ids","_import_history_id"]} []
[2026-07-17T19:18:47.480734+00:00] main.INFO: Category Save Before Observer - Request Data {"category_id":null,"has_enable_faq":false,"has_category_faq":false,"all_keys":["form_key","entity","behavior","validation_strategy","allowed_error_count","_import_field_separator","_import_multiple_value_separator","_import_empty_attribute_value_constant","import_images_file_dir","_import_ids","_import_history_id"]} []
[2026-07-17T19:18:47.481521+00:00] main.WARNING: category_faq not in request data {"data_keys":["form_key","entity","behavior","validation_strategy","allowed_error_count","_import_field_separator","_import_multiple_value_separator","_import_empty_attribute_value_constant","import_images_file_dir","_import_ids","_import_history_id"]} []
[2026-07-17T19:18:47.572078+00:00] main.INFO: Category Save Before Observer - Request Data {"category_id":null,"has_enable_faq":false,"has_category_faq":false,"all_keys":["form_key","entity","behavior","validation_strategy","allowed_error_count","_import_field_separator","_import_multiple_value_separator","_import_empty_attribute_value_constant","import_images_file_dir","_import_ids","_import_history_id"]} []
[2026-07-17T19:18:47.572339+00:00] main.WARNING: category_faq not in request data {"data_keys":["form_key","entity","behavior","validation_strategy","allowed_error_count","_import_field_separator","_import_multiple_value_separator","_import_empty_attribute_value_constant","import_images_file_dir","_import_ids","_import_history_id"]} []
[2026-07-17T19:34:11.511345+00:00] main.INFO: Category Save Before Observer - Request Data {"category_id":null,"has_enable_faq":false,"has_category_faq":false,"all_keys":["form_key","entity","behavior","validation_strategy","allowed_error_count","_import_field_separator","_import_multiple_value_separator","_import_empty_attribute_value_constant","import_images_file_dir","_import_ids","_import_history_id"]} []
[2026-07-17T19:34:11.511934+00:00] main.WARNING: category_faq not in request data {"data_keys":["form_key","entity","behavior","validation_strategy","allowed_error_count","_import_field_separator","_import_multiple_value_separator","_import_empty_attribute_value_constant","import_images_file_dir","_import_ids","_import_history_id"]} []
[2026-07-17T19:34:11.616971+00:00] main.INFO: Category Save Before Observer - Request Data {"category_id":null,"has_enable_faq":false,"has_category_faq":false,"all_keys":["form_key","entity","behavior","validation_strategy","allowed_error_count","_import_field_separator","_import_multiple_value_separator","_import_empty_attribute_value_constant","import_images_file_dir","_import_ids","_import_history_id"]} []
[2026-07-17T19:34:11.617206+00:00] main.WARNING: category_faq not in request data {"data_keys":["form_key","entity","behavior","validation_strategy","allowed_error_count","_import_field_separator","_import_multiple_value_separator","_import_empty_attribute_value_constant","import_images_file_dir","_import_ids","_import_history_id"]} []
[2026-07-17T19:34:11.726166+00:00] main.INFO: Category Save Before Observer - Request Data {"category_id":null,"has_enable_faq":false,"has_category_faq":false,"all_keys":["form_key","entity","behavior","validation_strategy","allowed_error_count","_import_field_separator","_import_multiple_value_separator","_import_empty_attribute_value_constant","import_images_file_dir","_import_ids","_import_history_id"]} []
[2026-07-17T19:34:11.726562+00:00] main.WARNING: category_faq not in request data {"data_keys":["form_key","entity","behavior","validation_strategy","allowed_error_count","_import_field_separator","_import_multiple_value_separator","_import_empty_attribute_value_constant","import_images_file_dir","_import_ids","_import_history_id"]} []
[2026-07-17T19:34:11.807226+00:00] main.INFO: Category Save Before Observer - Request Data {"category_id":null,"has_enable_faq":false,"has_category_faq":false,"all_keys":["form_key","entity","behavior","validation_strategy","allowed_error_count","_import_field_separator","_import_multiple_value_separator","_import_empty_attribute_value_constant","import_images_file_dir","_import_ids","_import_history_id"]} []
[2026-07-17T19:34:11.807440+00:00] main.WARNING: category_faq not in request data {"data_keys":["form_key","entity","behavior","validation_strategy","allowed_error_count","_import_field_separator","_import_multiple_value_separator","_import_empty_attribute_value_constant","import_images_file_dir","_import_ids","_import_history_id"]} []
[2026-07-17T19:34:11.884414+00:00] main.INFO: Category Save Before Observer - Request Data {"category_id":null,"has_enable_faq":false,"has_category_faq":false,"all_keys":["form_key","entity","behavior","validation_strategy","allowed_error_count","_import_field_separator","_import_multiple_value_separator","_import_empty_attribute_value_constant","import_images_file_dir","_import_ids","_import_history_id"]} []
[2026-07-17T19:34:11.884766+00:00] main.WARNING: category_faq not in request data {"data_keys":["form_key","entity","behavior","validation_strategy","allowed_error_count","_import_field_separator","_import_multiple_value_separator","_import_empty_attribute_value_constant","import_images_file_dir","_import_ids","_import_history_id"]} []
[2026-07-17T19:34:12.017212+00:00] main.INFO: Category Save Before Observer - Request Data {"category_id":null,"has_enable_faq":false,"has_category_faq":false,"all_keys":["form_key","entity","behavior","validation_strategy","allowed_error_count","_import_field_separator","_import_multiple_value_separator","_import_empty_attribute_value_constant","import_images_file_dir","_import_ids","_import_history_id"]} []
[2026-07-17T19:34:12.017975+00:00] main.WARNING: category_faq not in request data {"data_keys":["form_key","entity","behavior","validation_strategy","allowed_error_count","_import_field_separator","_import_multiple_value_separator","_import_empty_attribute_value_constant","import_images_file_dir","_import_ids","_import_history_id"]} []
[2026-07-17T19:34:12.267407+00:00] main.INFO: Category Save Before Observer - Request Data {"category_id":null,"has_enable_faq":false,"has_category_faq":false,"all_keys":["form_key","entity","behavior","validation_strategy","allowed_error_count","_import_field_separator","_import_multiple_value_separator","_import_empty_attribute_value_constant","import_images_file_dir","_import_ids","_import_history_id"]} []
[2026-07-17T19:34:12.267716+00:00] main.WARNING: category_faq not in request data {"data_keys":["form_key","entity","behavior","validation_strategy","allowed_error_count","_import_field_separator","_import_multiple_value_separator","_import_empty_attribute_value_constant","import_images_file_dir","_import_ids","_import_history_id"]} []
[2026-07-17T19:34:12.374418+00:00] main.INFO: Category Save Before Observer - Request Data {"category_id":null,"has_enable_faq":false,"has_category_faq":false,"all_keys":["form_key","entity","behavior","validation_strategy","allowed_error_count","_import_field_separator","_import_multiple_value_separator","_import_empty_attribute_value_constant","import_images_file_dir","_import_ids","_import_history_id"]} []
[2026-07-17T19:34:12.374653+00:00] main.WARNING: category_faq not in request data {"data_keys":["form_key","entity","behavior","validation_strategy","allowed_error_count","_import_field_separator","_import_multiple_value_separator","_import_empty_attribute_value_constant","import_images_file_dir","_import_ids","_import_history_id"]} []
[2026-07-17T19:34:12.464784+00:00] main.INFO: Category Save Before Observer - Request Data {"category_id":null,"has_enable_faq":false,"has_category_faq":false,"all_keys":["form_key","entity","behavior","validation_strategy","allowed_error_count","_import_field_separator","_import_multiple_value_separator","_import_empty_attribute_value_constant","import_images_file_dir","_import_ids","_import_history_id"]} []
[2026-07-17T19:34:12.465104+00:00] main.WARNING: category_faq not in request data {"data_keys":["form_key","entity","behavior","validation_strategy","allowed_error_count","_import_field_separator","_import_multiple_value_separator","_import_empty_attribute_value_constant","import_images_file_dir","_import_ids","_import_history_id"]} []
[2026-07-17T19:34:12.539599+00:00] main.INFO: Category Save Before Observer - Request Data {"category_id":null,"has_enable_faq":false,"has_category_faq":false,"all_keys":["form_key","entity","behavior","validation_strategy","allowed_error_count","_import_field_separator","_import_multiple_value_separator","_import_empty_attribute_value_constant","import_images_file_dir","_import_ids","_import_history_id"]} []
[2026-07-17T19:34:12.539897+00:00] main.WARNING: category_faq not in request data {"data_keys":["form_key","entity","behavior","validation_strategy","allowed_error_count","_import_field_separator","_import_multiple_value_separator","_import_empty_attribute_value_constant","import_images_file_dir","_import_ids","_import_history_id"]} []
[2026-07-17T19:34:12.612454+00:00] main.INFO: Category Save Before Observer - Request Data {"category_id":null,"has_enable_faq":false,"has_category_faq":false,"all_keys":["form_key","entity","behavior","validation_strategy","allowed_error_count","_import_field_separator","_import_multiple_value_separator","_import_empty_attribute_value_constant","import_images_file_dir","_import_ids","_import_history_id"]} []
[2026-07-17T19:34:12.612668+00:00] main.WARNING: category_faq not in request data {"data_keys":["form_key","entity","behavior","validation_strategy","allowed_error_count","_import_field_separator","_import_multiple_value_separator","_import_empty_attribute_value_constant","import_images_file_dir","_import_ids","_import_history_id"]} []
[2026-07-17T19:34:12.692545+00:00] main.INFO: Category Save Before Observer - Request Data {"category_id":null,"has_enable_faq":false,"has_category_faq":false,"all_keys":["form_key","entity","behavior","validation_strategy","allowed_error_count","_import_field_separator","_import_multiple_value_separator","_import_empty_attribute_value_constant","import_images_file_dir","_import_ids","_import_history_id"]} []
[2026-07-17T19:34:12.692759+00:00] main.WARNING: category_faq not in request data {"data_keys":["form_key","entity","behavior","validation_strategy","allowed_error_count","_import_field_separator","_import_multiple_value_separator","_import_empty_attribute_value_constant","import_images_file_dir","_import_ids","_import_history_id"]} []
[2026-07-17T19:34:12.764146+00:00] main.INFO: Category Save Before Observer - Request Data {"category_id":null,"has_enable_faq":false,"has_category_faq":false,"all_keys":["form_key","entity","behavior","validation_strategy","allowed_error_count","_import_field_separator","_import_multiple_value_separator","_import_empty_attribute_value_constant","import_images_file_dir","_import_ids","_import_history_id"]} []
[2026-07-17T19:34:12.764434+00:00] main.WARNING: category_faq not in request data {"data_keys":["form_key","entity","behavior","validation_strategy","allowed_error_count","_import_field_separator","_import_multiple_value_separator","_import_empty_attribute_value_constant","import_images_file_dir","_import_ids","_import_history_id"]} []
[2026-07-17T19:34:12.867692+00:00] main.INFO: Category Save Before Observer - Request Data {"category_id":null,"has_enable_faq":false,"has_category_faq":false,"all_keys":["form_key","entity","behavior","validation_strategy","allowed_error_count","_import_field_separator","_import_multiple_value_separator","_import_empty_attribute_value_constant","import_images_file_dir","_import_ids","_import_history_id"]} []
[2026-07-17T19:34:12.868026+00:00] main.WARNING: category_faq not in request data {"data_keys":["form_key","entity","behavior","validation_strategy","allowed_error_count","_import_field_separator","_import_multiple_value_separator","_import_empty_attribute_value_constant","import_images_file_dir","_import_ids","_import_history_id"]} []
[2026-07-17T19:34:12.965898+00:00] main.INFO: Category Save Before Observer - Request Data {"category_id":null,"has_enable_faq":false,"has_category_faq":false,"all_keys":["form_key","entity","behavior","validation_strategy","allowed_error_count","_import_field_separator","_import_multiple_value_separator","_import_empty_attribute_value_constant","import_images_file_dir","_import_ids","_import_history_id"]} []
[2026-07-17T19:34:12.966138+00:00] main.WARNING: category_faq not in request data {"data_keys":["form_key","entity","behavior","validation_strategy","allowed_error_count","_import_field_separator","_import_multiple_value_separator","_import_empty_attribute_value_constant","import_images_file_dir","_import_ids","_import_history_id"]} []
[2026-07-17T19:34:13.058381+00:00] main.INFO: Category Save Before Observer - Request Data {"category_id":null,"has_enable_faq":false,"has_category_faq":false,"all_keys":["form_key","entity","behavior","validation_strategy","allowed_error_count","_import_field_separator","_import_multiple_value_separator","_import_empty_attribute_value_constant","import_images_file_dir","_import_ids","_import_history_id"]} []
[2026-07-17T19:34:13.058645+00:00] main.WARNING: category_faq not in request data {"data_keys":["form_key","entity","behavior","validation_strategy","allowed_error_count","_import_field_separator","_import_multiple_value_separator","_import_empty_attribute_value_constant","import_images_file_dir","_import_ids","_import_history_id"]} []
[2026-07-17T19:34:13.249752+00:00] main.INFO: Category Save Before Observer - Request Data {"category_id":null,"has_enable_faq":false,"has_category_faq":false,"all_keys":["form_key","entity","behavior","validation_strategy","allowed_error_count","_import_field_separator","_import_multiple_value_separator","_import_empty_attribute_value_constant","import_images_file_dir","_import_ids","_import_history_id"]} []
[2026-07-17T19:34:13.249956+00:00] main.WARNING: category_faq not in request data {"data_keys":["form_key","entity","behavior","validation_strategy","allowed_error_count","_import_field_separator","_import_multiple_value_separator","_import_empty_attribute_value_constant","import_images_file_dir","_import_ids","_import_history_id"]} []
[2026-07-17T19:34:13.327087+00:00] main.INFO: Category Save Before Observer - Request Data {"category_id":null,"has_enable_faq":false,"has_category_faq":false,"all_keys":["form_key","entity","behavior","validation_strategy","allowed_error_count","_import_field_separator","_import_multiple_value_separator","_import_empty_attribute_value_constant","import_images_file_dir","_import_ids","_import_history_id"]} []
[2026-07-17T19:34:13.327387+00:00] main.WARNING: category_faq not in request data {"data_keys":["form_key","entity","behavior","validation_strategy","allowed_error_count","_import_field_separator","_import_multiple_value_separator","_import_empty_attribute_value_constant","import_images_file_dir","_import_ids","_import_history_id"]} []
[2026-07-17T19:34:13.400928+00:00] main.INFO: Category Save Before Observer - Request Data {"category_id":null,"has_enable_faq":false,"has_category_faq":false,"all_keys":["form_key","entity","behavior","validation_strategy","allowed_error_count","_import_field_separator","_import_multiple_value_separator","_import_empty_attribute_value_constant","import_images_file_dir","_import_ids","_import_history_id"]} []
[2026-07-17T19:34:13.401164+00:00] main.WARNING: category_faq not in request data {"data_keys":["form_key","entity","behavior","validation_strategy","allowed_error_count","_import_field_separator","_import_multiple_value_separator","_import_empty_attribute_value_constant","import_images_file_dir","_import_ids","_import_history_id"]} []
[2026-07-17T19:34:13.482084+00:00] main.INFO: Category Save Before Observer - Request Data {"category_id":null,"has_enable_faq":false,"has_category_faq":false,"all_keys":["form_key","entity","behavior","validation_strategy","allowed_error_count","_import_field_separator","_import_multiple_value_separator","_import_empty_attribute_value_constant","import_images_file_dir","_import_ids","_import_history_id"]} []
[2026-07-17T19:34:13.482371+00:00] main.WARNING: category_faq not in request data {"data_keys":["form_key","entity","behavior","validation_strategy","allowed_error_count","_import_field_separator","_import_multiple_value_separator","_import_empty_attribute_value_constant","import_images_file_dir","_import_ids","_import_history_id"]} []
[2026-07-17T19:34:13.579541+00:00] main.INFO: Category Save Before Observer - Request Data {"category_id":null,"has_enable_faq":false,"has_category_faq":false,"all_keys":["form_key","entity","behavior","validation_strategy","allowed_error_count","_import_field_separator","_import_multiple_value_separator","_import_empty_attribute_value_constant","import_images_file_dir","_import_ids","_import_history_id"]} []
[2026-07-17T19:34:13.579937+00:00] main.WARNING: category_faq not in request data {"data_keys":["form_key","entity","behavior","validation_strategy","allowed_error_count","_import_field_separator","_import_multiple_value_separator","_import_empty_attribute_value_constant","import_images_file_dir","_import_ids","_import_history_id"]} []
[2026-07-17T19:34:13.669132+00:00] main.INFO: Category Save Before Observer - Request Data {"category_id":null,"has_enable_faq":false,"has_category_faq":false,"all_keys":["form_key","entity","behavior","validation_strategy","allowed_error_count","_import_field_separator","_import_multiple_value_separator","_import_empty_attribute_value_constant","import_images_file_dir","_import_ids","_import_history_id"]} []
[2026-07-17T19:34:13.669334+00:00] main.WARNING: category_faq not in request data {"data_keys":["form_key","entity","behavior","validation_strategy","allowed_error_count","_import_field_separator","_import_multiple_value_separator","_import_empty_attribute_value_constant","import_images_file_dir","_import_ids","_import_history_id"]} []
[2026-07-17T19:34:13.748818+00:00] main.INFO: Category Save Before Observer - Request Data {"category_id":null,"has_enable_faq":false,"has_category_faq":false,"all_keys":["form_key","entity","behavior","validation_strategy","allowed_error_count","_import_field_separator","_import_multiple_value_separator","_import_empty_attribute_value_constant","import_images_file_dir","_import_ids","_import_history_id"]} []
[2026-07-17T19:34:13.749072+00:00] main.WARNING: category_faq not in request data {"data_keys":["form_key","entity","behavior","validation_strategy","allowed_error_count","_import_field_separator","_import_multiple_value_separator","_import_empty_attribute_value_constant","import_images_file_dir","_import_ids","_import_history_id"]} []
[2026-07-17T19:34:13.831510+00:00] main.INFO: Category Save Before Observer - Request Data {"category_id":null,"has_enable_faq":false,"has_category_faq":false,"all_keys":["form_key","entity","behavior","validation_strategy","allowed_error_count","_import_field_separator","_import_multiple_value_separator","_import_empty_attribute_value_constant","import_images_file_dir","_import_ids","_import_history_id"]} []
[2026-07-17T19:34:13.831715+00:00] main.WARNING: category_faq not in request data {"data_keys":["form_key","entity","behavior","validation_strategy","allowed_error_count","_import_field_separator","_import_multiple_value_separator","_import_empty_attribute_value_constant","import_images_file_dir","_import_ids","_import_history_id"]} []
[2026-07-17T19:34:13.903839+00:00] main.INFO: Category Save Before Observer - Request Data {"category_id":null,"has_enable_faq":false,"has_category_faq":false,"all_keys":["form_key","entity","behavior","validation_strategy","allowed_error_count","_import_field_separator","_import_multiple_value_separator","_import_empty_attribute_value_constant","import_images_file_dir","_import_ids","_import_history_id"]} []
[2026-07-17T19:34:13.904067+00:00] main.WARNING: category_faq not in request data {"data_keys":["form_key","entity","behavior","validation_strategy","allowed_error_count","_import_field_separator","_import_multiple_value_separator","_import_empty_attribute_value_constant","import_images_file_dir","_import_ids","_import_history_id"]} []
[2026-07-17T19:45:09.043159+00:00] main.INFO: Category Save Before Observer - Request Data {"category_id":null,"has_enable_faq":false,"has_category_faq":false,"all_keys":["form_key","entity","behavior","validation_strategy","allowed_error_count","_import_field_separator","_import_multiple_value_separator","_import_empty_attribute_value_constant","import_images_file_dir","_import_ids","_import_history_id"]} []
[2026-07-17T19:45:09.043703+00:00] main.WARNING: category_faq not in request data {"data_keys":["form_key","entity","behavior","validation_strategy","allowed_error_count","_import_field_separator","_import_multiple_value_separator","_import_empty_attribute_value_constant","import_images_file_dir","_import_ids","_import_history_id"]} []
[2026-07-17T19:45:09.200877+00:00] main.INFO: Category Save Before Observer - Request Data {"category_id":null,"has_enable_faq":false,"has_category_faq":false,"all_keys":["form_key","entity","behavior","validation_strategy","allowed_error_count","_import_field_separator","_import_multiple_value_separator","_import_empty_attribute_value_constant","import_images_file_dir","_import_ids","_import_history_id"]} []
[2026-07-17T19:45:09.201332+00:00] main.WARNING: category_faq not in request data {"data_keys":["form_key","entity","behavior","validation_strategy","allowed_error_count","_import_field_separator","_import_multiple_value_separator","_import_empty_attribute_value_constant","import_images_file_dir","_import_ids","_import_history_id"]} []
[2026-07-17T19:45:09.305877+00:00] main.INFO: Category Save Before Observer - Request Data {"category_id":null,"has_enable_faq":false,"has_category_faq":false,"all_keys":["form_key","entity","behavior","validation_strategy","allowed_error_count","_import_field_separator","_import_multiple_value_separator","_import_empty_attribute_value_constant","import_images_file_dir","_import_ids","_import_history_id"]} []
[2026-07-17T19:45:09.306164+00:00] main.WARNING: category_faq not in request data {"data_keys":["form_key","entity","behavior","validation_strategy","allowed_error_count","_import_field_separator","_import_multiple_value_separator","_import_empty_attribute_value_constant","import_images_file_dir","_import_ids","_import_history_id"]} []
[2026-07-17T19:45:09.410347+00:00] main.INFO: Category Save Before Observer - Request Data {"category_id":null,"has_enable_faq":false,"has_category_faq":false,"all_keys":["form_key","entity","behavior","validation_strategy","allowed_error_count","_import_field_separator","_import_multiple_value_separator","_import_empty_attribute_value_constant","import_images_file_dir","_import_ids","_import_history_id"]} []
[2026-07-17T19:45:09.410627+00:00] main.WARNING: category_faq not in request data {"data_keys":["form_key","entity","behavior","validation_strategy","allowed_error_count","_import_field_separator","_import_multiple_value_separator","_import_empty_attribute_value_constant","import_images_file_dir","_import_ids","_import_history_id"]} []
[2026-07-17T19:45:09.503346+00:00] main.INFO: Category Save Before Observer - Request Data {"category_id":null,"has_enable_faq":false,"has_category_faq":false,"all_keys":["form_key","entity","behavior","validation_strategy","allowed_error_count","_import_field_separator","_import_multiple_value_separator","_import_empty_attribute_value_constant","import_images_file_dir","_import_ids","_import_history_id"]} []
[2026-07-17T19:45:09.503577+00:00] main.WARNING: category_faq not in request data {"data_keys":["form_key","entity","behavior","validation_strategy","allowed_error_count","_import_field_separator","_import_multiple_value_separator","_import_empty_attribute_value_constant","import_images_file_dir","_import_ids","_import_history_id"]} []
[2026-07-17T19:45:09.608542+00:00] main.INFO: Category Save Before Observer - Request Data {"category_id":null,"has_enable_faq":false,"has_category_faq":false,"all_keys":["form_key","entity","behavior","validation_strategy","allowed_error_count","_import_field_separator","_import_multiple_value_separator","_import_empty_attribute_value_constant","import_images_file_dir","_import_ids","_import_history_id"]} []
[2026-07-17T19:45:09.608814+00:00] main.WARNING: category_faq not in request data {"data_keys":["form_key","entity","behavior","validation_strategy","allowed_error_count","_import_field_separator","_import_multiple_value_separator","_import_empty_attribute_value_constant","import_images_file_dir","_import_ids","_import_history_id"]} []
[2026-07-17T19:45:09.725125+00:00] main.INFO: Category Save Before Observer - Request Data {"category_id":null,"has_enable_faq":false,"has_category_faq":false,"all_keys":["form_key","entity","behavior","validation_strategy","allowed_error_count","_import_field_separator","_import_multiple_value_separator","_import_empty_attribute_value_constant","import_images_file_dir","_import_ids","_import_history_id"]} []
[2026-07-17T19:45:09.725344+00:00] main.WARNING: category_faq not in request data {"data_keys":["form_key","entity","behavior","validation_strategy","allowed_error_count","_import_field_separator","_import_multiple_value_separator","_import_empty_attribute_value_constant","import_images_file_dir","_import_ids","_import_history_id"]} []
[2026-07-17T19:45:09.842648+00:00] main.INFO: Category Save Before Observer - Request Data {"category_id":null,"has_enable_faq":false,"has_category_faq":false,"all_keys":["form_key","entity","behavior","validation_strategy","allowed_error_count","_import_field_separator","_import_multiple_value_separator","_import_empty_attribute_value_constant","import_images_file_dir","_import_ids","_import_history_id"]} []
[2026-07-17T19:45:09.844443+00:00] main.WARNING: category_faq not in request data {"data_keys":["form_key","entity","behavior","validation_strategy","allowed_error_count","_import_field_separator","_import_multiple_value_separator","_import_empty_attribute_value_constant","import_images_file_dir","_import_ids","_import_history_id"]} []
[2026-07-17T19:45:09.987039+00:00] main.INFO: Category Save Before Observer - Request Data {"category_id":null,"has_enable_faq":false,"has_category_faq":false,"all_keys":["form_key","entity","behavior","validation_strategy","allowed_error_count","_import_field_separator","_import_multiple_value_separator","_import_empty_attribute_value_constant","import_images_file_dir","_import_ids","_import_history_id"]} []
[2026-07-17T19:45:09.987750+00:00] main.WARNING: category_faq not in request data {"data_keys":["form_key","entity","behavior","validation_strategy","allowed_error_count","_import_field_separator","_import_multiple_value_separator","_import_empty_attribute_value_constant","import_images_file_dir","_import_ids","_import_history_id"]} []
[2026-07-17T19:45:10.098605+00:00] main.INFO: Category Save Before Observer - Request Data {"category_id":null,"has_enable_faq":false,"has_category_faq":false,"all_keys":["form_key","entity","behavior","validation_strategy","allowed_error_count","_import_field_separator","_import_multiple_value_separator","_import_empty_attribute_value_constant","import_images_file_dir","_import_ids","_import_history_id"]} []
[2026-07-17T19:45:10.098800+00:00] main.WARNING: category_faq not in request data {"data_keys":["form_key","entity","behavior","validation_strategy","allowed_error_count","_import_field_separator","_import_multiple_value_separator","_import_empty_attribute_value_constant","import_images_file_dir","_import_ids","_import_history_id"]} []
[2026-07-17T19:45:10.182337+00:00] main.INFO: Category Save Before Observer - Request Data {"category_id":null,"has_enable_faq":false,"has_category_faq":false,"all_keys":["form_key","entity","behavior","validation_strategy","allowed_error_count","_import_field_separator","_import_multiple_value_separator","_import_empty_attribute_value_constant","import_images_file_dir","_import_ids","_import_history_id"]} []
[2026-07-17T19:45:10.182604+00:00] main.WARNING: category_faq not in request data {"data_keys":["form_key","entity","behavior","validation_strategy","allowed_error_count","_import_field_separator","_import_multiple_value_separator","_import_empty_attribute_value_constant","import_images_file_dir","_import_ids","_import_history_id"]} []
[2026-07-17T19:45:10.259714+00:00] main.INFO: Category Save Before Observer - Request Data {"category_id":null,"has_enable_faq":false,"has_category_faq":false,"all_keys":["form_key","entity","behavior","validation_strategy","allowed_error_count","_import_field_separator","_import_multiple_value_separator","_import_empty_attribute_value_constant","import_images_file_dir","_import_ids","_import_history_id"]} []
[2026-07-17T19:45:10.259902+00:00] main.WARNING: category_faq not in request data {"data_keys":["form_key","entity","behavior","validation_strategy","allowed_error_count","_import_field_separator","_import_multiple_value_separator","_import_empty_attribute_value_constant","import_images_file_dir","_import_ids","_import_history_id"]} []
[2026-07-17T19:45:10.329743+00:00] main.INFO: Category Save Before Observer - Request Data {"category_id":null,"has_enable_faq":false,"has_category_faq":false,"all_keys":["form_key","entity","behavior","validation_strategy","allowed_error_count","_import_field_separator","_import_multiple_value_separator","_import_empty_attribute_value_constant","import_images_file_dir","_import_ids","_import_history_id"]} []
[2026-07-17T19:45:10.330011+00:00] main.WARNING: category_faq not in request data {"data_keys":["form_key","entity","behavior","validation_strategy","allowed_error_count","_import_field_separator","_import_multiple_value_separator","_import_empty_attribute_value_constant","import_images_file_dir","_import_ids","_import_history_id"]} []
[2026-07-17T19:45:10.418178+00:00] main.INFO: Category Save Before Observer - Request Data {"category_id":null,"has_enable_faq":false,"has_category_faq":false,"all_keys":["form_key","entity","behavior","validation_strategy","allowed_error_count","_import_field_separator","_import_multiple_value_separator","_import_empty_attribute_value_constant","import_images_file_dir","_import_ids","_import_history_id"]} []
[2026-07-17T19:45:10.418907+00:00] main.WARNING: category_faq not in request data {"data_keys":["form_key","entity","behavior","validation_strategy","allowed_error_count","_import_field_separator","_import_multiple_value_separator","_import_empty_attribute_value_constant","import_images_file_dir","_import_ids","_import_history_id"]} []
[2026-07-17T19:45:10.532430+00:00] main.INFO: Category Save Before Observer - Request Data {"category_id":null,"has_enable_faq":false,"has_category_faq":false,"all_keys":["form_key","entity","behavior","validation_strategy","allowed_error_count","_import_field_separator","_import_multiple_value_separator","_import_empty_attribute_value_constant","import_images_file_dir","_import_ids","_import_history_id"]} []
[2026-07-17T19:45:10.532790+00:00] main.WARNING: category_faq not in request data {"data_keys":["form_key","entity","behavior","validation_strategy","allowed_error_count","_import_field_separator","_import_multiple_value_separator","_import_empty_attribute_value_constant","import_images_file_dir","_import_ids","_import_history_id"]} []
[2026-07-17T19:45:10.616918+00:00] main.INFO: Category Save Before Observer - Request Data {"category_id":null,"has_enable_faq":false,"has_category_faq":false,"all_keys":["form_key","entity","behavior","validation_strategy","allowed_error_count","_import_field_separator","_import_multiple_value_separator","_import_empty_attribute_value_constant","import_images_file_dir","_import_ids","_import_history_id"]} []
[2026-07-17T19:45:10.617184+00:00] main.WARNING: category_faq not in request data {"data_keys":["form_key","entity","behavior","validation_strategy","allowed_error_count","_import_field_separator","_import_multiple_value_separator","_import_empty_attribute_value_constant","import_images_file_dir","_import_ids","_import_history_id"]} []
[2026-07-17T19:45:10.769766+00:00] main.INFO: Category Save Before Observer - Request Data {"category_id":null,"has_enable_faq":false,"has_category_faq":false,"all_keys":["form_key","entity","behavior","validation_strategy","allowed_error_count","_import_field_separator","_import_multiple_value_separator","_import_empty_attribute_value_constant","import_images_file_dir","_import_ids","_import_history_id"]} []
[2026-07-17T19:45:10.770051+00:00] main.WARNING: category_faq not in request data {"data_keys":["form_key","entity","behavior","validation_strategy","allowed_error_count","_import_field_separator","_import_multiple_value_separator","_import_empty_attribute_value_constant","import_images_file_dir","_import_ids","_import_history_id"]} []
[2026-07-17T19:45:10.874023+00:00] main.INFO: Category Save Before Observer - Request Data {"category_id":null,"has_enable_faq":false,"has_category_faq":false,"all_keys":["form_key","entity","behavior","validation_strategy","allowed_error_count","_import_field_separator","_import_multiple_value_separator","_import_empty_attribute_value_constant","import_images_file_dir","_import_ids","_import_history_id"]} []
[2026-07-17T19:45:10.874227+00:00] main.WARNING: category_faq not in request data {"data_keys":["form_key","entity","behavior","validation_strategy","allowed_error_count","_import_field_separator","_import_multiple_value_separator","_import_empty_attribute_value_constant","import_images_file_dir","_import_ids","_import_history_id"]} []
[2026-07-17T19:45:10.944060+00:00] main.INFO: Category Save Before Observer - Request Data {"category_id":null,"has_enable_faq":false,"has_category_faq":false,"all_keys":["form_key","entity","behavior","validation_strategy","allowed_error_count","_import_field_separator","_import_multiple_value_separator","_import_empty_attribute_value_constant","import_images_file_dir","_import_ids","_import_history_id"]} []
[2026-07-17T19:45:10.944336+00:00] main.WARNING: category_faq not in request data {"data_keys":["form_key","entity","behavior","validation_strategy","allowed_error_count","_import_field_separator","_import_multiple_value_separator","_import_empty_attribute_value_constant","import_images_file_dir","_import_ids","_import_history_id"]} []
[2026-07-17T19:45:11.009728+00:00] main.INFO: Category Save Before Observer - Request Data {"category_id":null,"has_enable_faq":false,"has_category_faq":false,"all_keys":["form_key","entity","behavior","validation_strategy","allowed_error_count","_import_field_separator","_import_multiple_value_separator","_import_empty_attribute_value_constant","import_images_file_dir","_import_ids","_import_history_id"]} []
[2026-07-17T19:45:11.009924+00:00] main.WARNING: category_faq not in request data {"data_keys":["form_key","entity","behavior","validation_strategy","allowed_error_count","_import_field_separator","_import_multiple_value_separator","_import_empty_attribute_value_constant","import_images_file_dir","_import_ids","_import_history_id"]} []
[2026-07-17T19:45:11.114145+00:00] main.INFO: Category Save Before Observer - Request Data {"category_id":null,"has_enable_faq":false,"has_category_faq":false,"all_keys":["form_key","entity","behavior","validation_strategy","allowed_error_count","_import_field_separator","_import_multiple_value_separator","_import_empty_attribute_value_constant","import_images_file_dir","_import_ids","_import_history_id"]} []
[2026-07-17T19:45:11.114884+00:00] main.WARNING: category_faq not in request data {"data_keys":["form_key","entity","behavior","validation_strategy","allowed_error_count","_import_field_separator","_import_multiple_value_separator","_import_empty_attribute_value_constant","import_images_file_dir","_import_ids","_import_history_id"]} []
[2026-07-17T19:45:11.216325+00:00] main.INFO: Category Save Before Observer - Request Data {"category_id":null,"has_enable_faq":false,"has_category_faq":false,"all_keys":["form_key","entity","behavior","validation_strategy","allowed_error_count","_import_field_separator","_import_multiple_value_separator","_import_empty_attribute_value_constant","import_images_file_dir","_import_ids","_import_history_id"]} []
[2026-07-17T19:45:11.216605+00:00] main.WARNING: category_faq not in request data {"data_keys":["form_key","entity","behavior","validation_strategy","allowed_error_count","_import_field_separator","_import_multiple_value_separator","_import_empty_attribute_value_constant","import_images_file_dir","_import_ids","_import_history_id"]} []
[2026-07-17T19:45:11.304565+00:00] main.INFO: Category Save Before Observer - Request Data {"category_id":null,"has_enable_faq":false,"has_category_faq":false,"all_keys":["form_key","entity","behavior","validation_strategy","allowed_error_count","_import_field_separator","_import_multiple_value_separator","_import_empty_attribute_value_constant","import_images_file_dir","_import_ids","_import_history_id"]} []
[2026-07-17T19:45:11.304839+00:00] main.WARNING: category_faq not in request data {"data_keys":["form_key","entity","behavior","validation_strategy","allowed_error_count","_import_field_separator","_import_multiple_value_separator","_import_empty_attribute_value_constant","import_images_file_dir","_import_ids","_import_history_id"]} []
[2026-07-17T19:45:11.400243+00:00] main.INFO: Category Save Before Observer - Request Data {"category_id":null,"has_enable_faq":false,"has_category_faq":false,"all_keys":["form_key","entity","behavior","validation_strategy","allowed_error_count","_import_field_separator","_import_multiple_value_separator","_import_empty_attribute_value_constant","import_images_file_dir","_import_ids","_import_history_id"]} []
[2026-07-17T19:45:11.400712+00:00] main.WARNING: category_faq not in request data {"data_keys":["form_key","entity","behavior","validation_strategy","allowed_error_count","_import_field_separator","_import_multiple_value_separator","_import_empty_attribute_value_constant","import_images_file_dir","_import_ids","_import_history_id"]} []
[2026-07-17T19:45:11.486742+00:00] main.INFO: Category Save Before Observer - Request Data {"category_id":null,"has_enable_faq":false,"has_category_faq":false,"all_keys":["form_key","entity","behavior","validation_strategy","allowed_error_count","_import_field_separator","_import_multiple_value_separator","_import_empty_attribute_value_constant","import_images_file_dir","_import_ids","_import_history_id"]} []
[2026-07-17T19:45:11.486958+00:00] main.WARNING: category_faq not in request data {"data_keys":["form_key","entity","behavior","validation_strategy","allowed_error_count","_import_field_separator","_import_multiple_value_separator","_import_empty_attribute_value_constant","import_images_file_dir","_import_ids","_import_history_id"]} []
[2026-07-17T19:53:00.559469+00:00] main.INFO: Category Save Before Observer - Request Data {"category_id":null,"has_enable_faq":false,"has_category_faq":false,"all_keys":["form_key","entity","behavior","validation_strategy","allowed_error_count","_import_field_separator","_import_multiple_value_separator","_import_empty_attribute_value_constant","import_images_file_dir","_import_ids","_import_history_id"]} []
[2026-07-17T19:53:00.559975+00:00] main.WARNING: category_faq not in request data {"data_keys":["form_key","entity","behavior","validation_strategy","allowed_error_count","_import_field_separator","_import_multiple_value_separator","_import_empty_attribute_value_constant","import_images_file_dir","_import_ids","_import_history_id"]} []
[2026-07-17T19:53:00.680449+00:00] main.INFO: Category Save Before Observer - Request Data {"category_id":null,"has_enable_faq":false,"has_category_faq":false,"all_keys":["form_key","entity","behavior","validation_strategy","allowed_error_count","_import_field_separator","_import_multiple_value_separator","_import_empty_attribute_value_constant","import_images_file_dir","_import_ids","_import_history_id"]} []
[2026-07-17T19:53:00.680686+00:00] main.WARNING: category_faq not in request data {"data_keys":["form_key","entity","behavior","validation_strategy","allowed_error_count","_import_field_separator","_import_multiple_value_separator","_import_empty_attribute_value_constant","import_images_file_dir","_import_ids","_import_history_id"]} []
[2026-07-17T19:53:00.767821+00:00] main.INFO: Category Save Before Observer - Request Data {"category_id":null,"has_enable_faq":false,"has_category_faq":false,"all_keys":["form_key","entity","behavior","validation_strategy","allowed_error_count","_import_field_separator","_import_multiple_value_separator","_import_empty_attribute_value_constant","import_images_file_dir","_import_ids","_import_history_id"]} []
[2026-07-17T19:53:00.768118+00:00] main.WARNING: category_faq not in request data {"data_keys":["form_key","entity","behavior","validation_strategy","allowed_error_count","_import_field_separator","_import_multiple_value_separator","_import_empty_attribute_value_constant","import_images_file_dir","_import_ids","_import_history_id"]} []
[2026-07-17T19:53:00.862726+00:00] main.INFO: Category Save Before Observer - Request Data {"category_id":null,"has_enable_faq":false,"has_category_faq":false,"all_keys":["form_key","entity","behavior","validation_strategy","allowed_error_count","_import_field_separator","_import_multiple_value_separator","_import_empty_attribute_value_constant","import_images_file_dir","_import_ids","_import_history_id"]} []
[2026-07-17T19:53:00.863096+00:00] main.WARNING: category_faq not in request data {"data_keys":["form_key","entity","behavior","validation_strategy","allowed_error_count","_import_field_separator","_import_multiple_value_separator","_import_empty_attribute_value_constant","import_images_file_dir","_import_ids","_import_history_id"]} []
[2026-07-17T19:53:00.961574+00:00] main.INFO: Category Save Before Observer - Request Data {"category_id":null,"has_enable_faq":false,"has_category_faq":false,"all_keys":["form_key","entity","behavior","validation_strategy","allowed_error_count","_import_field_separator","_import_multiple_value_separator","_import_empty_attribute_value_constant","import_images_file_dir","_import_ids","_import_history_id"]} []
[2026-07-17T19:53:00.961788+00:00] main.WARNING: category_faq not in request data {"data_keys":["form_key","entity","behavior","validation_strategy","allowed_error_count","_import_field_separator","_import_multiple_value_separator","_import_empty_attribute_value_constant","import_images_file_dir","_import_ids","_import_history_id"]} []
[2026-07-17T19:53:01.115055+00:00] main.INFO: Category Save Before Observer - Request Data {"category_id":null,"has_enable_faq":false,"has_category_faq":false,"all_keys":["form_key","entity","behavior","validation_strategy","allowed_error_count","_import_field_separator","_import_multiple_value_separator","_import_empty_attribute_value_constant","import_images_file_dir","_import_ids","_import_history_id"]} []
[2026-07-17T19:53:01.115608+00:00] main.WARNING: category_faq not in request data {"data_keys":["form_key","entity","behavior","validation_strategy","allowed_error_count","_import_field_separator","_import_multiple_value_separator","_import_empty_attribute_value_constant","import_images_file_dir","_import_ids","_import_history_id"]} []
[2026-07-17T19:53:01.249215+00:00] main.INFO: Category Save Before Observer - Request Data {"category_id":null,"has_enable_faq":false,"has_category_faq":false,"all_keys":["form_key","entity","behavior","validation_strategy","allowed_error_count","_import_field_separator","_import_multiple_value_separator","_import_empty_attribute_value_constant","import_images_file_dir","_import_ids","_import_history_id"]} []
[2026-07-17T19:53:01.249681+00:00] main.WARNING: category_faq not in request data {"data_keys":["form_key","entity","behavior","validation_strategy","allowed_error_count","_import_field_separator","_import_multiple_value_separator","_import_empty_attribute_value_constant","import_images_file_dir","_import_ids","_import_history_id"]} []
[2026-07-17T19:53:01.364484+00:00] main.INFO: Category Save Before Observer - Request Data {"category_id":null,"has_enable_faq":false,"has_category_faq":false,"all_keys":["form_key","entity","behavior","validation_strategy","allowed_error_count","_import_field_separator","_import_multiple_value_separator","_import_empty_attribute_value_constant","import_images_file_dir","_import_ids","_import_history_id"]} []
[2026-07-17T19:53:01.364720+00:00] main.WARNING: category_faq not in request data {"data_keys":["form_key","entity","behavior","validation_strategy","allowed_error_count","_import_field_separator","_import_multiple_value_separator","_import_empty_attribute_value_constant","import_images_file_dir","_import_ids","_import_history_id"]} []
[2026-07-17T19:53:01.434094+00:00] main.INFO: Category Save Before Observer - Request Data {"category_id":null,"has_enable_faq":false,"has_category_faq":false,"all_keys":["form_key","entity","behavior","validation_strategy","allowed_error_count","_import_field_separator","_import_multiple_value_separator","_import_empty_attribute_value_constant","import_images_file_dir","_import_ids","_import_history_id"]} []
[2026-07-17T19:53:01.434350+00:00] main.WARNING: category_faq not in request data {"data_keys":["form_key","entity","behavior","validation_strategy","allowed_error_count","_import_field_separator","_import_multiple_value_separator","_import_empty_attribute_value_constant","import_images_file_dir","_import_ids","_import_history_id"]} []
[2026-07-17T19:53:01.537497+00:00] main.INFO: Category Save Before Observer - Request Data {"category_id":null,"has_enable_faq":false,"has_category_faq":false,"all_keys":["form_key","entity","behavior","validation_strategy","allowed_error_count","_import_field_separator","_import_multiple_value_separator","_import_empty_attribute_value_constant","import_images_file_dir","_import_ids","_import_history_id"]} []
[2026-07-17T19:53:01.537725+00:00] main.WARNING: category_faq not in request data {"data_keys":["form_key","entity","behavior","validation_strategy","allowed_error_count","_import_field_separator","_import_multiple_value_separator","_import_empty_attribute_value_constant","import_images_file_dir","_import_ids","_import_history_id"]} []
[2026-07-17T19:53:01.626666+00:00] main.INFO: Category Save Before Observer - Request Data {"category_id":null,"has_enable_faq":false,"has_category_faq":false,"all_keys":["form_key","entity","behavior","validation_strategy","allowed_error_count","_import_field_separator","_import_multiple_value_separator","_import_empty_attribute_value_constant","import_images_file_dir","_import_ids","_import_history_id"]} []
[2026-07-17T19:53:01.626856+00:00] main.WARNING: category_faq not in request data {"data_keys":["form_key","entity","behavior","validation_strategy","allowed_error_count","_import_field_separator","_import_multiple_value_separator","_import_empty_attribute_value_constant","import_images_file_dir","_import_ids","_import_history_id"]} []
[2026-07-17T19:53:01.717252+00:00] main.INFO: Category Save Before Observer - Request Data {"category_id":null,"has_enable_faq":false,"has_category_faq":false,"all_keys":["form_key","entity","behavior","validation_strategy","allowed_error_count","_import_field_separator","_import_multiple_value_separator","_import_empty_attribute_value_constant","import_images_file_dir","_import_ids","_import_history_id"]} []
[2026-07-17T19:53:01.717527+00:00] main.WARNING: category_faq not in request data {"data_keys":["form_key","entity","behavior","validation_strategy","allowed_error_count","_import_field_separator","_import_multiple_value_separator","_import_empty_attribute_value_constant","import_images_file_dir","_import_ids","_import_history_id"]} []
[2026-07-17T19:53:01.848623+00:00] main.INFO: Category Save Before Observer - Request Data {"category_id":null,"has_enable_faq":false,"has_category_faq":false,"all_keys":["form_key","entity","behavior","validation_strategy","allowed_error_count","_import_field_separator","_import_multiple_value_separator","_import_empty_attribute_value_constant","import_images_file_dir","_import_ids","_import_history_id"]} []
[2026-07-17T19:53:01.848954+00:00] main.WARNING: category_faq not in request data {"data_keys":["form_key","entity","behavior","validation_strategy","allowed_error_count","_import_field_separator","_import_multiple_value_separator","_import_empty_attribute_value_constant","import_images_file_dir","_import_ids","_import_history_id"]} []
[2026-07-17T19:53:01.928351+00:00] main.INFO: Category Save Before Observer - Request Data {"category_id":null,"has_enable_faq":false,"has_category_faq":false,"all_keys":["form_key","entity","behavior","validation_strategy","allowed_error_count","_import_field_separator","_import_multiple_value_separator","_import_empty_attribute_value_constant","import_images_file_dir","_import_ids","_import_history_id"]} []
[2026-07-17T19:53:01.928616+00:00] main.WARNING: category_faq not in request data {"data_keys":["form_key","entity","behavior","validation_strategy","allowed_error_count","_import_field_separator","_import_multiple_value_separator","_import_empty_attribute_value_constant","import_images_file_dir","_import_ids","_import_history_id"]} []
[2026-07-17T19:53:02.034422+00:00] main.INFO: Category Save Before Observer - Request Data {"category_id":null,"has_enable_faq":false,"has_category_faq":false,"all_keys":["form_key","entity","behavior","validation_strategy","allowed_error_count","_import_field_separator","_import_multiple_value_separator","_import_empty_attribute_value_constant","import_images_file_dir","_import_ids","_import_history_id"]} []
[2026-07-17T19:53:02.034787+00:00] main.WARNING: category_faq not in request data {"data_keys":["form_key","entity","behavior","validation_strategy","allowed_error_count","_import_field_separator","_import_multiple_value_separator","_import_empty_attribute_value_constant","import_images_file_dir","_import_ids","_import_history_id"]} []
[2026-07-17T19:53:02.130379+00:00] main.INFO: Category Save Before Observer - Request Data {"category_id":null,"has_enable_faq":false,"has_category_faq":false,"all_keys":["form_key","entity","behavior","validation_strategy","allowed_error_count","_import_field_separator","_import_multiple_value_separator","_import_empty_attribute_value_constant","import_images_file_dir","_import_ids","_import_history_id"]} []
[2026-07-17T19:53:02.130650+00:00] main.WARNING: category_faq not in request data {"data_keys":["form_key","entity","behavior","validation_strategy","allowed_error_count","_import_field_separator","_import_multiple_value_separator","_import_empty_attribute_value_constant","import_images_file_dir","_import_ids","_import_history_id"]} []
[2026-07-17T19:53:02.309042+00:00] main.INFO: Category Save Before Observer - Request Data {"category_id":null,"has_enable_faq":false,"has_category_faq":false,"all_keys":["form_key","entity","behavior","validation_strategy","allowed_error_count","_import_field_separator","_import_multiple_value_separator","_import_empty_attribute_value_constant","import_images_file_dir","_import_ids","_import_history_id"]} []
[2026-07-17T19:53:02.309225+00:00] main.WARNING: category_faq not in request data {"data_keys":["form_key","entity","behavior","validation_strategy","allowed_error_count","_import_field_separator","_import_multiple_value_separator","_import_empty_attribute_value_constant","import_images_file_dir","_import_ids","_import_history_id"]} []
[2026-07-17T19:53:02.403502+00:00] main.INFO: Category Save Before Observer - Request Data {"category_id":null,"has_enable_faq":false,"has_category_faq":false,"all_keys":["form_key","entity","behavior","validation_strategy","allowed_error_count","_import_field_separator","_import_multiple_value_separator","_import_empty_attribute_value_constant","import_images_file_dir","_import_ids","_import_history_id"]} []
[2026-07-17T19:53:02.403822+00:00] main.WARNING: category_faq not in request data {"data_keys":["form_key","entity","behavior","validation_strategy","allowed_error_count","_import_field_separator","_import_multiple_value_separator","_import_empty_attribute_value_constant","import_images_file_dir","_import_ids","_import_history_id"]} []
[2026-07-17T19:53:02.507717+00:00] main.INFO: Category Save Before Observer - Request Data {"category_id":null,"has_enable_faq":false,"has_category_faq":false,"all_keys":["form_key","entity","behavior","validation_strategy","allowed_error_count","_import_field_separator","_import_multiple_value_separator","_import_empty_attribute_value_constant","import_images_file_dir","_import_ids","_import_history_id"]} []
[2026-07-17T19:53:02.507955+00:00] main.WARNING: category_faq not in request data {"data_keys":["form_key","entity","behavior","validation_strategy","allowed_error_count","_import_field_separator","_import_multiple_value_separator","_import_empty_attribute_value_constant","import_images_file_dir","_import_ids","_import_history_id"]} []
[2026-07-17T19:53:02.583961+00:00] main.INFO: Category Save Before Observer - Request Data {"category_id":null,"has_enable_faq":false,"has_category_faq":false,"all_keys":["form_key","entity","behavior","validation_strategy","allowed_error_count","_import_field_separator","_import_multiple_value_separator","_import_empty_attribute_value_constant","import_images_file_dir","_import_ids","_import_history_id"]} []
[2026-07-17T19:53:02.584231+00:00] main.WARNING: category_faq not in request data {"data_keys":["form_key","entity","behavior","validation_strategy","allowed_error_count","_import_field_separator","_import_multiple_value_separator","_import_empty_attribute_value_constant","import_images_file_dir","_import_ids","_import_history_id"]} []
[2026-07-17T19:53:02.672105+00:00] main.INFO: Category Save Before Observer - Request Data {"category_id":null,"has_enable_faq":false,"has_category_faq":false,"all_keys":["form_key","entity","behavior","validation_strategy","allowed_error_count","_import_field_separator","_import_multiple_value_separator","_import_empty_attribute_value_constant","import_images_file_dir","_import_ids","_import_history_id"]} []
[2026-07-17T19:53:02.672296+00:00] main.WARNING: category_faq not in request data {"data_keys":["form_key","entity","behavior","validation_strategy","allowed_error_count","_import_field_separator","_import_multiple_value_separator","_import_empty_attribute_value_constant","import_images_file_dir","_import_ids","_import_history_id"]} []
[2026-07-17T19:53:02.771549+00:00] main.INFO: Category Save Before Observer - Request Data {"category_id":null,"has_enable_faq":false,"has_category_faq":false,"all_keys":["form_key","entity","behavior","validation_strategy","allowed_error_count","_import_field_separator","_import_multiple_value_separator","_import_empty_attribute_value_constant","import_images_file_dir","_import_ids","_import_history_id"]} []
[2026-07-17T19:53:02.772499+00:00] main.WARNING: category_faq not in request data {"data_keys":["form_key","entity","behavior","validation_strategy","allowed_error_count","_import_field_separator","_import_multiple_value_separator","_import_empty_attribute_value_constant","import_images_file_dir","_import_ids","_import_history_id"]} []
[2026-07-17T19:53:02.889135+00:00] main.INFO: Category Save Before Observer - Request Data {"category_id":null,"has_enable_faq":false,"has_category_faq":false,"all_keys":["form_key","entity","behavior","validation_strategy","allowed_error_count","_import_field_separator","_import_multiple_value_separator","_import_empty_attribute_value_constant","import_images_file_dir","_import_ids","_import_history_id"]} []
[2026-07-17T19:53:02.889356+00:00] main.WARNING: category_faq not in request data {"data_keys":["form_key","entity","behavior","validation_strategy","allowed_error_count","_import_field_separator","_import_multiple_value_separator","_import_empty_attribute_value_constant","import_images_file_dir","_import_ids","_import_history_id"]} []
[2026-07-17T19:53:03.000735+00:00] main.INFO: Category Save Before Observer - Request Data {"category_id":null,"has_enable_faq":false,"has_category_faq":false,"all_keys":["form_key","entity","behavior","validation_strategy","allowed_error_count","_import_field_separator","_import_multiple_value_separator","_import_empty_attribute_value_constant","import_images_file_dir","_import_ids","_import_history_id"]} []
[2026-07-17T19:53:03.000971+00:00] main.WARNING: category_faq not in request data {"data_keys":["form_key","entity","behavior","validation_strategy","allowed_error_count","_import_field_separator","_import_multiple_value_separator","_import_empty_attribute_value_constant","import_images_file_dir","_import_ids","_import_history_id"]} []
[2026-07-17T19:53:03.093043+00:00] main.INFO: Category Save Before Observer - Request Data {"category_id":null,"has_enable_faq":false,"has_category_faq":false,"all_keys":["form_key","entity","behavior","validation_strategy","allowed_error_count","_import_field_separator","_import_multiple_value_separator","_import_empty_attribute_value_constant","import_images_file_dir","_import_ids","_import_history_id"]} []
[2026-07-17T19:53:03.093301+00:00] main.WARNING: category_faq not in request data {"data_keys":["form_key","entity","behavior","validation_strategy","allowed_error_count","_import_field_separator","_import_multiple_value_separator","_import_empty_attribute_value_constant","import_images_file_dir","_import_ids","_import_history_id"]} []
[2026-07-17T19:55:48.861287+00:00] main.WARNING: Memory size allocated for the temporary table is more than 20% of innodb_buffer_pool_size. Please update innodb_buffer_pool_size or decrease batch size value (which decreases memory usages for the temporary table). Current batch size: 100000; Allocated memory size: 250000000 bytes; InnoDB buffer pool size: 134217728 bytes. [] []
[2026-07-17T19:55:48.905920+00:00] main.WARNING: Memory size allocated for the temporary table is more than 20% of innodb_buffer_pool_size. Please update innodb_buffer_pool_size or decrease batch size value (which decreases memory usages for the temporary table). Current batch size: 100000; Allocated memory size: 250000000 bytes; InnoDB buffer pool size: 134217728 bytes. [] []
[2026-07-17T19:55:48.924744+00:00] main.WARNING: Memory size allocated for the temporary table is more than 20% of innodb_buffer_pool_size. Please update innodb_buffer_pool_size or decrease batch size value (which decreases memory usages for the temporary table). Current batch size: 100000; Allocated memory size: 250000000 bytes; InnoDB buffer pool size: 134217728 bytes. [] []
[2026-07-17T19:55:49.020081+00:00] main.WARNING: Memory size allocated for the temporary table is more than 20% of innodb_buffer_pool_size. Please update innodb_buffer_pool_size or decrease batch size value (which decreases memory usages for the temporary table). Current batch size: 100000; Allocated memory size: 250000000 bytes; InnoDB buffer pool size: 134217728 bytes. [] []
[2026-07-17T19:55:49.083460+00:00] main.WARNING: Memory size allocated for the temporary table is more than 20% of innodb_buffer_pool_size. Please update innodb_buffer_pool_size or decrease batch size value (which decreases memory usages for the temporary table). Current batch size: 100000; Allocated memory size: 250000000 bytes; InnoDB buffer pool size: 134217728 bytes. [] []
[2026-07-17T19:55:49.101446+00:00] main.WARNING: Memory size allocated for the temporary table is more than 20% of innodb_buffer_pool_size. Please update innodb_buffer_pool_size or decrease batch size value (which decreases memory usages for the temporary table). Current batch size: 100000; Allocated memory size: 250000000 bytes; InnoDB buffer pool size: 134217728 bytes. [] []
[2026-07-17T19:55:49.121989+00:00] main.WARNING: Memory size allocated for the temporary table is more than 20% of innodb_buffer_pool_size. Please update innodb_buffer_pool_size or decrease batch size value (which decreases memory usages for the temporary table). Current batch size: 100000; Allocated memory size: 250000000 bytes; InnoDB buffer pool size: 134217728 bytes. [] []
[2026-07-17T19:55:49.156561+00:00] main.WARNING: Memory size allocated for the temporary table is more than 20% of innodb_buffer_pool_size. Please update innodb_buffer_pool_size or decrease batch size value (which decreases memory usages for the temporary table). Current batch size: 100000; Allocated memory size: 250000000 bytes; InnoDB buffer pool size: 134217728 bytes. [] []
[2026-07-17T19:55:49.171408+00:00] main.WARNING: Memory size allocated for the temporary table is more than 20% of innodb_buffer_pool_size. Please update innodb_buffer_pool_size or decrease batch size value (which decreases memory usages for the temporary table). Current batch size: 100000; Allocated memory size: 250000000 bytes; InnoDB buffer pool size: 134217728 bytes. [] []
[2026-07-17T19:55:49.185523+00:00] main.WARNING: Memory size allocated for the temporary table is more than 20% of innodb_buffer_pool_size. Please update innodb_buffer_pool_size or decrease batch size value (which decreases memory usages for the temporary table). Current batch size: 100000; Allocated memory size: 250000000 bytes; InnoDB buffer pool size: 134217728 bytes. [] []
[2026-07-17T19:55:49.213743+00:00] main.WARNING: Memory size allocated for the temporary table is more than 20% of innodb_buffer_pool_size. Please update innodb_buffer_pool_size or decrease batch size value (which decreases memory usages for the temporary table). Current batch size: 100000; Allocated memory size: 250000000 bytes; InnoDB buffer pool size: 134217728 bytes. [] []
[2026-07-17T19:55:49.219529+00:00] main.WARNING: Memory size allocated for the temporary table is more than 20% of innodb_buffer_pool_size. Please update innodb_buffer_pool_size or decrease batch size value (which decreases memory usages for the temporary table). Current batch size: 100000; Allocated memory size: 250000000 bytes; InnoDB buffer pool size: 134217728 bytes. [] []
[2026-07-17T19:55:49.227074+00:00] main.WARNING: Memory size allocated for the temporary table is more than 20% of innodb_buffer_pool_size. Please update innodb_buffer_pool_size or decrease batch size value (which decreases memory usages for the temporary table). Current batch size: 100000; Allocated memory size: 250000000 bytes; InnoDB buffer pool size: 134217728 bytes. [] []
[2026-07-17T19:55:49.256938+00:00] main.WARNING: Memory size allocated for the temporary table is more than 20% of innodb_buffer_pool_size. Please update innodb_buffer_pool_size or decrease batch size value (which decreases memory usages for the temporary table). Current batch size: 100000; Allocated memory size: 250000000 bytes; InnoDB buffer pool size: 134217728 bytes. [] []
[2026-07-17T19:55:49.265057+00:00] main.WARNING: Memory size allocated for the temporary table is more than 20% of innodb_buffer_pool_size. Please update innodb_buffer_pool_size or decrease batch size value (which decreases memory usages for the temporary table). Current batch size: 100000; Allocated memory size: 250000000 bytes; InnoDB buffer pool size: 134217728 bytes. [] []
[2026-07-17T19:55:53.472080+00:00] main.WARNING: Memory size allocated for the temporary table is more than 20% of innodb_buffer_pool_size. Please update innodb_buffer_pool_size or decrease batch size value (which decreases memory usages for the temporary table). Current batch size: 1000; Allocated memory size: 30000000 bytes; InnoDB buffer pool size: 134217728 bytes. [] []
[2026-07-17T20:11:51.712756+00:00] main.INFO: Category Save Before Observer - Request Data {"category_id":null,"has_enable_faq":false,"has_category_faq":false,"all_keys":["form_key","entity","behavior","validation_strategy","allowed_error_count","_import_field_separator","_import_multiple_value_separator","_import_empty_attribute_value_constant","import_images_file_dir","_import_ids","_import_history_id"]} []
[2026-07-17T20:11:51.713267+00:00] main.WARNING: category_faq not in request data {"data_keys":["form_key","entity","behavior","validation_strategy","allowed_error_count","_import_field_separator","_import_multiple_value_separator","_import_empty_attribute_value_constant","import_images_file_dir","_import_ids","_import_history_id"]} []
[2026-07-17T20:11:51.833375+00:00] main.INFO: Category Save Before Observer - Request Data {"category_id":null,"has_enable_faq":false,"has_category_faq":false,"all_keys":["form_key","entity","behavior","validation_strategy","allowed_error_count","_import_field_separator","_import_multiple_value_separator","_import_empty_attribute_value_constant","import_images_file_dir","_import_ids","_import_history_id"]} []
[2026-07-17T20:11:51.833676+00:00] main.WARNING: category_faq not in request data {"data_keys":["form_key","entity","behavior","validation_strategy","allowed_error_count","_import_field_separator","_import_multiple_value_separator","_import_empty_attribute_value_constant","import_images_file_dir","_import_ids","_import_history_id"]} []
[2026-07-17T20:11:51.901452+00:00] main.INFO: Category Save Before Observer - Request Data {"category_id":null,"has_enable_faq":false,"has_category_faq":false,"all_keys":["form_key","entity","behavior","validation_strategy","allowed_error_count","_import_field_separator","_import_multiple_value_separator","_import_empty_attribute_value_constant","import_images_file_dir","_import_ids","_import_history_id"]} []
[2026-07-17T20:11:51.901685+00:00] main.WARNING: category_faq not in request data {"data_keys":["form_key","entity","behavior","validation_strategy","allowed_error_count","_import_field_separator","_import_multiple_value_separator","_import_empty_attribute_value_constant","import_images_file_dir","_import_ids","_import_history_id"]} []
[2026-07-17T20:11:51.965076+00:00] main.INFO: Category Save Before Observer - Request Data {"category_id":null,"has_enable_faq":false,"has_category_faq":false,"all_keys":["form_key","entity","behavior","validation_strategy","allowed_error_count","_import_field_separator","_import_multiple_value_separator","_import_empty_attribute_value_constant","import_images_file_dir","_import_ids","_import_history_id"]} []
[2026-07-17T20:11:51.965344+00:00] main.WARNING: category_faq not in request data {"data_keys":["form_key","entity","behavior","validation_strategy","allowed_error_count","_import_field_separator","_import_multiple_value_separator","_import_empty_attribute_value_constant","import_images_file_dir","_import_ids","_import_history_id"]} []
[2026-07-17T20:11:52.059873+00:00] main.INFO: Category Save Before Observer - Request Data {"category_id":null,"has_enable_faq":false,"has_category_faq":false,"all_keys":["form_key","entity","behavior","validation_strategy","allowed_error_count","_import_field_separator","_import_multiple_value_separator","_import_empty_attribute_value_constant","import_images_file_dir","_import_ids","_import_history_id"]} []
[2026-07-17T20:11:52.060131+00:00] main.WARNING: category_faq not in request data {"data_keys":["form_key","entity","behavior","validation_strategy","allowed_error_count","_import_field_separator","_import_multiple_value_separator","_import_empty_attribute_value_constant","import_images_file_dir","_import_ids","_import_history_id"]} []
[2026-07-17T20:11:52.138591+00:00] main.INFO: Category Save Before Observer - Request Data {"category_id":null,"has_enable_faq":false,"has_category_faq":false,"all_keys":["form_key","entity","behavior","validation_strategy","allowed_error_count","_import_field_separator","_import_multiple_value_separator","_import_empty_attribute_value_constant","import_images_file_dir","_import_ids","_import_history_id"]} []
[2026-07-17T20:11:52.138810+00:00] main.WARNING: category_faq not in request data {"data_keys":["form_key","entity","behavior","validation_strategy","allowed_error_count","_import_field_separator","_import_multiple_value_separator","_import_empty_attribute_value_constant","import_images_file_dir","_import_ids","_import_history_id"]} []
[2026-07-17T20:11:52.202398+00:00] main.INFO: Category Save Before Observer - Request Data {"category_id":null,"has_enable_faq":false,"has_category_faq":false,"all_keys":["form_key","entity","behavior","validation_strategy","allowed_error_count","_import_field_separator","_import_multiple_value_separator","_import_empty_attribute_value_constant","import_images_file_dir","_import_ids","_import_history_id"]} []
[2026-07-17T20:11:52.202683+00:00] main.WARNING: category_faq not in request data {"data_keys":["form_key","entity","behavior","validation_strategy","allowed_error_count","_import_field_separator","_import_multiple_value_separator","_import_empty_attribute_value_constant","import_images_file_dir","_import_ids","_import_history_id"]} []
[2026-07-17T20:11:52.282502+00:00] main.INFO: Category Save Before Observer - Request Data {"category_id":null,"has_enable_faq":false,"has_category_faq":false,"all_keys":["form_key","entity","behavior","validation_strategy","allowed_error_count","_import_field_separator","_import_multiple_value_separator","_import_empty_attribute_value_constant","import_images_file_dir","_import_ids","_import_history_id"]} []
[2026-07-17T20:11:52.282757+00:00] main.WARNING: category_faq not in request data {"data_keys":["form_key","entity","behavior","validation_strategy","allowed_error_count","_import_field_separator","_import_multiple_value_separator","_import_empty_attribute_value_constant","import_images_file_dir","_import_ids","_import_history_id"]} []
[2026-07-17T20:11:52.358163+00:00] main.INFO: Category Save Before Observer - Request Data {"category_id":null,"has_enable_faq":false,"has_category_faq":false,"all_keys":["form_key","entity","behavior","validation_strategy","allowed_error_count","_import_field_separator","_import_multiple_value_separator","_import_empty_attribute_value_constant","import_images_file_dir","_import_ids","_import_history_id"]} []
[2026-07-17T20:11:52.358427+00:00] main.WARNING: category_faq not in request data {"data_keys":["form_key","entity","behavior","validation_strategy","allowed_error_count","_import_field_separator","_import_multiple_value_separator","_import_empty_attribute_value_constant","import_images_file_dir","_import_ids","_import_history_id"]} []
[2026-07-17T20:11:52.428408+00:00] main.INFO: Category Save Before Observer - Request Data {"category_id":null,"has_enable_faq":false,"has_category_faq":false,"all_keys":["form_key","entity","behavior","validation_strategy","allowed_error_count","_import_field_separator","_import_multiple_value_separator","_import_empty_attribute_value_constant","import_images_file_dir","_import_ids","_import_history_id"]} []
[2026-07-17T20:11:52.428692+00:00] main.WARNING: category_faq not in request data {"data_keys":["form_key","entity","behavior","validation_strategy","allowed_error_count","_import_field_separator","_import_multiple_value_separator","_import_empty_attribute_value_constant","import_images_file_dir","_import_ids","_import_history_id"]} []
[2026-07-17T20:11:52.499020+00:00] main.INFO: Category Save Before Observer - Request Data {"category_id":null,"has_enable_faq":false,"has_category_faq":false,"all_keys":["form_key","entity","behavior","validation_strategy","allowed_error_count","_import_field_separator","_import_multiple_value_separator","_import_empty_attribute_value_constant","import_images_file_dir","_import_ids","_import_history_id"]} []
[2026-07-17T20:11:52.499219+00:00] main.WARNING: category_faq not in request data {"data_keys":["form_key","entity","behavior","validation_strategy","allowed_error_count","_import_field_separator","_import_multiple_value_separator","_import_empty_attribute_value_constant","import_images_file_dir","_import_ids","_import_history_id"]} []
[2026-07-17T20:11:52.733040+00:00] main.INFO: Category Save Before Observer - Request Data {"category_id":null,"has_enable_faq":false,"has_category_faq":false,"all_keys":["form_key","entity","behavior","validation_strategy","allowed_error_count","_import_field_separator","_import_multiple_value_separator","_import_empty_attribute_value_constant","import_images_file_dir","_import_ids","_import_history_id"]} []
[2026-07-17T20:11:52.733327+00:00] main.WARNING: category_faq not in request data {"data_keys":["form_key","entity","behavior","validation_strategy","allowed_error_count","_import_field_separator","_import_multiple_value_separator","_import_empty_attribute_value_constant","import_images_file_dir","_import_ids","_import_history_id"]} []
[2026-07-17T20:11:52.844005+00:00] main.INFO: Category Save Before Observer - Request Data {"category_id":null,"has_enable_faq":false,"has_category_faq":false,"all_keys":["form_key","entity","behavior","validation_strategy","allowed_error_count","_import_field_separator","_import_multiple_value_separator","_import_empty_attribute_value_constant","import_images_file_dir","_import_ids","_import_history_id"]} []
[2026-07-17T20:11:52.844273+00:00] main.WARNING: category_faq not in request data {"data_keys":["form_key","entity","behavior","validation_strategy","allowed_error_count","_import_field_separator","_import_multiple_value_separator","_import_empty_attribute_value_constant","import_images_file_dir","_import_ids","_import_history_id"]} []
[2026-07-17T20:11:52.928276+00:00] main.INFO: Category Save Before Observer - Request Data {"category_id":null,"has_enable_faq":false,"has_category_faq":false,"all_keys":["form_key","entity","behavior","validation_strategy","allowed_error_count","_import_field_separator","_import_multiple_value_separator","_import_empty_attribute_value_constant","import_images_file_dir","_import_ids","_import_history_id"]} []
[2026-07-17T20:11:52.928572+00:00] main.WARNING: category_faq not in request data {"data_keys":["form_key","entity","behavior","validation_strategy","allowed_error_count","_import_field_separator","_import_multiple_value_separator","_import_empty_attribute_value_constant","import_images_file_dir","_import_ids","_import_history_id"]} []
[2026-07-17T20:11:53.011373+00:00] main.INFO: Category Save Before Observer - Request Data {"category_id":null,"has_enable_faq":false,"has_category_faq":false,"all_keys":["form_key","entity","behavior","validation_strategy","allowed_error_count","_import_field_separator","_import_multiple_value_separator","_import_empty_attribute_value_constant","import_images_file_dir","_import_ids","_import_history_id"]} []
[2026-07-17T20:11:53.011622+00:00] main.WARNING: category_faq not in request data {"data_keys":["form_key","entity","behavior","validation_strategy","allowed_error_count","_import_field_separator","_import_multiple_value_separator","_import_empty_attribute_value_constant","import_images_file_dir","_import_ids","_import_history_id"]} []
[2026-07-17T20:11:53.080758+00:00] main.INFO: Category Save Before Observer - Request Data {"category_id":null,"has_enable_faq":false,"has_category_faq":false,"all_keys":["form_key","entity","behavior","validation_strategy","allowed_error_count","_import_field_separator","_import_multiple_value_separator","_import_empty_attribute_value_constant","import_images_file_dir","_import_ids","_import_history_id"]} []
[2026-07-17T20:11:53.081033+00:00] main.WARNING: category_faq not in request data {"data_keys":["form_key","entity","behavior","validation_strategy","allowed_error_count","_import_field_separator","_import_multiple_value_separator","_import_empty_attribute_value_constant","import_images_file_dir","_import_ids","_import_history_id"]} []
[2026-07-17T20:11:53.245654+00:00] main.INFO: Category Save Before Observer - Request Data {"category_id":null,"has_enable_faq":false,"has_category_faq":false,"all_keys":["form_key","entity","behavior","validation_strategy","allowed_error_count","_import_field_separator","_import_multiple_value_separator","_import_empty_attribute_value_constant","import_images_file_dir","_import_ids","_import_history_id"]} []
[2026-07-17T20:11:53.245855+00:00] main.WARNING: category_faq not in request data {"data_keys":["form_key","entity","behavior","validation_strategy","allowed_error_count","_import_field_separator","_import_multiple_value_separator","_import_empty_attribute_value_constant","import_images_file_dir","_import_ids","_import_history_id"]} []
[2026-07-17T20:11:53.325515+00:00] main.INFO: Category Save Before Observer - Request Data {"category_id":null,"has_enable_faq":false,"has_category_faq":false,"all_keys":["form_key","entity","behavior","validation_strategy","allowed_error_count","_import_field_separator","_import_multiple_value_separator","_import_empty_attribute_value_constant","import_images_file_dir","_import_ids","_import_history_id"]} []
[2026-07-17T20:11:53.325782+00:00] main.WARNING: category_faq not in request data {"data_keys":["form_key","entity","behavior","validation_strategy","allowed_error_count","_import_field_separator","_import_multiple_value_separator","_import_empty_attribute_value_constant","import_images_file_dir","_import_ids","_import_history_id"]} []
[2026-07-17T20:11:53.418560+00:00] main.INFO: Category Save Before Observer - Request Data {"category_id":null,"has_enable_faq":false,"has_category_faq":false,"all_keys":["form_key","entity","behavior","validation_strategy","allowed_error_count","_import_field_separator","_import_multiple_value_separator","_import_empty_attribute_value_constant","import_images_file_dir","_import_ids","_import_history_id"]} []
[2026-07-17T20:11:53.418916+00:00] main.WARNING: category_faq not in request data {"data_keys":["form_key","entity","behavior","validation_strategy","allowed_error_count","_import_field_separator","_import_multiple_value_separator","_import_empty_attribute_value_constant","import_images_file_dir","_import_ids","_import_history_id"]} []
[2026-07-17T20:11:53.523207+00:00] main.INFO: Category Save Before Observer - Request Data {"category_id":null,"has_enable_faq":false,"has_category_faq":false,"all_keys":["form_key","entity","behavior","validation_strategy","allowed_error_count","_import_field_separator","_import_multiple_value_separator","_import_empty_attribute_value_constant","import_images_file_dir","_import_ids","_import_history_id"]} []
[2026-07-17T20:11:53.523456+00:00] main.WARNING: category_faq not in request data {"data_keys":["form_key","entity","behavior","validation_strategy","allowed_error_count","_import_field_separator","_import_multiple_value_separator","_import_empty_attribute_value_constant","import_images_file_dir","_import_ids","_import_history_id"]} []
[2026-07-17T20:11:53.603437+00:00] main.INFO: Category Save Before Observer - Request Data {"category_id":null,"has_enable_faq":false,"has_category_faq":false,"all_keys":["form_key","entity","behavior","validation_strategy","allowed_error_count","_import_field_separator","_import_multiple_value_separator","_import_empty_attribute_value_constant","import_images_file_dir","_import_ids","_import_history_id"]} []
[2026-07-17T20:11:53.603701+00:00] main.WARNING: category_faq not in request data {"data_keys":["form_key","entity","behavior","validation_strategy","allowed_error_count","_import_field_separator","_import_multiple_value_separator","_import_empty_attribute_value_constant","import_images_file_dir","_import_ids","_import_history_id"]} []
[2026-07-17T20:11:53.681813+00:00] main.INFO: Category Save Before Observer - Request Data {"category_id":null,"has_enable_faq":false,"has_category_faq":false,"all_keys":["form_key","entity","behavior","validation_strategy","allowed_error_count","_import_field_separator","_import_multiple_value_separator","_import_empty_attribute_value_constant","import_images_file_dir","_import_ids","_import_history_id"]} []
[2026-07-17T20:11:53.682093+00:00] main.WARNING: category_faq not in request data {"data_keys":["form_key","entity","behavior","validation_strategy","allowed_error_count","_import_field_separator","_import_multiple_value_separator","_import_empty_attribute_value_constant","import_images_file_dir","_import_ids","_import_history_id"]} []
[2026-07-17T20:11:53.775633+00:00] main.INFO: Category Save Before Observer - Request Data {"category_id":null,"has_enable_faq":false,"has_category_faq":false,"all_keys":["form_key","entity","behavior","validation_strategy","allowed_error_count","_import_field_separator","_import_multiple_value_separator","_import_empty_attribute_value_constant","import_images_file_dir","_import_ids","_import_history_id"]} []
[2026-07-17T20:11:53.775834+00:00] main.WARNING: category_faq not in request data {"data_keys":["form_key","entity","behavior","validation_strategy","allowed_error_count","_import_field_separator","_import_multiple_value_separator","_import_empty_attribute_value_constant","import_images_file_dir","_import_ids","_import_history_id"]} []
[2026-07-17T20:11:53.861882+00:00] main.INFO: Category Save Before Observer - Request Data {"category_id":null,"has_enable_faq":false,"has_category_faq":false,"all_keys":["form_key","entity","behavior","validation_strategy","allowed_error_count","_import_field_separator","_import_multiple_value_separator","_import_empty_attribute_value_constant","import_images_file_dir","_import_ids","_import_history_id"]} []
[2026-07-17T20:11:53.862132+00:00] main.WARNING: category_faq not in request data {"data_keys":["form_key","entity","behavior","validation_strategy","allowed_error_count","_import_field_separator","_import_multiple_value_separator","_import_empty_attribute_value_constant","import_images_file_dir","_import_ids","_import_history_id"]} []
[2026-07-17T20:11:53.935797+00:00] main.INFO: Category Save Before Observer - Request Data {"category_id":null,"has_enable_faq":false,"has_category_faq":false,"all_keys":["form_key","entity","behavior","validation_strategy","allowed_error_count","_import_field_separator","_import_multiple_value_separator","_import_empty_attribute_value_constant","import_images_file_dir","_import_ids","_import_history_id"]} []
[2026-07-17T20:11:53.936158+00:00] main.WARNING: category_faq not in request data {"data_keys":["form_key","entity","behavior","validation_strategy","allowed_error_count","_import_field_separator","_import_multiple_value_separator","_import_empty_attribute_value_constant","import_images_file_dir","_import_ids","_import_history_id"]} []
[2026-07-17T20:22:42.510552+00:00] main.INFO: Category Save Before Observer - Request Data {"category_id":"15","has_enable_faq":true,"has_category_faq":true,"all_keys":["store_id","entity_id","attribute_set_id","parent_id","created_at","updated_at","path","level","children_count","name","meta_title","display_mode","page_layout","url_key","url_path","description","meta_description","is_active","is_anchor","include_in_menu","custom_use_parent_settings","custom_apply_to_products","path_ids","use_config","id","parent","category_name_2","filter_price_range","enable_faq","url_key_create_redirect","landing_page","default_sort_by","available_sort_by","custom_design","custom_layout_update_file","meta_keywords","custom_layout_update","custom_design_from","custom_design_to","extra_info","category_faq","form_key"]} []
[2026-07-17T20:22:42.510792+00:00] main.INFO: FAQ related keys found {"keys":{"28":"enable_faq","40":"category_faq"}} []
[2026-07-17T20:22:42.510952+00:00] main.INFO: FAQ key: enable_faq {"value":"0"} []
[2026-07-17T20:22:42.511100+00:00] main.INFO: FAQ key: category_faq {"value":""} []
[2026-07-17T20:22:42.511263+00:00] main.INFO: Setting enable_faq in beforeSave {"value":"0","old_value":"0"} []
[2026-07-17T20:22:42.511391+00:00] main.INFO: Setting category_faq in beforeSave {"value":"","length":0,"is_empty":true,"old_length":0} []
[2026-07-17T20:22:42.570751+00:00] main.INFO: Category Save After - Saving FAQ attributes {"category_id":"15","has_enable_faq":true,"has_category_faq":true} []
[2026-07-17T20:22:42.570935+00:00] main.INFO: Attempting direct DB save {"category_id":"15","store_id":0,"entity_type_id":"3"} []
[2026-07-17T20:22:42.571820+00:00] main.INFO: Attribute IDs found {"enable_faq_attr_id":"139","category_faq_attr_id":"140"} []
[2026-07-17T20:22:42.572771+00:00] main.INFO: enable_faq saved directly to DB {"category_id":"15","value":0,"attribute_id":"139","store_id":0} []
[2026-07-17T20:22:42.574184+00:00] main.INFO: category_faq saved directly to DB {"category_id":"15","length":0,"attribute_id":"140","store_id":0,"is_empty":true} []
[2026-07-17T20:23:52.034951+00:00] main.WARNING: Memory size allocated for the temporary table is more than 20% of innodb_buffer_pool_size. Please update innodb_buffer_pool_size or decrease batch size value (which decreases memory usages for the temporary table). Current batch size: 100000; Allocated memory size: 250000000 bytes; InnoDB buffer pool size: 134217728 bytes. [] []
[2026-07-17T20:23:52.082740+00:00] main.WARNING: Memory size allocated for the temporary table is more than 20% of innodb_buffer_pool_size. Please update innodb_buffer_pool_size or decrease batch size value (which decreases memory usages for the temporary table). Current batch size: 100000; Allocated memory size: 250000000 bytes; InnoDB buffer pool size: 134217728 bytes. [] []
[2026-07-17T20:23:52.099128+00:00] main.WARNING: Memory size allocated for the temporary table is more than 20% of innodb_buffer_pool_size. Please update innodb_buffer_pool_size or decrease batch size value (which decreases memory usages for the temporary table). Current batch size: 100000; Allocated memory size: 250000000 bytes; InnoDB buffer pool size: 134217728 bytes. [] []
[2026-07-17T20:23:52.135109+00:00] main.WARNING: Memory size allocated for the temporary table is more than 20% of innodb_buffer_pool_size. Please update innodb_buffer_pool_size or decrease batch size value (which decreases memory usages for the temporary table). Current batch size: 100000; Allocated memory size: 250000000 bytes; InnoDB buffer pool size: 134217728 bytes. [] []
[2026-07-17T20:23:52.158859+00:00] main.WARNING: Memory size allocated for the temporary table is more than 20% of innodb_buffer_pool_size. Please update innodb_buffer_pool_size or decrease batch size value (which decreases memory usages for the temporary table). Current batch size: 100000; Allocated memory size: 250000000 bytes; InnoDB buffer pool size: 134217728 bytes. [] []
[2026-07-17T20:23:52.165433+00:00] main.WARNING: Memory size allocated for the temporary table is more than 20% of innodb_buffer_pool_size. Please update innodb_buffer_pool_size or decrease batch size value (which decreases memory usages for the temporary table). Current batch size: 100000; Allocated memory size: 250000000 bytes; InnoDB buffer pool size: 134217728 bytes. [] []
[2026-07-17T20:23:52.174197+00:00] main.WARNING: Memory size allocated for the temporary table is more than 20% of innodb_buffer_pool_size. Please update innodb_buffer_pool_size or decrease batch size value (which decreases memory usages for the temporary table). Current batch size: 100000; Allocated memory size: 250000000 bytes; InnoDB buffer pool size: 134217728 bytes. [] []
[2026-07-17T20:23:52.208895+00:00] main.WARNING: Memory size allocated for the temporary table is more than 20% of innodb_buffer_pool_size. Please update innodb_buffer_pool_size or decrease batch size value (which decreases memory usages for the temporary table). Current batch size: 100000; Allocated memory size: 250000000 bytes; InnoDB buffer pool size: 134217728 bytes. [] []
[2026-07-17T20:23:52.216703+00:00] main.WARNING: Memory size allocated for the temporary table is more than 20% of innodb_buffer_pool_size. Please update innodb_buffer_pool_size or decrease batch size value (which decreases memory usages for the temporary table). Current batch size: 100000; Allocated memory size: 250000000 bytes; InnoDB buffer pool size: 134217728 bytes. [] []
[2026-07-17T20:23:52.226861+00:00] main.WARNING: Memory size allocated for the temporary table is more than 20% of innodb_buffer_pool_size. Please update innodb_buffer_pool_size or decrease batch size value (which decreases memory usages for the temporary table). Current batch size: 100000; Allocated memory size: 250000000 bytes; InnoDB buffer pool size: 134217728 bytes. [] []
[2026-07-17T20:23:52.251881+00:00] main.WARNING: Memory size allocated for the temporary table is more than 20% of innodb_buffer_pool_size. Please update innodb_buffer_pool_size or decrease batch size value (which decreases memory usages for the temporary table). Current batch size: 100000; Allocated memory size: 250000000 bytes; InnoDB buffer pool size: 134217728 bytes. [] []
[2026-07-17T20:23:52.262339+00:00] main.WARNING: Memory size allocated for the temporary table is more than 20% of innodb_buffer_pool_size. Please update innodb_buffer_pool_size or decrease batch size value (which decreases memory usages for the temporary table). Current batch size: 100000; Allocated memory size: 250000000 bytes; InnoDB buffer pool size: 134217728 bytes. [] []
[2026-07-17T20:23:52.270409+00:00] main.WARNING: Memory size allocated for the temporary table is more than 20% of innodb_buffer_pool_size. Please update innodb_buffer_pool_size or decrease batch size value (which decreases memory usages for the temporary table). Current batch size: 100000; Allocated memory size: 250000000 bytes; InnoDB buffer pool size: 134217728 bytes. [] []
[2026-07-17T20:23:52.299844+00:00] main.WARNING: Memory size allocated for the temporary table is more than 20% of innodb_buffer_pool_size. Please update innodb_buffer_pool_size or decrease batch size value (which decreases memory usages for the temporary table). Current batch size: 100000; Allocated memory size: 250000000 bytes; InnoDB buffer pool size: 134217728 bytes. [] []
[2026-07-17T20:23:52.307944+00:00] main.WARNING: Memory size allocated for the temporary table is more than 20% of innodb_buffer_pool_size. Please update innodb_buffer_pool_size or decrease batch size value (which decreases memory usages for the temporary table). Current batch size: 100000; Allocated memory size: 250000000 bytes; InnoDB buffer pool size: 134217728 bytes. [] []
[2026-07-17T20:23:56.202461+00:00] main.WARNING: Memory size allocated for the temporary table is more than 20% of innodb_buffer_pool_size. Please update innodb_buffer_pool_size or decrease batch size value (which decreases memory usages for the temporary table). Current batch size: 1000; Allocated memory size: 30000000 bytes; InnoDB buffer pool size: 134217728 bytes. [] []
[2026-07-17T20:24:53.925329+00:00] main.INFO: Category Save Before Observer - Request Data {"category_id":null,"has_enable_faq":false,"has_category_faq":false,"all_keys":["form_key","entity","behavior","validation_strategy","allowed_error_count","_import_field_separator","_import_multiple_value_separator","_import_empty_attribute_value_constant","import_images_file_dir","_import_ids","_import_history_id"]} []
[2026-07-17T20:24:53.925782+00:00] main.WARNING: category_faq not in request data {"data_keys":["form_key","entity","behavior","validation_strategy","allowed_error_count","_import_field_separator","_import_multiple_value_separator","_import_empty_attribute_value_constant","import_images_file_dir","_import_ids","_import_history_id"]} []
[2026-07-17T20:24:54.060053+00:00] main.INFO: Category Save After - Saving FAQ attributes {"category_id":"225","has_enable_faq":false,"has_category_faq":false} []
[2026-07-17T20:24:54.060339+00:00] main.INFO: Attempting direct DB save {"category_id":"225","store_id":0,"entity_type_id":"3"} []
[2026-07-17T20:24:54.061435+00:00] main.INFO: Attribute IDs found {"enable_faq_attr_id":"139","category_faq_attr_id":"140"} []
[2026-07-17T20:24:54.159725+00:00] main.INFO: Category Save Before Observer - Request Data {"category_id":null,"has_enable_faq":false,"has_category_faq":false,"all_keys":["form_key","entity","behavior","validation_strategy","allowed_error_count","_import_field_separator","_import_multiple_value_separator","_import_empty_attribute_value_constant","import_images_file_dir","_import_ids","_import_history_id"]} []
[2026-07-17T20:24:54.159954+00:00] main.WARNING: category_faq not in request data {"data_keys":["form_key","entity","behavior","validation_strategy","allowed_error_count","_import_field_separator","_import_multiple_value_separator","_import_empty_attribute_value_constant","import_images_file_dir","_import_ids","_import_history_id"]} []
[2026-07-17T20:24:54.239449+00:00] main.INFO: Category Save After - Saving FAQ attributes {"category_id":"226","has_enable_faq":false,"has_category_faq":false} []
[2026-07-17T20:24:54.239796+00:00] main.INFO: Attempting direct DB save {"category_id":"226","store_id":0,"entity_type_id":"3"} []
[2026-07-17T20:24:54.241551+00:00] main.INFO: Attribute IDs found {"enable_faq_attr_id":"139","category_faq_attr_id":"140"} []
[2026-07-17T20:24:54.386536+00:00] main.INFO: Category Save Before Observer - Request Data {"category_id":null,"has_enable_faq":false,"has_category_faq":false,"all_keys":["form_key","entity","behavior","validation_strategy","allowed_error_count","_import_field_separator","_import_multiple_value_separator","_import_empty_attribute_value_constant","import_images_file_dir","_import_ids","_import_history_id"]} []
[2026-07-17T20:24:54.386744+00:00] main.WARNING: category_faq not in request data {"data_keys":["form_key","entity","behavior","validation_strategy","allowed_error_count","_import_field_separator","_import_multiple_value_separator","_import_empty_attribute_value_constant","import_images_file_dir","_import_ids","_import_history_id"]} []
[2026-07-17T20:24:54.474863+00:00] main.INFO: Category Save After - Saving FAQ attributes {"category_id":"227","has_enable_faq":false,"has_category_faq":false} []
[2026-07-17T20:24:54.475253+00:00] main.INFO: Attempting direct DB save {"category_id":"227","store_id":0,"entity_type_id":"3"} []
[2026-07-17T20:24:54.476479+00:00] main.INFO: Attribute IDs found {"enable_faq_attr_id":"139","category_faq_attr_id":"140"} []
[2026-07-17T20:24:54.555372+00:00] main.INFO: Category Save Before Observer - Request Data {"category_id":null,"has_enable_faq":false,"has_category_faq":false,"all_keys":["form_key","entity","behavior","validation_strategy","allowed_error_count","_import_field_separator","_import_multiple_value_separator","_import_empty_attribute_value_constant","import_images_file_dir","_import_ids","_import_history_id"]} []
[2026-07-17T20:24:54.555701+00:00] main.WARNING: category_faq not in request data {"data_keys":["form_key","entity","behavior","validation_strategy","allowed_error_count","_import_field_separator","_import_multiple_value_separator","_import_empty_attribute_value_constant","import_images_file_dir","_import_ids","_import_history_id"]} []
[2026-07-17T20:24:54.633946+00:00] main.INFO: Category Save After - Saving FAQ attributes {"category_id":"228","has_enable_faq":false,"has_category_faq":false} []
[2026-07-17T20:24:54.634233+00:00] main.INFO: Attempting direct DB save {"category_id":"228","store_id":0,"entity_type_id":"3"} []
[2026-07-17T20:24:54.639192+00:00] main.INFO: Attribute IDs found {"enable_faq_attr_id":"139","category_faq_attr_id":"140"} []
[2026-07-17T20:24:54.685071+00:00] main.INFO: Category Save Before Observer - Request Data {"category_id":null,"has_enable_faq":false,"has_category_faq":false,"all_keys":["form_key","entity","behavior","validation_strategy","allowed_error_count","_import_field_separator","_import_multiple_value_separator","_import_empty_attribute_value_constant","import_images_file_dir","_import_ids","_import_history_id"]} []
[2026-07-17T20:24:54.685274+00:00] main.WARNING: category_faq not in request data {"data_keys":["form_key","entity","behavior","validation_strategy","allowed_error_count","_import_field_separator","_import_multiple_value_separator","_import_empty_attribute_value_constant","import_images_file_dir","_import_ids","_import_history_id"]} []
[2026-07-17T20:24:54.804787+00:00] main.INFO: Category Save After - Saving FAQ attributes {"category_id":"229","has_enable_faq":false,"has_category_faq":false} []
[2026-07-17T20:24:54.805425+00:00] main.INFO: Attempting direct DB save {"category_id":"229","store_id":0,"entity_type_id":"3"} []
[2026-07-17T20:24:54.807795+00:00] main.INFO: Attribute IDs found {"enable_faq_attr_id":"139","category_faq_attr_id":"140"} []
[2026-07-17T20:24:56.646611+00:00] main.INFO: Category Save Before Observer - Request Data {"category_id":null,"has_enable_faq":false,"has_category_faq":false,"all_keys":["form_key","entity","behavior","validation_strategy","allowed_error_count","_import_field_separator","_import_multiple_value_separator","_import_empty_attribute_value_constant","import_images_file_dir","_import_ids","_import_history_id"]} []
[2026-07-17T20:24:56.646956+00:00] main.WARNING: category_faq not in request data {"data_keys":["form_key","entity","behavior","validation_strategy","allowed_error_count","_import_field_separator","_import_multiple_value_separator","_import_empty_attribute_value_constant","import_images_file_dir","_import_ids","_import_history_id"]} []
[2026-07-17T20:24:56.778511+00:00] main.INFO: Category Save After - Saving FAQ attributes {"category_id":"230","has_enable_faq":false,"has_category_faq":false} []
[2026-07-17T20:24:56.778814+00:00] main.INFO: Attempting direct DB save {"category_id":"230","store_id":0,"entity_type_id":"3"} []
[2026-07-17T20:24:56.780395+00:00] main.INFO: Attribute IDs found {"enable_faq_attr_id":"139","category_faq_attr_id":"140"} []
[2026-07-17T20:24:56.849862+00:00] main.INFO: Category Save Before Observer - Request Data {"category_id":null,"has_enable_faq":false,"has_category_faq":false,"all_keys":["form_key","entity","behavior","validation_strategy","allowed_error_count","_import_field_separator","_import_multiple_value_separator","_import_empty_attribute_value_constant","import_images_file_dir","_import_ids","_import_history_id"]} []
[2026-07-17T20:24:56.850576+00:00] main.WARNING: category_faq not in request data {"data_keys":["form_key","entity","behavior","validation_strategy","allowed_error_count","_import_field_separator","_import_multiple_value_separator","_import_empty_attribute_value_constant","import_images_file_dir","_import_ids","_import_history_id"]} []
[2026-07-17T20:24:56.996778+00:00] main.INFO: Category Save After - Saving FAQ attributes {"category_id":"231","has_enable_faq":false,"has_category_faq":false} []
[2026-07-17T20:24:56.997038+00:00] main.INFO: Attempting direct DB save {"category_id":"231","store_id":0,"entity_type_id":"3"} []
[2026-07-17T20:24:56.997984+00:00] main.INFO: Attribute IDs found {"enable_faq_attr_id":"139","category_faq_attr_id":"140"} []
[2026-07-17T20:24:57.024948+00:00] main.INFO: Category Save Before Observer - Request Data {"category_id":null,"has_enable_faq":false,"has_category_faq":false,"all_keys":["form_key","entity","behavior","validation_strategy","allowed_error_count","_import_field_separator","_import_multiple_value_separator","_import_empty_attribute_value_constant","import_images_file_dir","_import_ids","_import_history_id"]} []
[2026-07-17T20:24:57.025249+00:00] main.WARNING: category_faq not in request data {"data_keys":["form_key","entity","behavior","validation_strategy","allowed_error_count","_import_field_separator","_import_multiple_value_separator","_import_empty_attribute_value_constant","import_images_file_dir","_import_ids","_import_history_id"]} []
[2026-07-17T20:24:57.111464+00:00] main.INFO: Category Save After - Saving FAQ attributes {"category_id":"232","has_enable_faq":false,"has_category_faq":false} []
[2026-07-17T20:24:57.111681+00:00] main.INFO: Attempting direct DB save {"category_id":"232","store_id":0,"entity_type_id":"3"} []
[2026-07-17T20:24:57.118117+00:00] main.INFO: Attribute IDs found {"enable_faq_attr_id":"139","category_faq_attr_id":"140"} []
[2026-07-17T20:24:57.208639+00:00] main.INFO: Category Save Before Observer - Request Data {"category_id":null,"has_enable_faq":false,"has_category_faq":false,"all_keys":["form_key","entity","behavior","validation_strategy","allowed_error_count","_import_field_separator","_import_multiple_value_separator","_import_empty_attribute_value_constant","import_images_file_dir","_import_ids","_import_history_id"]} []
[2026-07-17T20:24:57.208892+00:00] main.WARNING: category_faq not in request data {"data_keys":["form_key","entity","behavior","validation_strategy","allowed_error_count","_import_field_separator","_import_multiple_value_separator","_import_empty_attribute_value_constant","import_images_file_dir","_import_ids","_import_history_id"]} []
[2026-07-17T20:24:57.265583+00:00] main.INFO: Category Save After - Saving FAQ attributes {"category_id":"233","has_enable_faq":false,"has_category_faq":false} []
[2026-07-17T20:24:57.265913+00:00] main.INFO: Attempting direct DB save {"category_id":"233","store_id":0,"entity_type_id":"3"} []
[2026-07-17T20:24:57.267039+00:00] main.INFO: Attribute IDs found {"enable_faq_attr_id":"139","category_faq_attr_id":"140"} []
[2026-07-17T20:24:57.337765+00:00] main.INFO: Category Save Before Observer - Request Data {"category_id":null,"has_enable_faq":false,"has_category_faq":false,"all_keys":["form_key","entity","behavior","validation_strategy","allowed_error_count","_import_field_separator","_import_multiple_value_separator","_import_empty_attribute_value_constant","import_images_file_dir","_import_ids","_import_history_id"]} []
[2026-07-17T20:24:57.338094+00:00] main.WARNING: category_faq not in request data {"data_keys":["form_key","entity","behavior","validation_strategy","allowed_error_count","_import_field_separator","_import_multiple_value_separator","_import_empty_attribute_value_constant","import_images_file_dir","_import_ids","_import_history_id"]} []
[2026-07-17T20:24:57.397341+00:00] main.INFO: Category Save After - Saving FAQ attributes {"category_id":"234","has_enable_faq":false,"has_category_faq":false} []
[2026-07-17T20:24:57.397611+00:00] main.INFO: Attempting direct DB save {"category_id":"234","store_id":0,"entity_type_id":"3"} []
[2026-07-17T20:24:57.398600+00:00] main.INFO: Attribute IDs found {"enable_faq_attr_id":"139","category_faq_attr_id":"140"} []
[2026-07-17T20:24:57.428758+00:00] main.INFO: Category Save Before Observer - Request Data {"category_id":null,"has_enable_faq":false,"has_category_faq":false,"all_keys":["form_key","entity","behavior","validation_strategy","allowed_error_count","_import_field_separator","_import_multiple_value_separator","_import_empty_attribute_value_constant","import_images_file_dir","_import_ids","_import_history_id"]} []
[2026-07-17T20:24:57.429038+00:00] main.WARNING: category_faq not in request data {"data_keys":["form_key","entity","behavior","validation_strategy","allowed_error_count","_import_field_separator","_import_multiple_value_separator","_import_empty_attribute_value_constant","import_images_file_dir","_import_ids","_import_history_id"]} []
[2026-07-17T20:24:57.494124+00:00] main.INFO: Category Save After - Saving FAQ attributes {"category_id":"235","has_enable_faq":false,"has_category_faq":false} []
[2026-07-17T20:24:57.494349+00:00] main.INFO: Attempting direct DB save {"category_id":"235","store_id":0,"entity_type_id":"3"} []
[2026-07-17T20:24:57.495260+00:00] main.INFO: Attribute IDs found {"enable_faq_attr_id":"139","category_faq_attr_id":"140"} []
[2026-07-17T20:24:57.560156+00:00] main.INFO: Category Save Before Observer - Request Data {"category_id":null,"has_enable_faq":false,"has_category_faq":false,"all_keys":["form_key","entity","behavior","validation_strategy","allowed_error_count","_import_field_separator","_import_multiple_value_separator","_import_empty_attribute_value_constant","import_images_file_dir","_import_ids","_import_history_id"]} []
[2026-07-17T20:24:57.561055+00:00] main.WARNING: category_faq not in request data {"data_keys":["form_key","entity","behavior","validation_strategy","allowed_error_count","_import_field_separator","_import_multiple_value_separator","_import_empty_attribute_value_constant","import_images_file_dir","_import_ids","_import_history_id"]} []
[2026-07-17T20:24:57.680563+00:00] main.INFO: Category Save After - Saving FAQ attributes {"category_id":"236","has_enable_faq":false,"has_category_faq":false} []
[2026-07-17T20:24:57.680858+00:00] main.INFO: Attempting direct DB save {"category_id":"236","store_id":0,"entity_type_id":"3"} []
[2026-07-17T20:24:57.682258+00:00] main.INFO: Attribute IDs found {"enable_faq_attr_id":"139","category_faq_attr_id":"140"} []
[2026-07-17T20:24:57.723878+00:00] main.INFO: Category Save Before Observer - Request Data {"category_id":null,"has_enable_faq":false,"has_category_faq":false,"all_keys":["form_key","entity","behavior","validation_strategy","allowed_error_count","_import_field_separator","_import_multiple_value_separator","_import_empty_attribute_value_constant","import_images_file_dir","_import_ids","_import_history_id"]} []
[2026-07-17T20:24:57.724122+00:00] main.WARNING: category_faq not in request data {"data_keys":["form_key","entity","behavior","validation_strategy","allowed_error_count","_import_field_separator","_import_multiple_value_separator","_import_empty_attribute_value_constant","import_images_file_dir","_import_ids","_import_history_id"]} []
[2026-07-17T20:24:57.771460+00:00] main.INFO: Category Save After - Saving FAQ attributes {"category_id":"237","has_enable_faq":false,"has_category_faq":false} []
[2026-07-17T20:24:57.771724+00:00] main.INFO: Attempting direct DB save {"category_id":"237","store_id":0,"entity_type_id":"3"} []
[2026-07-17T20:24:57.772711+00:00] main.INFO: Attribute IDs found {"enable_faq_attr_id":"139","category_faq_attr_id":"140"} []
[2026-07-17T20:24:57.818615+00:00] main.INFO: Category Save Before Observer - Request Data {"category_id":null,"has_enable_faq":false,"has_category_faq":false,"all_keys":["form_key","entity","behavior","validation_strategy","allowed_error_count","_import_field_separator","_import_multiple_value_separator","_import_empty_attribute_value_constant","import_images_file_dir","_import_ids","_import_history_id"]} []
[2026-07-17T20:24:57.819337+00:00] main.WARNING: category_faq not in request data {"data_keys":["form_key","entity","behavior","validation_strategy","allowed_error_count","_import_field_separator","_import_multiple_value_separator","_import_empty_attribute_value_constant","import_images_file_dir","_import_ids","_import_history_id"]} []
[2026-07-17T20:24:57.933301+00:00] main.INFO: Category Save After - Saving FAQ attributes {"category_id":"238","has_enable_faq":false,"has_category_faq":false} []
[2026-07-17T20:24:57.933500+00:00] main.INFO: Attempting direct DB save {"category_id":"238","store_id":0,"entity_type_id":"3"} []
[2026-07-17T20:24:57.935370+00:00] main.INFO: Attribute IDs found {"enable_faq_attr_id":"139","category_faq_attr_id":"140"} []
[2026-07-17T20:24:57.997023+00:00] main.INFO: Category Save Before Observer - Request Data {"category_id":null,"has_enable_faq":false,"has_category_faq":false,"all_keys":["form_key","entity","behavior","validation_strategy","allowed_error_count","_import_field_separator","_import_multiple_value_separator","_import_empty_attribute_value_constant","import_images_file_dir","_import_ids","_import_history_id"]} []
[2026-07-17T20:24:57.997272+00:00] main.WARNING: category_faq not in request data {"data_keys":["form_key","entity","behavior","validation_strategy","allowed_error_count","_import_field_separator","_import_multiple_value_separator","_import_empty_attribute_value_constant","import_images_file_dir","_import_ids","_import_history_id"]} []
[2026-07-17T20:24:58.104903+00:00] main.INFO: Category Save After - Saving FAQ attributes {"category_id":"239","has_enable_faq":false,"has_category_faq":false} []
[2026-07-17T20:24:58.105172+00:00] main.INFO: Attempting direct DB save {"category_id":"239","store_id":0,"entity_type_id":"3"} []
[2026-07-17T20:24:58.106076+00:00] main.INFO: Attribute IDs found {"enable_faq_attr_id":"139","category_faq_attr_id":"140"} []
[2026-07-17T20:24:58.183550+00:00] main.INFO: Category Save Before Observer - Request Data {"category_id":null,"has_enable_faq":false,"has_category_faq":false,"all_keys":["form_key","entity","behavior","validation_strategy","allowed_error_count","_import_field_separator","_import_multiple_value_separator","_import_empty_attribute_value_constant","import_images_file_dir","_import_ids","_import_history_id"]} []
[2026-07-17T20:24:58.183808+00:00] main.WARNING: category_faq not in request data {"data_keys":["form_key","entity","behavior","validation_strategy","allowed_error_count","_import_field_separator","_import_multiple_value_separator","_import_empty_attribute_value_constant","import_images_file_dir","_import_ids","_import_history_id"]} []
[2026-07-17T20:24:58.266020+00:00] main.INFO: Category Save After - Saving FAQ attributes {"category_id":"240","has_enable_faq":false,"has_category_faq":false} []
[2026-07-17T20:24:58.266302+00:00] main.INFO: Attempting direct DB save {"category_id":"240","store_id":0,"entity_type_id":"3"} []
[2026-07-17T20:24:58.267399+00:00] main.INFO: Attribute IDs found {"enable_faq_attr_id":"139","category_faq_attr_id":"140"} []
[2026-07-17T20:24:58.308297+00:00] main.INFO: Category Save Before Observer - Request Data {"category_id":null,"has_enable_faq":false,"has_category_faq":false,"all_keys":["form_key","entity","behavior","validation_strategy","allowed_error_count","_import_field_separator","_import_multiple_value_separator","_import_empty_attribute_value_constant","import_images_file_dir","_import_ids","_import_history_id"]} []
[2026-07-17T20:24:58.308591+00:00] main.WARNING: category_faq not in request data {"data_keys":["form_key","entity","behavior","validation_strategy","allowed_error_count","_import_field_separator","_import_multiple_value_separator","_import_empty_attribute_value_constant","import_images_file_dir","_import_ids","_import_history_id"]} []
[2026-07-17T20:24:58.402776+00:00] main.INFO: Category Save After - Saving FAQ attributes {"category_id":"241","has_enable_faq":false,"has_category_faq":false} []
[2026-07-17T20:24:58.403100+00:00] main.INFO: Attempting direct DB save {"category_id":"241","store_id":0,"entity_type_id":"3"} []
[2026-07-17T20:24:58.404200+00:00] main.INFO: Attribute IDs found {"enable_faq_attr_id":"139","category_faq_attr_id":"140"} []
[2026-07-17T20:25:00.254034+00:00] main.INFO: Category Save Before Observer - Request Data {"category_id":null,"has_enable_faq":false,"has_category_faq":false,"all_keys":["form_key","entity","behavior","validation_strategy","allowed_error_count","_import_field_separator","_import_multiple_value_separator","_import_empty_attribute_value_constant","import_images_file_dir","_import_ids","_import_history_id"]} []
[2026-07-17T20:25:00.254372+00:00] main.WARNING: category_faq not in request data {"data_keys":["form_key","entity","behavior","validation_strategy","allowed_error_count","_import_field_separator","_import_multiple_value_separator","_import_empty_attribute_value_constant","import_images_file_dir","_import_ids","_import_history_id"]} []
[2026-07-17T20:25:00.309033+00:00] main.INFO: Category Save After - Saving FAQ attributes {"category_id":"242","has_enable_faq":false,"has_category_faq":false} []
[2026-07-17T20:25:00.309228+00:00] main.INFO: Attempting direct DB save {"category_id":"242","store_id":0,"entity_type_id":"3"} []
[2026-07-17T20:25:00.310023+00:00] main.INFO: Attribute IDs found {"enable_faq_attr_id":"139","category_faq_attr_id":"140"} []
[2026-07-17T20:25:00.327796+00:00] main.INFO: Category Save Before Observer - Request Data {"category_id":null,"has_enable_faq":false,"has_category_faq":false,"all_keys":["form_key","entity","behavior","validation_strategy","allowed_error_count","_import_field_separator","_import_multiple_value_separator","_import_empty_attribute_value_constant","import_images_file_dir","_import_ids","_import_history_id"]} []
[2026-07-17T20:25:00.328049+00:00] main.WARNING: category_faq not in request data {"data_keys":["form_key","entity","behavior","validation_strategy","allowed_error_count","_import_field_separator","_import_multiple_value_separator","_import_empty_attribute_value_constant","import_images_file_dir","_import_ids","_import_history_id"]} []
[2026-07-17T20:25:00.379596+00:00] main.INFO: Category Save After - Saving FAQ attributes {"category_id":"243","has_enable_faq":false,"has_category_faq":false} []
[2026-07-17T20:25:00.379907+00:00] main.INFO: Attempting direct DB save {"category_id":"243","store_id":0,"entity_type_id":"3"} []
[2026-07-17T20:25:00.380918+00:00] main.INFO: Attribute IDs found {"enable_faq_attr_id":"139","category_faq_attr_id":"140"} []
[2026-07-17T20:25:00.397278+00:00] main.INFO: Category Save Before Observer - Request Data {"category_id":null,"has_enable_faq":false,"has_category_faq":false,"all_keys":["form_key","entity","behavior","validation_strategy","allowed_error_count","_import_field_separator","_import_multiple_value_separator","_import_empty_attribute_value_constant","import_images_file_dir","_import_ids","_import_history_id"]} []
[2026-07-17T20:25:00.397510+00:00] main.WARNING: category_faq not in request data {"data_keys":["form_key","entity","behavior","validation_strategy","allowed_error_count","_import_field_separator","_import_multiple_value_separator","_import_empty_attribute_value_constant","import_images_file_dir","_import_ids","_import_history_id"]} []
[2026-07-17T20:25:00.454983+00:00] main.INFO: Category Save After - Saving FAQ attributes {"category_id":"244","has_enable_faq":false,"has_category_faq":false} []
[2026-07-17T20:25:00.455218+00:00] main.INFO: Attempting direct DB save {"category_id":"244","store_id":0,"entity_type_id":"3"} []
[2026-07-17T20:25:00.456120+00:00] main.INFO: Attribute IDs found {"enable_faq_attr_id":"139","category_faq_attr_id":"140"} []
[2026-07-17T20:25:00.487865+00:00] main.INFO: Category Save Before Observer - Request Data {"category_id":null,"has_enable_faq":false,"has_category_faq":false,"all_keys":["form_key","entity","behavior","validation_strategy","allowed_error_count","_import_field_separator","_import_multiple_value_separator","_import_empty_attribute_value_constant","import_images_file_dir","_import_ids","_import_history_id"]} []
[2026-07-17T20:25:00.488098+00:00] main.WARNING: category_faq not in request data {"data_keys":["form_key","entity","behavior","validation_strategy","allowed_error_count","_import_field_separator","_import_multiple_value_separator","_import_empty_attribute_value_constant","import_images_file_dir","_import_ids","_import_history_id"]} []
[2026-07-17T20:25:00.560516+00:00] main.INFO: Category Save After - Saving FAQ attributes {"category_id":"245","has_enable_faq":false,"has_category_faq":false} []
[2026-07-17T20:25:00.560721+00:00] main.INFO: Attempting direct DB save {"category_id":"245","store_id":0,"entity_type_id":"3"} []
[2026-07-17T20:25:00.561741+00:00] main.INFO: Attribute IDs found {"enable_faq_attr_id":"139","category_faq_attr_id":"140"} []
[2026-07-17T20:25:00.618737+00:00] main.INFO: Category Save Before Observer - Request Data {"category_id":null,"has_enable_faq":false,"has_category_faq":false,"all_keys":["form_key","entity","behavior","validation_strategy","allowed_error_count","_import_field_separator","_import_multiple_value_separator","_import_empty_attribute_value_constant","import_images_file_dir","_import_ids","_import_history_id"]} []
[2026-07-17T20:25:00.619055+00:00] main.WARNING: category_faq not in request data {"data_keys":["form_key","entity","behavior","validation_strategy","allowed_error_count","_import_field_separator","_import_multiple_value_separator","_import_empty_attribute_value_constant","import_images_file_dir","_import_ids","_import_history_id"]} []
[2026-07-17T20:25:00.713310+00:00] main.INFO: Category Save After - Saving FAQ attributes {"category_id":"246","has_enable_faq":false,"has_category_faq":false} []
[2026-07-17T20:25:00.713574+00:00] main.INFO: Attempting direct DB save {"category_id":"246","store_id":0,"entity_type_id":"3"} []
[2026-07-17T20:25:00.714619+00:00] main.INFO: Attribute IDs found {"enable_faq_attr_id":"139","category_faq_attr_id":"140"} []
[2026-07-17T20:25:00.766215+00:00] main.INFO: Category Save Before Observer - Request Data {"category_id":null,"has_enable_faq":false,"has_category_faq":false,"all_keys":["form_key","entity","behavior","validation_strategy","allowed_error_count","_import_field_separator","_import_multiple_value_separator","_import_empty_attribute_value_constant","import_images_file_dir","_import_ids","_import_history_id"]} []
[2026-07-17T20:25:00.766545+00:00] main.WARNING: category_faq not in request data {"data_keys":["form_key","entity","behavior","validation_strategy","allowed_error_count","_import_field_separator","_import_multiple_value_separator","_import_empty_attribute_value_constant","import_images_file_dir","_import_ids","_import_history_id"]} []
[2026-07-17T20:25:00.838969+00:00] main.INFO: Category Save After - Saving FAQ attributes {"category_id":"247","has_enable_faq":false,"has_category_faq":false} []
[2026-07-17T20:25:00.839187+00:00] main.INFO: Attempting direct DB save {"category_id":"247","store_id":0,"entity_type_id":"3"} []
[2026-07-17T20:25:00.840976+00:00] main.INFO: Attribute IDs found {"enable_faq_attr_id":"139","category_faq_attr_id":"140"} []
[2026-07-17T20:25:00.885337+00:00] main.INFO: Category Save Before Observer - Request Data {"category_id":null,"has_enable_faq":false,"has_category_faq":false,"all_keys":["form_key","entity","behavior","validation_strategy","allowed_error_count","_import_field_separator","_import_multiple_value_separator","_import_empty_attribute_value_constant","import_images_file_dir","_import_ids","_import_history_id"]} []
[2026-07-17T20:25:00.885581+00:00] main.WARNING: category_faq not in request data {"data_keys":["form_key","entity","behavior","validation_strategy","allowed_error_count","_import_field_separator","_import_multiple_value_separator","_import_empty_attribute_value_constant","import_images_file_dir","_import_ids","_import_history_id"]} []
[2026-07-17T20:25:00.946107+00:00] main.INFO: Category Save After - Saving FAQ attributes {"category_id":"248","has_enable_faq":false,"has_category_faq":false} []
[2026-07-17T20:25:00.946327+00:00] main.INFO: Attempting direct DB save {"category_id":"248","store_id":0,"entity_type_id":"3"} []
[2026-07-17T20:25:00.947306+00:00] main.INFO: Attribute IDs found {"enable_faq_attr_id":"139","category_faq_attr_id":"140"} []
[2026-07-17T20:25:00.988719+00:00] main.INFO: Category Save Before Observer - Request Data {"category_id":null,"has_enable_faq":false,"has_category_faq":false,"all_keys":["form_key","entity","behavior","validation_strategy","allowed_error_count","_import_field_separator","_import_multiple_value_separator","_import_empty_attribute_value_constant","import_images_file_dir","_import_ids","_import_history_id"]} []
[2026-07-17T20:25:00.989030+00:00] main.WARNING: category_faq not in request data {"data_keys":["form_key","entity","behavior","validation_strategy","allowed_error_count","_import_field_separator","_import_multiple_value_separator","_import_empty_attribute_value_constant","import_images_file_dir","_import_ids","_import_history_id"]} []
[2026-07-17T20:25:01.055246+00:00] main.INFO: Category Save After - Saving FAQ attributes {"category_id":"249","has_enable_faq":false,"has_category_faq":false} []
[2026-07-17T20:25:01.055534+00:00] main.INFO: Attempting direct DB save {"category_id":"249","store_id":0,"entity_type_id":"3"} []
[2026-07-17T20:25:01.056495+00:00] main.INFO: Attribute IDs found {"enable_faq_attr_id":"139","category_faq_attr_id":"140"} []
[2026-07-17T20:25:01.085693+00:00] main.INFO: Category Save Before Observer - Request Data {"category_id":null,"has_enable_faq":false,"has_category_faq":false,"all_keys":["form_key","entity","behavior","validation_strategy","allowed_error_count","_import_field_separator","_import_multiple_value_separator","_import_empty_attribute_value_constant","import_images_file_dir","_import_ids","_import_history_id"]} []
[2026-07-17T20:25:01.086080+00:00] main.WARNING: category_faq not in request data {"data_keys":["form_key","entity","behavior","validation_strategy","allowed_error_count","_import_field_separator","_import_multiple_value_separator","_import_empty_attribute_value_constant","import_images_file_dir","_import_ids","_import_history_id"]} []
[2026-07-17T20:25:01.167846+00:00] main.INFO: Category Save After - Saving FAQ attributes {"category_id":"250","has_enable_faq":false,"has_category_faq":false} []
[2026-07-17T20:25:01.168087+00:00] main.INFO: Attempting direct DB save {"category_id":"250","store_id":0,"entity_type_id":"3"} []
[2026-07-17T20:25:01.169112+00:00] main.INFO: Attribute IDs found {"enable_faq_attr_id":"139","category_faq_attr_id":"140"} []
[2026-07-17T20:25:01.219764+00:00] main.INFO: Category Save Before Observer - Request Data {"category_id":null,"has_enable_faq":false,"has_category_faq":false,"all_keys":["form_key","entity","behavior","validation_strategy","allowed_error_count","_import_field_separator","_import_multiple_value_separator","_import_empty_attribute_value_constant","import_images_file_dir","_import_ids","_import_history_id"]} []
[2026-07-17T20:25:01.220076+00:00] main.WARNING: category_faq not in request data {"data_keys":["form_key","entity","behavior","validation_strategy","allowed_error_count","_import_field_separator","_import_multiple_value_separator","_import_empty_attribute_value_constant","import_images_file_dir","_import_ids","_import_history_id"]} []
[2026-07-17T20:25:01.279284+00:00] main.INFO: Category Save After - Saving FAQ attributes {"category_id":"251","has_enable_faq":false,"has_category_faq":false} []
[2026-07-17T20:25:01.279705+00:00] main.INFO: Attempting direct DB save {"category_id":"251","store_id":0,"entity_type_id":"3"} []
[2026-07-17T20:25:01.280963+00:00] main.INFO: Attribute IDs found {"enable_faq_attr_id":"139","category_faq_attr_id":"140"} []
[2026-07-17T20:25:02.410580+00:00] main.INFO: Category Save Before Observer - Request Data {"category_id":null,"has_enable_faq":false,"has_category_faq":false,"all_keys":["form_key","entity","behavior","validation_strategy","allowed_error_count","_import_field_separator","_import_multiple_value_separator","_import_empty_attribute_value_constant","import_images_file_dir","_import_ids","_import_history_id"]} []
[2026-07-17T20:25:02.410773+00:00] main.WARNING: category_faq not in request data {"data_keys":["form_key","entity","behavior","validation_strategy","allowed_error_count","_import_field_separator","_import_multiple_value_separator","_import_empty_attribute_value_constant","import_images_file_dir","_import_ids","_import_history_id"]} []
[2026-07-17T20:25:02.465777+00:00] main.INFO: Category Save After - Saving FAQ attributes {"category_id":"252","has_enable_faq":false,"has_category_faq":false} []
[2026-07-17T20:25:02.465976+00:00] main.INFO: Attempting direct DB save {"category_id":"252","store_id":0,"entity_type_id":"3"} []
[2026-07-17T20:25:02.466853+00:00] main.INFO: Attribute IDs found {"enable_faq_attr_id":"139","category_faq_attr_id":"140"} []
[2026-07-17T20:25:02.479037+00:00] main.INFO: Category Save Before Observer - Request Data {"category_id":null,"has_enable_faq":false,"has_category_faq":false,"all_keys":["form_key","entity","behavior","validation_strategy","allowed_error_count","_import_field_separator","_import_multiple_value_separator","_import_empty_attribute_value_constant","import_images_file_dir","_import_ids","_import_history_id"]} []
[2026-07-17T20:25:02.479216+00:00] main.WARNING: category_faq not in request data {"data_keys":["form_key","entity","behavior","validation_strategy","allowed_error_count","_import_field_separator","_import_multiple_value_separator","_import_empty_attribute_value_constant","import_images_file_dir","_import_ids","_import_history_id"]} []
[2026-07-17T20:25:02.536372+00:00] main.INFO: Category Save After - Saving FAQ attributes {"category_id":"253","has_enable_faq":false,"has_category_faq":false} []
[2026-07-17T20:25:02.536594+00:00] main.INFO: Attempting direct DB save {"category_id":"253","store_id":0,"entity_type_id":"3"} []
[2026-07-17T20:25:02.537457+00:00] main.INFO: Attribute IDs found {"enable_faq_attr_id":"139","category_faq_attr_id":"140"} []
[2026-07-17T20:25:02.556691+00:00] main.INFO: Category Save Before Observer - Request Data {"category_id":null,"has_enable_faq":false,"has_category_faq":false,"all_keys":["form_key","entity","behavior","validation_strategy","allowed_error_count","_import_field_separator","_import_multiple_value_separator","_import_empty_attribute_value_constant","import_images_file_dir","_import_ids","_import_history_id"]} []
[2026-07-17T20:25:02.556909+00:00] main.WARNING: category_faq not in request data {"data_keys":["form_key","entity","behavior","validation_strategy","allowed_error_count","_import_field_separator","_import_multiple_value_separator","_import_empty_attribute_value_constant","import_images_file_dir","_import_ids","_import_history_id"]} []
[2026-07-17T20:25:02.613024+00:00] main.INFO: Category Save After - Saving FAQ attributes {"category_id":"254","has_enable_faq":false,"has_category_faq":false} []
[2026-07-17T20:25:02.613276+00:00] main.INFO: Attempting direct DB save {"category_id":"254","store_id":0,"entity_type_id":"3"} []
[2026-07-17T20:25:02.614207+00:00] main.INFO: Attribute IDs found {"enable_faq_attr_id":"139","category_faq_attr_id":"140"} []
[2026-07-17T20:25:02.630617+00:00] main.INFO: Category Save Before Observer - Request Data {"category_id":null,"has_enable_faq":false,"has_category_faq":false,"all_keys":["form_key","entity","behavior","validation_strategy","allowed_error_count","_import_field_separator","_import_multiple_value_separator","_import_empty_attribute_value_constant","import_images_file_dir","_import_ids","_import_history_id"]} []
[2026-07-17T20:25:02.630859+00:00] main.WARNING: category_faq not in request data {"data_keys":["form_key","entity","behavior","validation_strategy","allowed_error_count","_import_field_separator","_import_multiple_value_separator","_import_empty_attribute_value_constant","import_images_file_dir","_import_ids","_import_history_id"]} []
[2026-07-17T20:25:02.698060+00:00] main.INFO: Category Save After - Saving FAQ attributes {"category_id":"255","has_enable_faq":false,"has_category_faq":false} []
[2026-07-17T20:25:02.698330+00:00] main.INFO: Attempting direct DB save {"category_id":"255","store_id":0,"entity_type_id":"3"} []
[2026-07-17T20:25:02.699439+00:00] main.INFO: Attribute IDs found {"enable_faq_attr_id":"139","category_faq_attr_id":"140"} []
[2026-07-17T20:25:02.737355+00:00] main.INFO: Category Save Before Observer - Request Data {"category_id":null,"has_enable_faq":false,"has_category_faq":false,"all_keys":["form_key","entity","behavior","validation_strategy","allowed_error_count","_import_field_separator","_import_multiple_value_separator","_import_empty_attribute_value_constant","import_images_file_dir","_import_ids","_import_history_id"]} []
[2026-07-17T20:25:02.737615+00:00] main.WARNING: category_faq not in request data {"data_keys":["form_key","entity","behavior","validation_strategy","allowed_error_count","_import_field_separator","_import_multiple_value_separator","_import_empty_attribute_value_constant","import_images_file_dir","_import_ids","_import_history_id"]} []
[2026-07-17T20:25:02.805707+00:00] main.INFO: Category Save After - Saving FAQ attributes {"category_id":"256","has_enable_faq":false,"has_category_faq":false} []
[2026-07-17T20:25:02.805964+00:00] main.INFO: Attempting direct DB save {"category_id":"256","store_id":0,"entity_type_id":"3"} []
[2026-07-17T20:25:02.806970+00:00] main.INFO: Attribute IDs found {"enable_faq_attr_id":"139","category_faq_attr_id":"140"} []
[2026-07-17T20:25:02.842586+00:00] main.INFO: Category Save Before Observer - Request Data {"category_id":null,"has_enable_faq":false,"has_category_faq":false,"all_keys":["form_key","entity","behavior","validation_strategy","allowed_error_count","_import_field_separator","_import_multiple_value_separator","_import_empty_attribute_value_constant","import_images_file_dir","_import_ids","_import_history_id"]} []
[2026-07-17T20:25:02.842935+00:00] main.WARNING: category_faq not in request data {"data_keys":["form_key","entity","behavior","validation_strategy","allowed_error_count","_import_field_separator","_import_multiple_value_separator","_import_empty_attribute_value_constant","import_images_file_dir","_import_ids","_import_history_id"]} []
[2026-07-17T20:25:02.928205+00:00] main.INFO: Category Save After - Saving FAQ attributes {"category_id":"257","has_enable_faq":false,"has_category_faq":false} []
[2026-07-17T20:25:02.928719+00:00] main.INFO: Attempting direct DB save {"category_id":"257","store_id":0,"entity_type_id":"3"} []
[2026-07-17T20:25:02.929924+00:00] main.INFO: Attribute IDs found {"enable_faq_attr_id":"139","category_faq_attr_id":"140"} []
[2026-07-17T20:25:04.533382+00:00] main.INFO: Category Save Before Observer - Request Data {"category_id":null,"has_enable_faq":false,"has_category_faq":false,"all_keys":["form_key","entity","behavior","validation_strategy","allowed_error_count","_import_field_separator","_import_multiple_value_separator","_import_empty_attribute_value_constant","import_images_file_dir","_import_ids","_import_history_id"]} []
[2026-07-17T20:25:04.533626+00:00] main.WARNING: category_faq not in request data {"data_keys":["form_key","entity","behavior","validation_strategy","allowed_error_count","_import_field_separator","_import_multiple_value_separator","_import_empty_attribute_value_constant","import_images_file_dir","_import_ids","_import_history_id"]} []
[2026-07-17T20:25:04.577918+00:00] main.INFO: Category Save After - Saving FAQ attributes {"category_id":"258","has_enable_faq":false,"has_category_faq":false} []
[2026-07-17T20:25:04.578148+00:00] main.INFO: Attempting direct DB save {"category_id":"258","store_id":0,"entity_type_id":"3"} []
[2026-07-17T20:25:04.578942+00:00] main.INFO: Attribute IDs found {"enable_faq_attr_id":"139","category_faq_attr_id":"140"} []
[2026-07-17T20:25:04.641988+00:00] main.INFO: Category Save Before Observer - Request Data {"category_id":null,"has_enable_faq":false,"has_category_faq":false,"all_keys":["form_key","entity","behavior","validation_strategy","allowed_error_count","_import_field_separator","_import_multiple_value_separator","_import_empty_attribute_value_constant","import_images_file_dir","_import_ids","_import_history_id"]} []
[2026-07-17T20:25:04.642232+00:00] main.WARNING: category_faq not in request data {"data_keys":["form_key","entity","behavior","validation_strategy","allowed_error_count","_import_field_separator","_import_multiple_value_separator","_import_empty_attribute_value_constant","import_images_file_dir","_import_ids","_import_history_id"]} []
[2026-07-17T20:25:04.690580+00:00] main.INFO: Category Save After - Saving FAQ attributes {"category_id":"259","has_enable_faq":false,"has_category_faq":false} []
[2026-07-17T20:25:04.690839+00:00] main.INFO: Attempting direct DB save {"category_id":"259","store_id":0,"entity_type_id":"3"} []
[2026-07-17T20:25:04.691666+00:00] main.INFO: Attribute IDs found {"enable_faq_attr_id":"139","category_faq_attr_id":"140"} []
[2026-07-17T20:25:05.964694+00:00] main.INFO: Category Save Before Observer - Request Data {"category_id":null,"has_enable_faq":false,"has_category_faq":false,"all_keys":["form_key","entity","behavior","validation_strategy","allowed_error_count","_import_field_separator","_import_multiple_value_separator","_import_empty_attribute_value_constant","import_images_file_dir","_import_ids","_import_history_id"]} []
[2026-07-17T20:25:05.964900+00:00] main.WARNING: category_faq not in request data {"data_keys":["form_key","entity","behavior","validation_strategy","allowed_error_count","_import_field_separator","_import_multiple_value_separator","_import_empty_attribute_value_constant","import_images_file_dir","_import_ids","_import_history_id"]} []
[2026-07-17T20:25:05.972985+00:00] main.INFO: Category Save After - Saving FAQ attributes {"category_id":"260","has_enable_faq":false,"has_category_faq":false} []
[2026-07-17T20:25:05.973199+00:00] main.INFO: Attempting direct DB save {"category_id":"260","store_id":0,"entity_type_id":"3"} []
[2026-07-17T20:25:05.974196+00:00] main.INFO: Attribute IDs found {"enable_faq_attr_id":"139","category_faq_attr_id":"140"} []
[2026-07-17T20:25:06.002231+00:00] main.INFO: Category Save Before Observer - Request Data {"category_id":null,"has_enable_faq":false,"has_category_faq":false,"all_keys":["form_key","entity","behavior","validation_strategy","allowed_error_count","_import_field_separator","_import_multiple_value_separator","_import_empty_attribute_value_constant","import_images_file_dir","_import_ids","_import_history_id"]} []
[2026-07-17T20:25:06.002449+00:00] main.WARNING: category_faq not in request data {"data_keys":["form_key","entity","behavior","validation_strategy","allowed_error_count","_import_field_separator","_import_multiple_value_separator","_import_empty_attribute_value_constant","import_images_file_dir","_import_ids","_import_history_id"]} []
[2026-07-17T20:25:06.016425+00:00] main.INFO: Category Save After - Saving FAQ attributes {"category_id":"261","has_enable_faq":false,"has_category_faq":false} []
[2026-07-17T20:25:06.016703+00:00] main.INFO: Attempting direct DB save {"category_id":"261","store_id":0,"entity_type_id":"3"} []
[2026-07-17T20:25:06.017685+00:00] main.INFO: Attribute IDs found {"enable_faq_attr_id":"139","category_faq_attr_id":"140"} []
[2026-07-17T20:25:06.066685+00:00] main.INFO: Category Save Before Observer - Request Data {"category_id":null,"has_enable_faq":false,"has_category_faq":false,"all_keys":["form_key","entity","behavior","validation_strategy","allowed_error_count","_import_field_separator","_import_multiple_value_separator","_import_empty_attribute_value_constant","import_images_file_dir","_import_ids","_import_history_id"]} []
[2026-07-17T20:25:06.066933+00:00] main.WARNING: category_faq not in request data {"data_keys":["form_key","entity","behavior","validation_strategy","allowed_error_count","_import_field_separator","_import_multiple_value_separator","_import_empty_attribute_value_constant","import_images_file_dir","_import_ids","_import_history_id"]} []
[2026-07-17T20:25:06.078205+00:00] main.INFO: Category Save After - Saving FAQ attributes {"category_id":"262","has_enable_faq":false,"has_category_faq":false} []
[2026-07-17T20:25:06.078442+00:00] main.INFO: Attempting direct DB save {"category_id":"262","store_id":0,"entity_type_id":"3"} []
[2026-07-17T20:25:06.079843+00:00] main.INFO: Attribute IDs found {"enable_faq_attr_id":"139","category_faq_attr_id":"140"} []
[2026-07-17T20:25:06.136828+00:00] main.INFO: Category Save Before Observer - Request Data {"category_id":null,"has_enable_faq":false,"has_category_faq":false,"all_keys":["form_key","entity","behavior","validation_strategy","allowed_error_count","_import_field_separator","_import_multiple_value_separator","_import_empty_attribute_value_constant","import_images_file_dir","_import_ids","_import_history_id"]} []
[2026-07-17T20:25:06.137160+00:00] main.WARNING: category_faq not in request data {"data_keys":["form_key","entity","behavior","validation_strategy","allowed_error_count","_import_field_separator","_import_multiple_value_separator","_import_empty_attribute_value_constant","import_images_file_dir","_import_ids","_import_history_id"]} []
[2026-07-17T20:25:06.152713+00:00] main.INFO: Category Save After - Saving FAQ attributes {"category_id":"263","has_enable_faq":false,"has_category_faq":false} []
[2026-07-17T20:25:06.152946+00:00] main.INFO: Attempting direct DB save {"category_id":"263","store_id":0,"entity_type_id":"3"} []
[2026-07-17T20:25:06.154371+00:00] main.INFO: Attribute IDs found {"enable_faq_attr_id":"139","category_faq_attr_id":"140"} []
[2026-07-17T20:25:06.189533+00:00] main.INFO: Category Save Before Observer - Request Data {"category_id":null,"has_enable_faq":false,"has_category_faq":false,"all_keys":["form_key","entity","behavior","validation_strategy","allowed_error_count","_import_field_separator","_import_multiple_value_separator","_import_empty_attribute_value_constant","import_images_file_dir","_import_ids","_import_history_id"]} []
[2026-07-17T20:25:06.189800+00:00] main.WARNING: category_faq not in request data {"data_keys":["form_key","entity","behavior","validation_strategy","allowed_error_count","_import_field_separator","_import_multiple_value_separator","_import_empty_attribute_value_constant","import_images_file_dir","_import_ids","_import_history_id"]} []
[2026-07-17T20:25:06.206494+00:00] main.INFO: Category Save After - Saving FAQ attributes {"category_id":"264","has_enable_faq":false,"has_category_faq":false} []
[2026-07-17T20:25:06.206748+00:00] main.INFO: Attempting direct DB save {"category_id":"264","store_id":0,"entity_type_id":"3"} []
[2026-07-17T20:25:06.207693+00:00] main.INFO: Attribute IDs found {"enable_faq_attr_id":"139","category_faq_attr_id":"140"} []
[2026-07-17T20:25:06.285541+00:00] main.INFO: Category Save Before Observer - Request Data {"category_id":null,"has_enable_faq":false,"has_category_faq":false,"all_keys":["form_key","entity","behavior","validation_strategy","allowed_error_count","_import_field_separator","_import_multiple_value_separator","_import_empty_attribute_value_constant","import_images_file_dir","_import_ids","_import_history_id"]} []
[2026-07-17T20:25:06.285874+00:00] main.WARNING: category_faq not in request data {"data_keys":["form_key","entity","behavior","validation_strategy","allowed_error_count","_import_field_separator","_import_multiple_value_separator","_import_empty_attribute_value_constant","import_images_file_dir","_import_ids","_import_history_id"]} []
[2026-07-17T20:25:06.405644+00:00] main.INFO: Category Save After - Saving FAQ attributes {"category_id":"265","has_enable_faq":false,"has_category_faq":false} []
[2026-07-17T20:25:06.405889+00:00] main.INFO: Attempting direct DB save {"category_id":"265","store_id":0,"entity_type_id":"3"} []
[2026-07-17T20:25:06.406898+00:00] main.INFO: Attribute IDs found {"enable_faq_attr_id":"139","category_faq_attr_id":"140"} []
[2026-07-17T20:25:09.082884+00:00] main.INFO: Category Save Before Observer - Request Data {"category_id":null,"has_enable_faq":false,"has_category_faq":false,"all_keys":["form_key","entity","behavior","validation_strategy","allowed_error_count","_import_field_separator","_import_multiple_value_separator","_import_empty_attribute_value_constant","import_images_file_dir","_import_ids","_import_history_id"]} []
[2026-07-17T20:25:09.083139+00:00] main.WARNING: category_faq not in request data {"data_keys":["form_key","entity","behavior","validation_strategy","allowed_error_count","_import_field_separator","_import_multiple_value_separator","_import_empty_attribute_value_constant","import_images_file_dir","_import_ids","_import_history_id"]} []
[2026-07-17T20:25:09.107608+00:00] main.INFO: Category Save After - Saving FAQ attributes {"category_id":"266","has_enable_faq":false,"has_category_faq":false} []
[2026-07-17T20:25:09.107793+00:00] main.INFO: Attempting direct DB save {"category_id":"266","store_id":0,"entity_type_id":"3"} []
[2026-07-17T20:25:09.108689+00:00] main.INFO: Attribute IDs found {"enable_faq_attr_id":"139","category_faq_attr_id":"140"} []
[2026-07-17T20:25:09.133592+00:00] main.INFO: Category Save Before Observer - Request Data {"category_id":null,"has_enable_faq":false,"has_category_faq":false,"all_keys":["form_key","entity","behavior","validation_strategy","allowed_error_count","_import_field_separator","_import_multiple_value_separator","_import_empty_attribute_value_constant","import_images_file_dir","_import_ids","_import_history_id"]} []
[2026-07-17T20:25:09.133911+00:00] main.WARNING: category_faq not in request data {"data_keys":["form_key","entity","behavior","validation_strategy","allowed_error_count","_import_field_separator","_import_multiple_value_separator","_import_empty_attribute_value_constant","import_images_file_dir","_import_ids","_import_history_id"]} []
[2026-07-17T20:25:09.147066+00:00] main.INFO: Category Save After - Saving FAQ attributes {"category_id":"267","has_enable_faq":false,"has_category_faq":false} []
[2026-07-17T20:25:09.147309+00:00] main.INFO: Attempting direct DB save {"category_id":"267","store_id":0,"entity_type_id":"3"} []
[2026-07-17T20:25:09.148246+00:00] main.INFO: Attribute IDs found {"enable_faq_attr_id":"139","category_faq_attr_id":"140"} []
[2026-07-17T20:25:09.186448+00:00] main.INFO: Category Save Before Observer - Request Data {"category_id":null,"has_enable_faq":false,"has_category_faq":false,"all_keys":["form_key","entity","behavior","validation_strategy","allowed_error_count","_import_field_separator","_import_multiple_value_separator","_import_empty_attribute_value_constant","import_images_file_dir","_import_ids","_import_history_id"]} []
[2026-07-17T20:25:09.186671+00:00] main.WARNING: category_faq not in request data {"data_keys":["form_key","entity","behavior","validation_strategy","allowed_error_count","_import_field_separator","_import_multiple_value_separator","_import_empty_attribute_value_constant","import_images_file_dir","_import_ids","_import_history_id"]} []
[2026-07-17T20:25:09.200506+00:00] main.INFO: Category Save After - Saving FAQ attributes {"category_id":"268","has_enable_faq":false,"has_category_faq":false} []
[2026-07-17T20:25:09.200694+00:00] main.INFO: Attempting direct DB save {"category_id":"268","store_id":0,"entity_type_id":"3"} []
[2026-07-17T20:25:09.201613+00:00] main.INFO: Attribute IDs found {"enable_faq_attr_id":"139","category_faq_attr_id":"140"} []
[2026-07-17T20:25:09.345145+00:00] main.INFO: Category Save Before Observer - Request Data {"category_id":null,"has_enable_faq":false,"has_category_faq":false,"all_keys":["form_key","entity","behavior","validation_strategy","allowed_error_count","_import_field_separator","_import_multiple_value_separator","_import_empty_attribute_value_constant","import_images_file_dir","_import_ids","_import_history_id"]} []
[2026-07-17T20:25:09.345390+00:00] main.WARNING: category_faq not in request data {"data_keys":["form_key","entity","behavior","validation_strategy","allowed_error_count","_import_field_separator","_import_multiple_value_separator","_import_empty_attribute_value_constant","import_images_file_dir","_import_ids","_import_history_id"]} []
[2026-07-17T20:25:09.430570+00:00] main.INFO: Category Save After - Saving FAQ attributes {"category_id":"269","has_enable_faq":false,"has_category_faq":false} []
[2026-07-17T20:25:09.430772+00:00] main.INFO: Attempting direct DB save {"category_id":"269","store_id":0,"entity_type_id":"3"} []
[2026-07-17T20:25:09.438283+00:00] main.INFO: Attribute IDs found {"enable_faq_attr_id":"139","category_faq_attr_id":"140"} []
[2026-07-17T20:25:09.488990+00:00] main.INFO: Category Save Before Observer - Request Data {"category_id":null,"has_enable_faq":false,"has_category_faq":false,"all_keys":["form_key","entity","behavior","validation_strategy","allowed_error_count","_import_field_separator","_import_multiple_value_separator","_import_empty_attribute_value_constant","import_images_file_dir","_import_ids","_import_history_id"]} []
[2026-07-17T20:25:09.489346+00:00] main.WARNING: category_faq not in request data {"data_keys":["form_key","entity","behavior","validation_strategy","allowed_error_count","_import_field_separator","_import_multiple_value_separator","_import_empty_attribute_value_constant","import_images_file_dir","_import_ids","_import_history_id"]} []
[2026-07-17T20:25:09.546628+00:00] main.INFO: Category Save After - Saving FAQ attributes {"category_id":"270","has_enable_faq":false,"has_category_faq":false} []
[2026-07-17T20:25:09.547036+00:00] main.INFO: Attempting direct DB save {"category_id":"270","store_id":0,"entity_type_id":"3"} []
[2026-07-17T20:25:09.548110+00:00] main.INFO: Attribute IDs found {"enable_faq_attr_id":"139","category_faq_attr_id":"140"} []
[2026-07-17T20:25:09.609002+00:00] main.INFO: Category Save Before Observer - Request Data {"category_id":null,"has_enable_faq":false,"has_category_faq":false,"all_keys":["form_key","entity","behavior","validation_strategy","allowed_error_count","_import_field_separator","_import_multiple_value_separator","_import_empty_attribute_value_constant","import_images_file_dir","_import_ids","_import_history_id"]} []
[2026-07-17T20:25:09.609338+00:00] main.WARNING: category_faq not in request data {"data_keys":["form_key","entity","behavior","validation_strategy","allowed_error_count","_import_field_separator","_import_multiple_value_separator","_import_empty_attribute_value_constant","import_images_file_dir","_import_ids","_import_history_id"]} []
[2026-07-17T20:25:09.626835+00:00] main.INFO: Category Save After - Saving FAQ attributes {"category_id":"271","has_enable_faq":false,"has_category_faq":false} []
[2026-07-17T20:25:09.627165+00:00] main.INFO: Attempting direct DB save {"category_id":"271","store_id":0,"entity_type_id":"3"} []
[2026-07-17T20:25:09.628456+00:00] main.INFO: Attribute IDs found {"enable_faq_attr_id":"139","category_faq_attr_id":"140"} []
[2026-07-17T20:25:11.420783+00:00] main.INFO: Category Save Before Observer - Request Data {"category_id":null,"has_enable_faq":false,"has_category_faq":false,"all_keys":["form_key","entity","behavior","validation_strategy","allowed_error_count","_import_field_separator","_import_multiple_value_separator","_import_empty_attribute_value_constant","import_images_file_dir","_import_ids","_import_history_id"]} []
[2026-07-17T20:25:11.421034+00:00] main.WARNING: category_faq not in request data {"data_keys":["form_key","entity","behavior","validation_strategy","allowed_error_count","_import_field_separator","_import_multiple_value_separator","_import_empty_attribute_value_constant","import_images_file_dir","_import_ids","_import_history_id"]} []
[2026-07-17T20:25:11.505550+00:00] main.INFO: Category Save After - Saving FAQ attributes {"category_id":"272","has_enable_faq":false,"has_category_faq":false} []
[2026-07-17T20:25:11.505847+00:00] main.INFO: Attempting direct DB save {"category_id":"272","store_id":0,"entity_type_id":"3"} []
[2026-07-17T20:25:11.506937+00:00] main.INFO: Attribute IDs found {"enable_faq_attr_id":"139","category_faq_attr_id":"140"} []
[2026-07-17T20:25:11.637067+00:00] main.INFO: Category Save Before Observer - Request Data {"category_id":null,"has_enable_faq":false,"has_category_faq":false,"all_keys":["form_key","entity","behavior","validation_strategy","allowed_error_count","_import_field_separator","_import_multiple_value_separator","_import_empty_attribute_value_constant","import_images_file_dir","_import_ids","_import_history_id"]} []
[2026-07-17T20:25:11.637401+00:00] main.WARNING: category_faq not in request data {"data_keys":["form_key","entity","behavior","validation_strategy","allowed_error_count","_import_field_separator","_import_multiple_value_separator","_import_empty_attribute_value_constant","import_images_file_dir","_import_ids","_import_history_id"]} []
[2026-07-17T20:25:11.715785+00:00] main.INFO: Category Save After - Saving FAQ attributes {"category_id":"273","has_enable_faq":false,"has_category_faq":false} []
[2026-07-17T20:25:11.716216+00:00] main.INFO: Attempting direct DB save {"category_id":"273","store_id":0,"entity_type_id":"3"} []
[2026-07-17T20:25:11.717496+00:00] main.INFO: Attribute IDs found {"enable_faq_attr_id":"139","category_faq_attr_id":"140"} []
[2026-07-17T20:25:12.739338+00:00] main.ERROR: Unable to resolve the source file for 'adminhtml/Magento/backend/en_US/underscore-umd.js.map' [] []
[2026-07-17T20:25:12.740166+00:00] main.CRITICAL: Unable to resolve the source file for 'adminhtml/Magento/backend/en_US/underscore-umd.js.map' [] []
[2026-07-17T20:25:13.784033+00:00] main.INFO: Category Save Before Observer - Request Data {"category_id":null,"has_enable_faq":false,"has_category_faq":false,"all_keys":["form_key","entity","behavior","validation_strategy","allowed_error_count","_import_field_separator","_import_multiple_value_separator","_import_empty_attribute_value_constant","import_images_file_dir","_import_ids","_import_history_id"]} []
[2026-07-17T20:25:13.784471+00:00] main.WARNING: category_faq not in request data {"data_keys":["form_key","entity","behavior","validation_strategy","allowed_error_count","_import_field_separator","_import_multiple_value_separator","_import_empty_attribute_value_constant","import_images_file_dir","_import_ids","_import_history_id"]} []
[2026-07-17T20:25:13.892187+00:00] main.INFO: Category Save After - Saving FAQ attributes {"category_id":"274","has_enable_faq":false,"has_category_faq":false} []
[2026-07-17T20:25:13.892773+00:00] main.INFO: Attempting direct DB save {"category_id":"274","store_id":0,"entity_type_id":"3"} []
[2026-07-17T20:25:13.894765+00:00] main.INFO: Attribute IDs found {"enable_faq_attr_id":"139","category_faq_attr_id":"140"} []
[2026-07-17T20:25:13.917572+00:00] main.INFO: Category Save Before Observer - Request Data {"category_id":null,"has_enable_faq":false,"has_category_faq":false,"all_keys":["form_key","entity","behavior","validation_strategy","allowed_error_count","_import_field_separator","_import_multiple_value_separator","_import_empty_attribute_value_constant","import_images_file_dir","_import_ids","_import_history_id"]} []
[2026-07-17T20:25:13.918650+00:00] main.WARNING: category_faq not in request data {"data_keys":["form_key","entity","behavior","validation_strategy","allowed_error_count","_import_field_separator","_import_multiple_value_separator","_import_empty_attribute_value_constant","import_images_file_dir","_import_ids","_import_history_id"]} []
[2026-07-17T20:25:13.944455+00:00] main.INFO: Category Save After - Saving FAQ attributes {"category_id":"275","has_enable_faq":false,"has_category_faq":false} []
[2026-07-17T20:25:13.945005+00:00] main.INFO: Attempting direct DB save {"category_id":"275","store_id":0,"entity_type_id":"3"} []
[2026-07-17T20:25:13.947154+00:00] main.INFO: Attribute IDs found {"enable_faq_attr_id":"139","category_faq_attr_id":"140"} []
[2026-07-17T20:25:13.990678+00:00] main.INFO: Category Save Before Observer - Request Data {"category_id":null,"has_enable_faq":false,"has_category_faq":false,"all_keys":["form_key","entity","behavior","validation_strategy","allowed_error_count","_import_field_separator","_import_multiple_value_separator","_import_empty_attribute_value_constant","import_images_file_dir","_import_ids","_import_history_id"]} []
[2026-07-17T20:25:13.991047+00:00] main.WARNING: category_faq not in request data {"data_keys":["form_key","entity","behavior","validation_strategy","allowed_error_count","_import_field_separator","_import_multiple_value_separator","_import_empty_attribute_value_constant","import_images_file_dir","_import_ids","_import_history_id"]} []
[2026-07-17T20:25:14.023016+00:00] main.INFO: Category Save After - Saving FAQ attributes {"category_id":"276","has_enable_faq":false,"has_category_faq":false} []
[2026-07-17T20:25:14.023334+00:00] main.INFO: Attempting direct DB save {"category_id":"276","store_id":0,"entity_type_id":"3"} []
[2026-07-17T20:25:14.025128+00:00] main.INFO: Attribute IDs found {"enable_faq_attr_id":"139","category_faq_attr_id":"140"} []
[2026-07-17T20:25:14.221945+00:00] main.INFO: Category Save Before Observer - Request Data {"category_id":null,"has_enable_faq":false,"has_category_faq":false,"all_keys":["form_key","entity","behavior","validation_strategy","allowed_error_count","_import_field_separator","_import_multiple_value_separator","_import_empty_attribute_value_constant","import_images_file_dir","_import_ids","_import_history_id"]} []
[2026-07-17T20:25:14.222516+00:00] main.WARNING: category_faq not in request data {"data_keys":["form_key","entity","behavior","validation_strategy","allowed_error_count","_import_field_separator","_import_multiple_value_separator","_import_empty_attribute_value_constant","import_images_file_dir","_import_ids","_import_history_id"]} []
[2026-07-17T20:25:14.331978+00:00] main.INFO: Category Save After - Saving FAQ attributes {"category_id":"277","has_enable_faq":false,"has_category_faq":false} []
[2026-07-17T20:25:14.332561+00:00] main.INFO: Attempting direct DB save {"category_id":"277","store_id":0,"entity_type_id":"3"} []
[2026-07-17T20:25:14.334341+00:00] main.INFO: Attribute IDs found {"enable_faq_attr_id":"139","category_faq_attr_id":"140"} []
[2026-07-17T20:25:14.376185+00:00] main.INFO: Category Save Before Observer - Request Data {"category_id":null,"has_enable_faq":false,"has_category_faq":false,"all_keys":["form_key","entity","behavior","validation_strategy","allowed_error_count","_import_field_separator","_import_multiple_value_separator","_import_empty_attribute_value_constant","import_images_file_dir","_import_ids","_import_history_id"]} []
[2026-07-17T20:25:14.376764+00:00] main.WARNING: category_faq not in request data {"data_keys":["form_key","entity","behavior","validation_strategy","allowed_error_count","_import_field_separator","_import_multiple_value_separator","_import_empty_attribute_value_constant","import_images_file_dir","_import_ids","_import_history_id"]} []
[2026-07-17T20:25:14.494435+00:00] main.INFO: Category Save After - Saving FAQ attributes {"category_id":"278","has_enable_faq":false,"has_category_faq":false} []
[2026-07-17T20:25:14.494796+00:00] main.INFO: Attempting direct DB save {"category_id":"278","store_id":0,"entity_type_id":"3"} []
[2026-07-17T20:25:14.496523+00:00] main.INFO: Attribute IDs found {"enable_faq_attr_id":"139","category_faq_attr_id":"140"} []
[2026-07-17T20:26:00.703180+00:00] main.WARNING: Memory size allocated for the temporary table is more than 20% of innodb_buffer_pool_size. Please update innodb_buffer_pool_size or decrease batch size value (which decreases memory usages for the temporary table). Current batch size: 100000; Allocated memory size: 350000000 bytes; InnoDB buffer pool size: 134217728 bytes. [] []
[2026-07-17T20:26:01.044595+00:00] main.WARNING: Memory size allocated for the temporary table is more than 20% of innodb_buffer_pool_size. Please update innodb_buffer_pool_size or decrease batch size value (which decreases memory usages for the temporary table). Current batch size: 100000; Allocated memory size: 350000000 bytes; InnoDB buffer pool size: 134217728 bytes. [] []
[2026-07-17T20:26:01.843440+00:00] main.WARNING: Memory size allocated for the temporary table is more than 20% of innodb_buffer_pool_size. Please update innodb_buffer_pool_size or decrease batch size value (which decreases memory usages for the temporary table). Current batch size: 100000; Allocated memory size: 350000000 bytes; InnoDB buffer pool size: 134217728 bytes. [] []
[2026-07-17T20:26:02.677815+00:00] main.WARNING: Memory size allocated for the temporary table is more than 20% of innodb_buffer_pool_size. Please update innodb_buffer_pool_size or decrease batch size value (which decreases memory usages for the temporary table). Current batch size: 100000; Allocated memory size: 350000000 bytes; InnoDB buffer pool size: 134217728 bytes. [] []
[2026-07-17T20:26:02.744249+00:00] main.WARNING: Memory size allocated for the temporary table is more than 20% of innodb_buffer_pool_size. Please update innodb_buffer_pool_size or decrease batch size value (which decreases memory usages for the temporary table). Current batch size: 100000; Allocated memory size: 350000000 bytes; InnoDB buffer pool size: 134217728 bytes. [] []
[2026-07-17T20:26:02.774660+00:00] main.WARNING: Memory size allocated for the temporary table is more than 20% of innodb_buffer_pool_size. Please update innodb_buffer_pool_size or decrease batch size value (which decreases memory usages for the temporary table). Current batch size: 100000; Allocated memory size: 350000000 bytes; InnoDB buffer pool size: 134217728 bytes. [] []
[2026-07-17T20:26:02.809495+00:00] main.WARNING: Memory size allocated for the temporary table is more than 20% of innodb_buffer_pool_size. Please update innodb_buffer_pool_size or decrease batch size value (which decreases memory usages for the temporary table). Current batch size: 100000; Allocated memory size: 350000000 bytes; InnoDB buffer pool size: 134217728 bytes. [] []
[2026-07-17T20:26:02.880083+00:00] main.WARNING: Memory size allocated for the temporary table is more than 20% of innodb_buffer_pool_size. Please update innodb_buffer_pool_size or decrease batch size value (which decreases memory usages for the temporary table). Current batch size: 100000; Allocated memory size: 350000000 bytes; InnoDB buffer pool size: 134217728 bytes. [] []
[2026-07-17T20:26:02.911165+00:00] main.WARNING: Memory size allocated for the temporary table is more than 20% of innodb_buffer_pool_size. Please update innodb_buffer_pool_size or decrease batch size value (which decreases memory usages for the temporary table). Current batch size: 100000; Allocated memory size: 350000000 bytes; InnoDB buffer pool size: 134217728 bytes. [] []
[2026-07-17T20:26:02.947963+00:00] main.WARNING: Memory size allocated for the temporary table is more than 20% of innodb_buffer_pool_size. Please update innodb_buffer_pool_size or decrease batch size value (which decreases memory usages for the temporary table). Current batch size: 100000; Allocated memory size: 350000000 bytes; InnoDB buffer pool size: 134217728 bytes. [] []
[2026-07-17T20:26:03.012873+00:00] main.WARNING: Memory size allocated for the temporary table is more than 20% of innodb_buffer_pool_size. Please update innodb_buffer_pool_size or decrease batch size value (which decreases memory usages for the temporary table). Current batch size: 100000; Allocated memory size: 350000000 bytes; InnoDB buffer pool size: 134217728 bytes. [] []
[2026-07-17T20:26:03.045318+00:00] main.WARNING: Memory size allocated for the temporary table is more than 20% of innodb_buffer_pool_size. Please update innodb_buffer_pool_size or decrease batch size value (which decreases memory usages for the temporary table). Current batch size: 100000; Allocated memory size: 350000000 bytes; InnoDB buffer pool size: 134217728 bytes. [] []
[2026-07-17T20:26:03.078528+00:00] main.WARNING: Memory size allocated for the temporary table is more than 20% of innodb_buffer_pool_size. Please update innodb_buffer_pool_size or decrease batch size value (which decreases memory usages for the temporary table). Current batch size: 100000; Allocated memory size: 350000000 bytes; InnoDB buffer pool size: 134217728 bytes. [] []
[2026-07-17T20:26:03.140585+00:00] main.WARNING: Memory size allocated for the temporary table is more than 20% of innodb_buffer_pool_size. Please update innodb_buffer_pool_size or decrease batch size value (which decreases memory usages for the temporary table). Current batch size: 100000; Allocated memory size: 350000000 bytes; InnoDB buffer pool size: 134217728 bytes. [] []
[2026-07-17T20:26:03.173316+00:00] main.WARNING: Memory size allocated for the temporary table is more than 20% of innodb_buffer_pool_size. Please update innodb_buffer_pool_size or decrease batch size value (which decreases memory usages for the temporary table). Current batch size: 100000; Allocated memory size: 350000000 bytes; InnoDB buffer pool size: 134217728 bytes. [] []
[2026-07-17T20:26:07.571404+00:00] main.WARNING: Memory size allocated for the temporary table is more than 20% of innodb_buffer_pool_size. Please update innodb_buffer_pool_size or decrease batch size value (which decreases memory usages for the temporary table). Current batch size: 1000; Allocated memory size: 30000000 bytes; InnoDB buffer pool size: 134217728 bytes. [] []
[2026-07-17T20:36:06.855111+00:00] main.INFO: FAQ Display Check {"category_id":"16","store_id":"1","global_enabled":true,"category_enabled":false,"has_faq_content":false,"faq_content_length":0,"should_display":false} []
[2026-07-17T20:36:35.665981+00:00] main.WARNING: Memory size allocated for the temporary table is more than 20% of innodb_buffer_pool_size. Please update innodb_buffer_pool_size or decrease batch size value (which decreases memory usages for the temporary table). Current batch size: 100000; Allocated memory size: 350000000 bytes; InnoDB buffer pool size: 134217728 bytes. [] []
[2026-07-17T20:36:36.013589+00:00] main.WARNING: Memory size allocated for the temporary table is more than 20% of innodb_buffer_pool_size. Please update innodb_buffer_pool_size or decrease batch size value (which decreases memory usages for the temporary table). Current batch size: 100000; Allocated memory size: 350000000 bytes; InnoDB buffer pool size: 134217728 bytes. [] []
[2026-07-17T20:36:36.491369+00:00] main.WARNING: Memory size allocated for the temporary table is more than 20% of innodb_buffer_pool_size. Please update innodb_buffer_pool_size or decrease batch size value (which decreases memory usages for the temporary table). Current batch size: 100000; Allocated memory size: 350000000 bytes; InnoDB buffer pool size: 134217728 bytes. [] []
[2026-07-17T20:36:37.063302+00:00] main.WARNING: Memory size allocated for the temporary table is more than 20% of innodb_buffer_pool_size. Please update innodb_buffer_pool_size or decrease batch size value (which decreases memory usages for the temporary table). Current batch size: 100000; Allocated memory size: 350000000 bytes; InnoDB buffer pool size: 134217728 bytes. [] []
[2026-07-17T20:36:37.112846+00:00] main.WARNING: Memory size allocated for the temporary table is more than 20% of innodb_buffer_pool_size. Please update innodb_buffer_pool_size or decrease batch size value (which decreases memory usages for the temporary table). Current batch size: 100000; Allocated memory size: 350000000 bytes; InnoDB buffer pool size: 134217728 bytes. [] []
[2026-07-17T20:36:37.132864+00:00] main.WARNING: Memory size allocated for the temporary table is more than 20% of innodb_buffer_pool_size. Please update innodb_buffer_pool_size or decrease batch size value (which decreases memory usages for the temporary table). Current batch size: 100000; Allocated memory size: 350000000 bytes; InnoDB buffer pool size: 134217728 bytes. [] []
[2026-07-17T20:36:37.154847+00:00] main.WARNING: Memory size allocated for the temporary table is more than 20% of innodb_buffer_pool_size. Please update innodb_buffer_pool_size or decrease batch size value (which decreases memory usages for the temporary table). Current batch size: 100000; Allocated memory size: 350000000 bytes; InnoDB buffer pool size: 134217728 bytes. [] []
[2026-07-17T20:36:37.210303+00:00] main.WARNING: Memory size allocated for the temporary table is more than 20% of innodb_buffer_pool_size. Please update innodb_buffer_pool_size or decrease batch size value (which decreases memory usages for the temporary table). Current batch size: 100000; Allocated memory size: 350000000 bytes; InnoDB buffer pool size: 134217728 bytes. [] []
[2026-07-17T20:36:37.229930+00:00] main.WARNING: Memory size allocated for the temporary table is more than 20% of innodb_buffer_pool_size. Please update innodb_buffer_pool_size or decrease batch size value (which decreases memory usages for the temporary table). Current batch size: 100000; Allocated memory size: 350000000 bytes; InnoDB buffer pool size: 134217728 bytes. [] []
[2026-07-17T20:36:37.250962+00:00] main.WARNING: Memory size allocated for the temporary table is more than 20% of innodb_buffer_pool_size. Please update innodb_buffer_pool_size or decrease batch size value (which decreases memory usages for the temporary table). Current batch size: 100000; Allocated memory size: 350000000 bytes; InnoDB buffer pool size: 134217728 bytes. [] []
[2026-07-17T20:36:37.286692+00:00] main.WARNING: Memory size allocated for the temporary table is more than 20% of innodb_buffer_pool_size. Please update innodb_buffer_pool_size or decrease batch size value (which decreases memory usages for the temporary table). Current batch size: 100000; Allocated memory size: 350000000 bytes; InnoDB buffer pool size: 134217728 bytes. [] []
[2026-07-17T20:36:37.300199+00:00] main.WARNING: Memory size allocated for the temporary table is more than 20% of innodb_buffer_pool_size. Please update innodb_buffer_pool_size or decrease batch size value (which decreases memory usages for the temporary table). Current batch size: 100000; Allocated memory size: 350000000 bytes; InnoDB buffer pool size: 134217728 bytes. [] []
[2026-07-17T20:36:37.314864+00:00] main.WARNING: Memory size allocated for the temporary table is more than 20% of innodb_buffer_pool_size. Please update innodb_buffer_pool_size or decrease batch size value (which decreases memory usages for the temporary table). Current batch size: 100000; Allocated memory size: 350000000 bytes; InnoDB buffer pool size: 134217728 bytes. [] []
[2026-07-17T20:36:37.349029+00:00] main.WARNING: Memory size allocated for the temporary table is more than 20% of innodb_buffer_pool_size. Please update innodb_buffer_pool_size or decrease batch size value (which decreases memory usages for the temporary table). Current batch size: 100000; Allocated memory size: 350000000 bytes; InnoDB buffer pool size: 134217728 bytes. [] []
[2026-07-17T20:36:37.366064+00:00] main.WARNING: Memory size allocated for the temporary table is more than 20% of innodb_buffer_pool_size. Please update innodb_buffer_pool_size or decrease batch size value (which decreases memory usages for the temporary table). Current batch size: 100000; Allocated memory size: 350000000 bytes; InnoDB buffer pool size: 134217728 bytes. [] []
[2026-07-17T20:36:41.288006+00:00] main.WARNING: Memory size allocated for the temporary table is more than 20% of innodb_buffer_pool_size. Please update innodb_buffer_pool_size or decrease batch size value (which decreases memory usages for the temporary table). Current batch size: 1000; Allocated memory size: 30000000 bytes; InnoDB buffer pool size: 134217728 bytes. [] []
[2026-07-17T20:38:24.502966+00:00] main.INFO: FAQ Display Check {"category_id":"16","store_id":"1","global_enabled":true,"category_enabled":false,"has_faq_content":false,"faq_content_length":0,"should_display":false} []
[2026-07-17T20:45:05.077358+00:00] main.WARNING: Memory size allocated for the temporary table is more than 20% of innodb_buffer_pool_size. Please update innodb_buffer_pool_size or decrease batch size value (which decreases memory usages for the temporary table). Current batch size: 100000; Allocated memory size: 350000000 bytes; InnoDB buffer pool size: 134217728 bytes. [] []
[2026-07-17T20:45:05.413188+00:00] main.WARNING: Memory size allocated for the temporary table is more than 20% of innodb_buffer_pool_size. Please update innodb_buffer_pool_size or decrease batch size value (which decreases memory usages for the temporary table). Current batch size: 100000; Allocated memory size: 350000000 bytes; InnoDB buffer pool size: 134217728 bytes. [] []
[2026-07-17T20:45:05.882921+00:00] main.WARNING: Memory size allocated for the temporary table is more than 20% of innodb_buffer_pool_size. Please update innodb_buffer_pool_size or decrease batch size value (which decreases memory usages for the temporary table). Current batch size: 100000; Allocated memory size: 350000000 bytes; InnoDB buffer pool size: 134217728 bytes. [] []
[2026-07-17T20:45:06.659064+00:00] main.WARNING: Memory size allocated for the temporary table is more than 20% of innodb_buffer_pool_size. Please update innodb_buffer_pool_size or decrease batch size value (which decreases memory usages for the temporary table). Current batch size: 100000; Allocated memory size: 350000000 bytes; InnoDB buffer pool size: 134217728 bytes. [] []
[2026-07-17T20:45:06.789471+00:00] main.WARNING: Memory size allocated for the temporary table is more than 20% of innodb_buffer_pool_size. Please update innodb_buffer_pool_size or decrease batch size value (which decreases memory usages for the temporary table). Current batch size: 100000; Allocated memory size: 350000000 bytes; InnoDB buffer pool size: 134217728 bytes. [] []
[2026-07-17T20:45:06.838700+00:00] main.WARNING: Memory size allocated for the temporary table is more than 20% of innodb_buffer_pool_size. Please update innodb_buffer_pool_size or decrease batch size value (which decreases memory usages for the temporary table). Current batch size: 100000; Allocated memory size: 350000000 bytes; InnoDB buffer pool size: 134217728 bytes. [] []
[2026-07-17T20:45:06.866114+00:00] main.WARNING: Memory size allocated for the temporary table is more than 20% of innodb_buffer_pool_size. Please update innodb_buffer_pool_size or decrease batch size value (which decreases memory usages for the temporary table). Current batch size: 100000; Allocated memory size: 350000000 bytes; InnoDB buffer pool size: 134217728 bytes. [] []
[2026-07-17T20:45:06.919801+00:00] main.WARNING: Memory size allocated for the temporary table is more than 20% of innodb_buffer_pool_size. Please update innodb_buffer_pool_size or decrease batch size value (which decreases memory usages for the temporary table). Current batch size: 100000; Allocated memory size: 350000000 bytes; InnoDB buffer pool size: 134217728 bytes. [] []
[2026-07-17T20:45:06.945089+00:00] main.WARNING: Memory size allocated for the temporary table is more than 20% of innodb_buffer_pool_size. Please update innodb_buffer_pool_size or decrease batch size value (which decreases memory usages for the temporary table). Current batch size: 100000; Allocated memory size: 350000000 bytes; InnoDB buffer pool size: 134217728 bytes. [] []
[2026-07-17T20:45:06.965850+00:00] main.WARNING: Memory size allocated for the temporary table is more than 20% of innodb_buffer_pool_size. Please update innodb_buffer_pool_size or decrease batch size value (which decreases memory usages for the temporary table). Current batch size: 100000; Allocated memory size: 350000000 bytes; InnoDB buffer pool size: 134217728 bytes. [] []
[2026-07-17T20:45:06.993122+00:00] main.WARNING: Memory size allocated for the temporary table is more than 20% of innodb_buffer_pool_size. Please update innodb_buffer_pool_size or decrease batch size value (which decreases memory usages for the temporary table). Current batch size: 100000; Allocated memory size: 350000000 bytes; InnoDB buffer pool size: 134217728 bytes. [] []
[2026-07-17T20:45:07.006933+00:00] main.WARNING: Memory size allocated for the temporary table is more than 20% of innodb_buffer_pool_size. Please update innodb_buffer_pool_size or decrease batch size value (which decreases memory usages for the temporary table). Current batch size: 100000; Allocated memory size: 350000000 bytes; InnoDB buffer pool size: 134217728 bytes. [] []
[2026-07-17T20:45:07.021212+00:00] main.WARNING: Memory size allocated for the temporary table is more than 20% of innodb_buffer_pool_size. Please update innodb_buffer_pool_size or decrease batch size value (which decreases memory usages for the temporary table). Current batch size: 100000; Allocated memory size: 350000000 bytes; InnoDB buffer pool size: 134217728 bytes. [] []
[2026-07-17T20:45:07.053811+00:00] main.WARNING: Memory size allocated for the temporary table is more than 20% of innodb_buffer_pool_size. Please update innodb_buffer_pool_size or decrease batch size value (which decreases memory usages for the temporary table). Current batch size: 100000; Allocated memory size: 350000000 bytes; InnoDB buffer pool size: 134217728 bytes. [] []
[2026-07-17T20:45:07.069664+00:00] main.WARNING: Memory size allocated for the temporary table is more than 20% of innodb_buffer_pool_size. Please update innodb_buffer_pool_size or decrease batch size value (which decreases memory usages for the temporary table). Current batch size: 100000; Allocated memory size: 350000000 bytes; InnoDB buffer pool size: 134217728 bytes. [] []
[2026-07-17T20:45:10.995920+00:00] main.WARNING: Memory size allocated for the temporary table is more than 20% of innodb_buffer_pool_size. Please update innodb_buffer_pool_size or decrease batch size value (which decreases memory usages for the temporary table). Current batch size: 1000; Allocated memory size: 30000000 bytes; InnoDB buffer pool size: 134217728 bytes. [] []
[2026-07-18T18:20:16.345496+00:00] main.WARNING: Memory size allocated for the temporary table is more than 20% of innodb_buffer_pool_size. Please update innodb_buffer_pool_size or decrease batch size value (which decreases memory usages for the temporary table). Current batch size: 100000; Allocated memory size: 50000000 bytes; InnoDB buffer pool size: 134217728 bytes. [] []
[2026-07-18T18:20:16.863414+00:00] main.WARNING: Memory size allocated for the temporary table is more than 20% of innodb_buffer_pool_size. Please update innodb_buffer_pool_size or decrease batch size value (which decreases memory usages for the temporary table). Current batch size: 100000; Allocated memory size: 50000000 bytes; InnoDB buffer pool size: 134217728 bytes. [] []
[2026-07-18T18:20:17.048781+00:00] main.WARNING: Memory size allocated for the temporary table is more than 20% of innodb_buffer_pool_size. Please update innodb_buffer_pool_size or decrease batch size value (which decreases memory usages for the temporary table). Current batch size: 100000; Allocated memory size: 50000000 bytes; InnoDB buffer pool size: 134217728 bytes. [] []
[2026-07-18T18:20:17.122286+00:00] main.WARNING: Memory size allocated for the temporary table is more than 20% of innodb_buffer_pool_size. Please update innodb_buffer_pool_size or decrease batch size value (which decreases memory usages for the temporary table). Current batch size: 100000; Allocated memory size: 50000000 bytes; InnoDB buffer pool size: 134217728 bytes. [] []
[2026-07-18T18:20:17.276413+00:00] main.WARNING: Memory size allocated for the temporary table is more than 20% of innodb_buffer_pool_size. Please update innodb_buffer_pool_size or decrease batch size value (which decreases memory usages for the temporary table). Current batch size: 100000; Allocated memory size: 50000000 bytes; InnoDB buffer pool size: 134217728 bytes. [] []
[2026-07-18T18:20:17.359822+00:00] main.WARNING: Memory size allocated for the temporary table is more than 20% of innodb_buffer_pool_size. Please update innodb_buffer_pool_size or decrease batch size value (which decreases memory usages for the temporary table). Current batch size: 100000; Allocated memory size: 50000000 bytes; InnoDB buffer pool size: 134217728 bytes. [] []
[2026-07-18T18:20:17.458034+00:00] main.WARNING: Memory size allocated for the temporary table is more than 20% of innodb_buffer_pool_size. Please update innodb_buffer_pool_size or decrease batch size value (which decreases memory usages for the temporary table). Current batch size: 100000; Allocated memory size: 50000000 bytes; InnoDB buffer pool size: 134217728 bytes. [] []
[2026-07-18T18:20:17.654495+00:00] main.WARNING: Memory size allocated for the temporary table is more than 20% of innodb_buffer_pool_size. Please update innodb_buffer_pool_size or decrease batch size value (which decreases memory usages for the temporary table). Current batch size: 100000; Allocated memory size: 50000000 bytes; InnoDB buffer pool size: 134217728 bytes. [] []
[2026-07-18T18:20:17.740317+00:00] main.WARNING: Memory size allocated for the temporary table is more than 20% of innodb_buffer_pool_size. Please update innodb_buffer_pool_size or decrease batch size value (which decreases memory usages for the temporary table). Current batch size: 100000; Allocated memory size: 50000000 bytes; InnoDB buffer pool size: 134217728 bytes. [] []
[2026-07-18T18:20:17.807657+00:00] main.WARNING: Memory size allocated for the temporary table is more than 20% of innodb_buffer_pool_size. Please update innodb_buffer_pool_size or decrease batch size value (which decreases memory usages for the temporary table). Current batch size: 100000; Allocated memory size: 50000000 bytes; InnoDB buffer pool size: 134217728 bytes. [] []
[2026-07-18T18:20:17.917466+00:00] main.WARNING: Memory size allocated for the temporary table is more than 20% of innodb_buffer_pool_size. Please update innodb_buffer_pool_size or decrease batch size value (which decreases memory usages for the temporary table). Current batch size: 100000; Allocated memory size: 50000000 bytes; InnoDB buffer pool size: 134217728 bytes. [] []
[2026-07-18T18:20:17.987233+00:00] main.WARNING: Memory size allocated for the temporary table is more than 20% of innodb_buffer_pool_size. Please update innodb_buffer_pool_size or decrease batch size value (which decreases memory usages for the temporary table). Current batch size: 100000; Allocated memory size: 50000000 bytes; InnoDB buffer pool size: 134217728 bytes. [] []
[2026-07-18T18:20:18.054712+00:00] main.WARNING: Memory size allocated for the temporary table is more than 20% of innodb_buffer_pool_size. Please update innodb_buffer_pool_size or decrease batch size value (which decreases memory usages for the temporary table). Current batch size: 100000; Allocated memory size: 50000000 bytes; InnoDB buffer pool size: 134217728 bytes. [] []
[2026-07-18T18:20:18.167317+00:00] main.WARNING: Memory size allocated for the temporary table is more than 20% of innodb_buffer_pool_size. Please update innodb_buffer_pool_size or decrease batch size value (which decreases memory usages for the temporary table). Current batch size: 100000; Allocated memory size: 50000000 bytes; InnoDB buffer pool size: 134217728 bytes. [] []
[2026-07-18T18:20:18.227133+00:00] main.WARNING: Memory size allocated for the temporary table is more than 20% of innodb_buffer_pool_size. Please update innodb_buffer_pool_size or decrease batch size value (which decreases memory usages for the temporary table). Current batch size: 100000; Allocated memory size: 50000000 bytes; InnoDB buffer pool size: 134217728 bytes. [] []
[2026-07-18T18:20:23.222744+00:00] main.WARNING: Memory size allocated for the temporary table is more than 20% of innodb_buffer_pool_size. Please update innodb_buffer_pool_size or decrease batch size value (which decreases memory usages for the temporary table). Current batch size: 1000; Allocated memory size: 30000000 bytes; InnoDB buffer pool size: 134217728 bytes. [] []
[2026-07-18T18:20:30.158247+00:00] main.CRITICAL: Could not ping search engine: No alive nodes found in your cluster [] []
[2026-07-18T18:46:34.279751+00:00] main.WARNING: Memory size allocated for the temporary table is more than 20% of innodb_buffer_pool_size. Please update innodb_buffer_pool_size or decrease batch size value (which decreases memory usages for the temporary table). Current batch size: 100000; Allocated memory size: 50000000 bytes; InnoDB buffer pool size: 134217728 bytes. [] []
[2026-07-18T18:46:34.495826+00:00] main.WARNING: Memory size allocated for the temporary table is more than 20% of innodb_buffer_pool_size. Please update innodb_buffer_pool_size or decrease batch size value (which decreases memory usages for the temporary table). Current batch size: 100000; Allocated memory size: 50000000 bytes; InnoDB buffer pool size: 134217728 bytes. [] []
[2026-07-18T18:46:34.531410+00:00] main.WARNING: Memory size allocated for the temporary table is more than 20% of innodb_buffer_pool_size. Please update innodb_buffer_pool_size or decrease batch size value (which decreases memory usages for the temporary table). Current batch size: 100000; Allocated memory size: 50000000 bytes; InnoDB buffer pool size: 134217728 bytes. [] []
[2026-07-18T18:46:34.549154+00:00] main.WARNING: Memory size allocated for the temporary table is more than 20% of innodb_buffer_pool_size. Please update innodb_buffer_pool_size or decrease batch size value (which decreases memory usages for the temporary table). Current batch size: 100000; Allocated memory size: 50000000 bytes; InnoDB buffer pool size: 134217728 bytes. [] []
[2026-07-18T18:46:34.578177+00:00] main.WARNING: Memory size allocated for the temporary table is more than 20% of innodb_buffer_pool_size. Please update innodb_buffer_pool_size or decrease batch size value (which decreases memory usages for the temporary table). Current batch size: 100000; Allocated memory size: 50000000 bytes; InnoDB buffer pool size: 134217728 bytes. [] []
[2026-07-18T18:46:34.592877+00:00] main.WARNING: Memory size allocated for the temporary table is more than 20% of innodb_buffer_pool_size. Please update innodb_buffer_pool_size or decrease batch size value (which decreases memory usages for the temporary table). Current batch size: 100000; Allocated memory size: 50000000 bytes; InnoDB buffer pool size: 134217728 bytes. [] []
[2026-07-18T18:46:34.610353+00:00] main.WARNING: Memory size allocated for the temporary table is more than 20% of innodb_buffer_pool_size. Please update innodb_buffer_pool_size or decrease batch size value (which decreases memory usages for the temporary table). Current batch size: 100000; Allocated memory size: 50000000 bytes; InnoDB buffer pool size: 134217728 bytes. [] []
[2026-07-18T18:46:34.634658+00:00] main.WARNING: Memory size allocated for the temporary table is more than 20% of innodb_buffer_pool_size. Please update innodb_buffer_pool_size or decrease batch size value (which decreases memory usages for the temporary table). Current batch size: 100000; Allocated memory size: 50000000 bytes; InnoDB buffer pool size: 134217728 bytes. [] []
[2026-07-18T18:46:34.644174+00:00] main.WARNING: Memory size allocated for the temporary table is more than 20% of innodb_buffer_pool_size. Please update innodb_buffer_pool_size or decrease batch size value (which decreases memory usages for the temporary table). Current batch size: 100000; Allocated memory size: 50000000 bytes; InnoDB buffer pool size: 134217728 bytes. [] []
[2026-07-18T18:46:34.657600+00:00] main.WARNING: Memory size allocated for the temporary table is more than 20% of innodb_buffer_pool_size. Please update innodb_buffer_pool_size or decrease batch size value (which decreases memory usages for the temporary table). Current batch size: 100000; Allocated memory size: 50000000 bytes; InnoDB buffer pool size: 134217728 bytes. [] []
[2026-07-18T18:46:34.676364+00:00] main.WARNING: Memory size allocated for the temporary table is more than 20% of innodb_buffer_pool_size. Please update innodb_buffer_pool_size or decrease batch size value (which decreases memory usages for the temporary table). Current batch size: 100000; Allocated memory size: 50000000 bytes; InnoDB buffer pool size: 134217728 bytes. [] []
[2026-07-18T18:46:34.686930+00:00] main.WARNING: Memory size allocated for the temporary table is more than 20% of innodb_buffer_pool_size. Please update innodb_buffer_pool_size or decrease batch size value (which decreases memory usages for the temporary table). Current batch size: 100000; Allocated memory size: 50000000 bytes; InnoDB buffer pool size: 134217728 bytes. [] []
[2026-07-18T18:46:34.697894+00:00] main.WARNING: Memory size allocated for the temporary table is more than 20% of innodb_buffer_pool_size. Please update innodb_buffer_pool_size or decrease batch size value (which decreases memory usages for the temporary table). Current batch size: 100000; Allocated memory size: 50000000 bytes; InnoDB buffer pool size: 134217728 bytes. [] []
[2026-07-18T18:46:34.716238+00:00] main.WARNING: Memory size allocated for the temporary table is more than 20% of innodb_buffer_pool_size. Please update innodb_buffer_pool_size or decrease batch size value (which decreases memory usages for the temporary table). Current batch size: 100000; Allocated memory size: 50000000 bytes; InnoDB buffer pool size: 134217728 bytes. [] []
[2026-07-18T18:46:34.725693+00:00] main.WARNING: Memory size allocated for the temporary table is more than 20% of innodb_buffer_pool_size. Please update innodb_buffer_pool_size or decrease batch size value (which decreases memory usages for the temporary table). Current batch size: 100000; Allocated memory size: 50000000 bytes; InnoDB buffer pool size: 134217728 bytes. [] []
[2026-07-18T18:46:38.547068+00:00] main.WARNING: Memory size allocated for the temporary table is more than 20% of innodb_buffer_pool_size. Please update innodb_buffer_pool_size or decrease batch size value (which decreases memory usages for the temporary table). Current batch size: 1000; Allocated memory size: 30000000 bytes; InnoDB buffer pool size: 134217728 bytes. [] []
[2026-07-18T18:46:42.200790+00:00] main.CRITICAL: Could not ping search engine: No alive nodes found in your cluster [] []
[2026-07-18T19:08:19.281011+00:00] main.ERROR: Class "MagentoCatalogApiCategoryRepositoryInterface" does not exist
#0 /var/www/html/magento2-store/vendor/magento/framework/Code/Reader/ClassReader.php(34): ReflectionClass->__construct()
#1 /var/www/html/magento2-store/vendor/magento/framework/ObjectManager/Definition/Runtime.php(50): Magento\Framework\Code\Reader\ClassReader->getConstructor()
#2 /var/www/html/magento2-store/vendor/magento/module-developer/Model/Di/Information.php(72): Magento\Framework\ObjectManager\Definition\Runtime->getParameters()
#3 /var/www/html/magento2-store/vendor/magento/module-developer/Model/Di/Information.php(88): Magento\Developer\Model\Di\Information->getConstructorParameters()
#4 /var/www/html/magento2-store/vendor/magento/module-developer/Console/Command/DiInfoCommand.php(116): Magento\Developer\Model\Di\Information->getParameters()
#5 /var/www/html/magento2-store/vendor/magento/module-developer/Console/Command/DiInfoCommand.php(200): Magento\Developer\Console\Command\DiInfoCommand->printConstructorArguments()
#6 /var/www/html/magento2-store/vendor/symfony/console/Command/Command.php(326): Magento\Developer\Console\Command\DiInfoCommand->execute()
#7 /var/www/html/magento2-store/vendor/magento/framework/Interception/Interceptor.php(58): Symfony\Component\Console\Command\Command->run()
#8 /var/www/html/magento2-store/vendor/magento/framework/Interception/Interceptor.php(138): Magento\Developer\Console\Command\DiInfoCommand\Interceptor->___callParent()
#9 /var/www/html/magento2-store/vendor/magento/framework/Interception/Interceptor.php(153): Magento\Developer\Console\Command\DiInfoCommand\Interceptor->Magento\Framework\Interception\{closure}()
#10 /var/www/html/magento2-store/generated/code/Magento/Developer/Console/Command/DiInfoCommand/Interceptor.php(23): Magento\Developer\Console\Command\DiInfoCommand\Interceptor->___callPlugins()
#11 /var/www/html/magento2-store/vendor/symfony/console/Application.php(1098): Magento\Developer\Console\Command\DiInfoCommand\Interceptor->run()
#12 /var/www/html/magento2-store/vendor/symfony/console/Application.php(324): Symfony\Component\Console\Application->doRunCommand()
#13 /var/www/html/magento2-store/vendor/magento/framework/Console/Cli.php(122): Symfony\Component\Console\Application->doRun()
#14 /var/www/html/magento2-store/vendor/symfony/console/Application.php(175): Magento\Framework\Console\Cli->doRun()
#15 /var/www/html/magento2-store/bin/magento(23): Symfony\Component\Console\Application->run()
#16 {main} [] []
[2026-07-18T19:30:39.600606+00:00] main.NOTICE: magento_import returns empty result by path css/source/_email.less for theme Hyva/default [] []
[2026-07-18T19:30:39.790762+00:00] main.NOTICE: magento_import returns empty result by path css/source/_email.less for theme Hyva/default [] []
[2026-07-18T19:30:49.432737+00:00] main.NOTICE: magento_import returns empty result by path css/source/_email.less for theme Utility/HyvaChild [] []
[2026-07-18T19:30:49.643449+00:00] main.NOTICE: magento_import returns empty result by path css/source/_email.less for theme Utility/HyvaChild [] []
[2026-07-18T19:43:43.300801+00:00] main.WARNING: Memory size allocated for the temporary table is more than 20% of innodb_buffer_pool_size. Please update innodb_buffer_pool_size or decrease batch size value (which decreases memory usages for the temporary table). Current batch size: 100000; Allocated memory size: 50000000 bytes; InnoDB buffer pool size: 134217728 bytes. [] []
[2026-07-18T19:43:43.571820+00:00] main.WARNING: Memory size allocated for the temporary table is more than 20% of innodb_buffer_pool_size. Please update innodb_buffer_pool_size or decrease batch size value (which decreases memory usages for the temporary table). Current batch size: 100000; Allocated memory size: 50000000 bytes; InnoDB buffer pool size: 134217728 bytes. [] []
[2026-07-18T19:43:43.633390+00:00] main.WARNING: Memory size allocated for the temporary table is more than 20% of innodb_buffer_pool_size. Please update innodb_buffer_pool_size or decrease batch size value (which decreases memory usages for the temporary table). Current batch size: 100000; Allocated memory size: 50000000 bytes; InnoDB buffer pool size: 134217728 bytes. [] []
[2026-07-18T19:43:43.658703+00:00] main.WARNING: Memory size allocated for the temporary table is more than 20% of innodb_buffer_pool_size. Please update innodb_buffer_pool_size or decrease batch size value (which decreases memory usages for the temporary table). Current batch size: 100000; Allocated memory size: 50000000 bytes; InnoDB buffer pool size: 134217728 bytes. [] []
[2026-07-18T19:43:43.689344+00:00] main.WARNING: Memory size allocated for the temporary table is more than 20% of innodb_buffer_pool_size. Please update innodb_buffer_pool_size or decrease batch size value (which decreases memory usages for the temporary table). Current batch size: 100000; Allocated memory size: 50000000 bytes; InnoDB buffer pool size: 134217728 bytes. [] []
[2026-07-18T19:43:43.708328+00:00] main.WARNING: Memory size allocated for the temporary table is more than 20% of innodb_buffer_pool_size. Please update innodb_buffer_pool_size or decrease batch size value (which decreases memory usages for the temporary table). Current batch size: 100000; Allocated memory size: 50000000 bytes; InnoDB buffer pool size: 134217728 bytes. [] []
[2026-07-18T19:43:43.736081+00:00] main.WARNING: Memory size allocated for the temporary table is more than 20% of innodb_buffer_pool_size. Please update innodb_buffer_pool_size or decrease batch size value (which decreases memory usages for the temporary table). Current batch size: 100000; Allocated memory size: 50000000 bytes; InnoDB buffer pool size: 134217728 bytes. [] []
[2026-07-18T19:43:43.784080+00:00] main.WARNING: Memory size allocated for the temporary table is more than 20% of innodb_buffer_pool_size. Please update innodb_buffer_pool_size or decrease batch size value (which decreases memory usages for the temporary table). Current batch size: 100000; Allocated memory size: 50000000 bytes; InnoDB buffer pool size: 134217728 bytes. [] []
[2026-07-18T19:43:43.802305+00:00] main.WARNING: Memory size allocated for the temporary table is more than 20% of innodb_buffer_pool_size. Please update innodb_buffer_pool_size or decrease batch size value (which decreases memory usages for the temporary table). Current batch size: 100000; Allocated memory size: 50000000 bytes; InnoDB buffer pool size: 134217728 bytes. [] []
[2026-07-18T19:43:43.819986+00:00] main.WARNING: Memory size allocated for the temporary table is more than 20% of innodb_buffer_pool_size. Please update innodb_buffer_pool_size or decrease batch size value (which decreases memory usages for the temporary table). Current batch size: 100000; Allocated memory size: 50000000 bytes; InnoDB buffer pool size: 134217728 bytes. [] []
[2026-07-18T19:43:43.856814+00:00] main.WARNING: Memory size allocated for the temporary table is more than 20% of innodb_buffer_pool_size. Please update innodb_buffer_pool_size or decrease batch size value (which decreases memory usages for the temporary table). Current batch size: 100000; Allocated memory size: 50000000 bytes; InnoDB buffer pool size: 134217728 bytes. [] []
[2026-07-18T19:43:43.871781+00:00] main.WARNING: Memory size allocated for the temporary table is more than 20% of innodb_buffer_pool_size. Please update innodb_buffer_pool_size or decrease batch size value (which decreases memory usages for the temporary table). Current batch size: 100000; Allocated memory size: 50000000 bytes; InnoDB buffer pool size: 134217728 bytes. [] []
[2026-07-18T19:43:43.890748+00:00] main.WARNING: Memory size allocated for the temporary table is more than 20% of innodb_buffer_pool_size. Please update innodb_buffer_pool_size or decrease batch size value (which decreases memory usages for the temporary table). Current batch size: 100000; Allocated memory size: 50000000 bytes; InnoDB buffer pool size: 134217728 bytes. [] []
[2026-07-18T19:43:43.928237+00:00] main.WARNING: Memory size allocated for the temporary table is more than 20% of innodb_buffer_pool_size. Please update innodb_buffer_pool_size or decrease batch size value (which decreases memory usages for the temporary table). Current batch size: 100000; Allocated memory size: 50000000 bytes; InnoDB buffer pool size: 134217728 bytes. [] []
[2026-07-18T19:43:43.945930+00:00] main.WARNING: Memory size allocated for the temporary table is more than 20% of innodb_buffer_pool_size. Please update innodb_buffer_pool_size or decrease batch size value (which decreases memory usages for the temporary table). Current batch size: 100000; Allocated memory size: 50000000 bytes; InnoDB buffer pool size: 134217728 bytes. [] []
[2026-07-18T19:43:48.095080+00:00] main.WARNING: Memory size allocated for the temporary table is more than 20% of innodb_buffer_pool_size. Please update innodb_buffer_pool_size or decrease batch size value (which decreases memory usages for the temporary table). Current batch size: 1000; Allocated memory size: 30000000 bytes; InnoDB buffer pool size: 134217728 bytes. [] []
